:020000040800F2
:10000000402C00202D0200085157000861460008CE
:1000100001570008BD1800085D68000800000000D6
:10002000000000000000000000000000C96000089F
:10003000B11B000800000000E75E00081161000825
:10004000470200084702000847020008470200086C
:10005000470200084702000847020008470200085C
:10006000470200084702000847020008470200084C
:10007000470200084702000847020008470200083C
:10008000470200084702000847020008470200082C
:10009000470200084702000847020008B31B000897
:1000A000470200084702000847020008470200080C
:1000B00047020008470200084702000847020008FC
:1000C00047020008470200084702000847020008EC
:1000D000470200084702000847020008F9670008C5
:1000E00047020008470200084702000847020008CC
:1000F00047020008470200084702000847020008BC
:1001000047020008470200084702000847020008AB
:1001100029640008416400084702000847020008FB
:100120004702000847020008491900084702000872
:1001300000F002F800F06AF80AA090E8000C82448F
:100140008344AAF10107DA4501D100F05FF8AFF26C
:10015000090EBAE80F0013F0010F18BFFB1A43F0A5
:1001600001031847DCCF0000FCCF00000A444FF029
:10017000000C10F8013B13F0070408BF10F8014B06
:100180001D1108BF10F8015B641E05D010F8016B4B
:10019000641E01F8016BF9D113F0080F1EBF10F8AF
:1001A000014BAD1C0C1B09D16D1E58BF01F801CBD2
:1001B000FAD505E014F8016B01F8016B6D1EF9D555
:1001C0009142D6D37047000000230024002500266A
:1001D000103A28BF78C1FBD8520728BF30C148BFAA
:1001E0000B60704766290BF09081642900F08680CF
:1001F000002070471FB500F0DDFC04000020002146
:1002000009F0D6FFE0601FBD10B510BD00F0D6FDAF
:100210001146FFF7EFFF08F05BF900F0F4FD03B4BF
:10022000FFF7F2FF03BC06F035FC000009488047E9
:1002300009480047FEE7FEE7FEE7FEE7FEE7FEE7C8
:10024000FEE7FEE7FEE7FEE704480549054A064BE0
:10025000704700008F61000831010008402600202F
:10026000402C00204028002040280020704710B576
:100270004C1084EA530404D54042C1F1000138BF58
:10028000491E1B4204D55242C3F1000338BF5B1E16
:1002900000F078F914F0804F04D04042C1F1000121
:1002A00038BF491E14F0004F04D05242C3F100037E
:1002B00038BF5B1E10BD00000FB4044910B503AA7F
:1002C000029800F065FC10BC5DF814FB780000207B
:1002D0000FB41CB5084B06AA7B44694600900598EC
:1002E00000F03DFC04460020694600F04BFC20462F
:1002F0001CBC5DF814FB0000A90800002DE9F041CA
:100300000646002410687529314616A510D0AFF3B3
:100310000080002802DA404213A507E031688A070E
:1003200001D512A502E0490704D511A5012401E079
:10033000AFF3008000210A2206F1240709E0B0FB98
:10034000F2FCB0FBF2F302FB1C003030785418468C
:10035000491C0028F3D123462A463046BDE8F04127
:1003600000F092B9000000002D0000002B000000FA
:10037000200000002DE9F0474FF0000A89460446AE
:10038000C0F820A02046E1688847002876D02528BC
:1003900006D0D4E901219047206A401C2062F1E791
:1003A000E168204600258847C4F81CA006460027BF
:1003B000C4F818A02A2E09D0304606F064FB38B3E2
:1003C00004EB8708303EC8F8186019E059F8041BA0
:1003D000204604EB87029161E1688847012F0646B9
:1003E00018D1E069002820DA25F020051DE0D8F8B2
:1003F000180000EB800006EB40003038C8F8180009
:100400002046E1688847064606F03DFB0028EED10D
:10041000012F0AD02E2E08D12046E16888477F1C84
:100420000646022F45F02005C4DBA069002803DA48
:10043000404245F00105A061E80701D025F0100514
:10044000B6B1A6F14100192802D8203645F400655E
:100450004A463146204625604D46FFF7C3FE58B157
:10046000012806D0ED1D25F0070000F1080989E7F5
:1004700004E005F1040985E730468AE7206ABDE813
:10048000F08740EA010310B59B070FD1042A0DD372
:1004900010C808C9121F9C42F8D020BA19BA884265
:1004A00001D9012010BD4FF0FF3010BD1AB1D307A4
:1004B00003D0521C07E0002010BD10F8013B11F8DA
:1004C000014B1B1B07D110F8013B11F8014B1B1B03
:1004D00001D1921EF1D1184610BD02F0FF0343EA8C
:1004E000032242EA024200F002B84FF0000204295F
:1004F000C0F0128010F0030C00F01B80CCF1040C53
:10050000BCF1020F18BF00F8012BA8BF20F8022B86
:10051000A1EB0C0100F00DB85FEAC17C24BF00F82C
:10052000012B00F8012B48BF00F8012B70474FF05A
:10053000000200B5134694469646203922BFA0E833
:100540000C50A0E80C50B1F12001BFF4F7AF09073F
:1005500028BFA0E80C5048BF0CC05DF804EB890030
:1005600028BF40F8042B08BF704748BF20F8022B73
:1005700011F0804F18BF00F8012B7047704770478B
:100580007047704753EA020C00F069802DE9F04B88
:100590004FF00006002B1FBFB3FA83F503FA05F4F2
:1005A00024FA05F65E4012BF1643B2FA82F502FA4B
:1005B00005F4C5F120051EBF22FA05FC44EA0C042F
:1005C000203556EA044C4FEA144418BF641C4FF01F
:1005D00000084FF00009904271EB030C39D3002959
:1005E00019BFB1FA81F701FA07F6B0FA80F700FAFD
:1005F00007F6C7F120071EBF20FA07FC46EA0C06E3
:100600002037B6FBF4FCA7EB0507103F07F01F0BE4
:10061000CBF120060CFA0BFB2CFA06F644BFB346CE
:100620000026202FA4BF5E464FF0000B5BEA060CAD
:1006300008BF4FF0010B19EB0B09ABFB027C48EB39
:100640000608C01B06FB02CC0BFB03CC71EB0C01B4
:10065000C1E70B46024641464846BDE8F08B13B55C
:100660004FF000004FF00001AFF30080BDE81C40E8
:10067000704710B500F0A2FA006810BD10B504462E
:1006800000F09CFA046010BD2DE9F0470D46994634
:100690009246044600F124080168880604D5E06902
:1006A00021F01001216000E00120A84201DD471B7C
:1006B00000E00027A1697A1902EB0900081AA0617D
:1006C0002078C00602D42046AFF30080002608E060
:1006D000D4E901211AF806009047206A401C761CD4
:1006E00020624E45F4DB2078C0060AD52046AFF3E1
:1006F000008006E0D4E9012130209047206A401CA8
:100700002062381EA7F10107F4DC07E0D4E90121DB
:1007100018F805009047206A401C2062281EA5F1A9
:100720000105F3DC2046AFF300802078000602D5F7
:100730000220BDE8F0870120FBE770472DE9FF4F5D
:100740000C461E464FF0FF378BB0D2E90001DDF8B2
:1007500060800A908A46C1F30A5505B93D460021DA
:1007600008464FF00000BAF1000F00F4400005DA2F
:1007700000EB80004FF4400101EA50004FEA90592D
:10078000B9F1010F00DDB9460A9850EA4A000ED0CF
:1007900044F61050A5F2FF3545432F14B8F1000F71
:1007A0001ED07542291E1EDDC9F100021CE0B8F101
:1007B000010F4FF0000001D0302103E0F24305E0CB
:1007C0002154401CB042FBDB304600220021215462
:1007D0000B99C1F80880C1E900200FB0BDE8F08F87
:1007E000BD1B6D1CDEE74A4600DA694206A800F030
:1007F0006FFA06AB93E8070003AB83E807005046A7
:100800000A9900F049FB8DE80700A0F500501F3859
:1008100000900398002D09DD42F21F014A4608446A
:1008200003A90390684600F0A8FD08E0A0F5005079
:100830004A461F3803A90390684600F0B2FD8DE8D0
:1008400007000004000C03D04FF0FF30410800E027
:100850001046B8F1000F03D00022009215461EE0AA
:10086000751E05D400F0AEF9303262556D1EF9D513
:10087000B3460122084302D000227F1C04E0207806
:10088000302801D100227F1E002A099786D01DE062
:10089000112D07DA00F096F9303262556D1C50EADE
:1008A0000102F5D1084302D00098C8B10EE0002142
:1008B000681E05E0235C625C63542254401E491CA0
:1008C0008142F7DBAB46A81B401E0990002004F8CC
:1008D0000B000B98099AC0F80880C0E9002B7CE750
:1008E00011264FF0000859E72DE9F04F88460446DD
:1008F000D21D22F0070191B0D1E90001CDE90A0132
:1009000006F006F802460B98C00F01D02D2007E034
:100910002068810701D52B2002E0202101EAC000D8
:10092000032A099001D0072A05DB034641462046E9
:1009300000F08EF90BE12078800601D5E06900E037
:100940000620B8F1650F814606D0B8F1660F18D0C1
:10095000B8F1670F70D131E00020B9F1110F0090AC
:1009600001DB112301E009F101030AAA01A90CA886
:10097000FFF7E4FEDDE90C70002609F1010583466E
:1009800047E001204B4600904FF000470AAA01A91A
:100990000CA8FFF7D3FEDDE90DB00C995D460026EB
:1009A00010B909F101000D18B9EB050003D4C0F12D
:1009B000FF3609F10105A5EB09002BE0B9F1010FA4
:1009C00001DA4FF001090020B9F1110F00904846FB
:1009D00001DD112300E003460AAA01A90CA8FFF7D4
:1009E000ADFEDDE90C704D460026834620780007F9
:1009F0000AD4AB4500DA5D4601A8012D04DD41199A
:100A000011F8011C302907D04F4502DA17F1040F05
:100A100004DA012082460FE06D1EEEE7002F02DCB3
:100A2000ED1B3E4403E0781CA84200DD7D1CB81B92
:100A300000F1010A4FF000472078000703D4AA45CF
:100A400001DB4FF0FF3A0021B7F1004F0DF14308F1
:100A50008DF8431024D002202B23002F01DA7F428F
:100A60002D230A21021EA0F1010000DC5FB197FBDB
:100A7000F1FC97FBF1F201FB1C7C17460CF1300CEA
:100A800008F801CDEEE7A8F10100037021880905FF
:100A900001D5452100E06521A0F1010800F8011C05
:100AA00009980FA9A1EB0807FF1D00B1012041190A
:100AB00001EBEA70A1693844081A401EA061207851
:100AC000C00602D42046AFF30080099828B1D4E9CB
:100AD00001219047206A401C20622078C00622D560
:100AE0002046AFF300801EE0002E04DBB34502DD9C
:100AF00001A8805D00E03020D4E901219047206A00
:100B0000401C2062761CAAF101005FEA000A0AD1AB
:100B100000F050F8C0680168405CD4E901219047BA
:100B2000206A401C2062281EA5F10105DCDC07E0DC
:100B3000D4E9012118F8010B9047206A401C20627B
:100B4000381EA7F10107F3DC2046AFF30080032035
:100B500011B043E601694A1C02610878704700B58C
:100B60008FB0CDE901310021059105497944CDE9E6
:100B7000031011466846FFF7FDFB0FB000BD0000F3
:100B8000E5FFFFFF0A6802F8010B0A6070470000EA
:100B9000074B70B50D467B44FFF7E1FF044628463E
:100BA00000F004F910B14FF0FF3070BD204670BD69
:100BB000BB72000000487047FC25002000487047C9
:100BC000DC25002030B5B0F10A024FEA900E71F139
:100BD00000034EEA817EB0EB0E0061EB91014FEA1B
:100BE000101E4EEA017E10EB0E0041EB11114FEA90
:100BF000102E4EEA016E10EB0E0041EB11214FEA70
:100C0000104E4EEA014E10EB0E0041EB1141401820
:100C100041F100014FEAD00040EA41704FEAD101B2
:100C200010EB80054FEA810444EA907444EB010420
:100C30006D1944EB0404521BA3414FF0000348BF5D
:100C40000A3200D530BD401C41F1000130BD00002A
:100C50002DE9F0411F46044603260168072A01F4E6
:100C6000006004DB08B116A505E016A503E008B195
:100C700015A500E015A521F010002060A069C01E98
:100C8000A0610FB1401EA0612046AFF300804FB1BC
:100C9000D4E9012138469047206A401C2062C01CDC
:100CA000206206E0206AFAE7D4E9012115F8010B79
:100CB0009047761EF8D22046AFF30080BDE8F08161
:100CC0004E414E006E616E00494E4600696E6600F0
:100CD0002DE9F047814616468AB0334878440DC85E
:100CE0008DE80D0030487844801C03AC0DC884E8C2
:100CF0000D0041F69B300844372190FBF1F290FB48
:100D0000F1F5A5F1800501FB12041B3C02D56442FC
:100D1000012000E00020DFF890A080460027FA4480
:100D2000AAF1BE0A0DE0E00709D03246684607EB9B
:100D300047010AEB810100F034FB8DE807006410E5
:100D40007F1C002CEFD1184F7F44AC3F18E0E80720
:100D500014D007EB04100DF1180A90E80E008AE891
:100D60000E00C068F04201D198190890324606A9D9
:100D700003A800F016FB03AB83E807006D10641CAA
:100D8000002DE4D132466946B8F1000F03A802D025
:100D900000F0F3FA01E000F004FBC9E90001C9F832
:100DA00008200AB0BDE8F08754C30000007B00F0C3
:100DB0008000704700487047DC2500207546FFF72B
:100DC000F9FFAE4605006946534620F00700854608
:100DD00018B020B5FFF738FABDE820404FF0000604
:100DE0004FF000074FF000084FF0000B21F0070113
:100DF000AC46ACE8C009ACE8C009ACE8C009ACE856
:100E0000C0098D46704710B50446AFF300802046F8
:100E1000BDE81040FFF703BA4FF0013C50F8042B37
:100E200051F8043B9A4221D1A2EB0C03934313EAFD
:100E3000CC1317D150F8042B51F8043B9A4215D12A
:100E4000A2EB0C03934313EACC130BD150F8042B01
:100E500051F8043B9A4209D1A2EB0C03934313EAE5
:100E6000CC13DBD04FF00000704700BFD01A01BA9E
:100E7000B1FA81F101F0180122FA01F0CB40C1F181
:100E80002001DBB2C0B2C01A2CFA01F3D11A91438F
:100E900011EAC311E6D170475FEA400C08BF91F038
:100EA000000F4FEA8C234FEAC12243EA51514FEA27
:100EB0001C5018BF00F5F0404FEA300018BF41F059
:100EC00000415FEA6C5C00F02980BCF1FF3F08BF85
:100ED00040F080407047130C06BF12044FF0100C16
:100EE0004FF0000C130E04BF12020CF1080C130F8C
:100EF00004BF12010CF1040C930F04BF92000CF11B
:100F0000020CD30F04BF52000CF1010C11464FF03C
:100F10000002A0F11F00A0EB0C00704711F0004F81
:100F200008BF704731F000413FF4D5AF0B0C06BF4E
:100F300009044FF0100C4FF0000C0B0E04BF090217
:100F40000CF1080C0B0F04BF09010CF1040C8B0F02
:100F500004BF89000CF1020CCB0F04BF49000CF157
:100F6000010CCCF12003A0EB0C0022FA03F302FAEF
:100F70000CF241EA030100F10100704720F07F4CC0
:100F800080EA030023F07F47ACEB070303F57C53B3
:100F900000F0004003F1FF032DE980494FEA154BB3
:100FA00009B44FEA144325EA0B4E24EA03480FF232
:100FB000042606EB132749083E785FEA320203FB5A
:100FC0000667C7F5000707FB06F64FEA54374FEAF6
:100FD000D64606F1020607FB066CCCF1005C4FEA30
:100FE0001C472CEA074C07FB06F40CFB06F504EB48
:100FF00015464FEA961634BF00204FF000404FEAE6
:10100000D13706FB07FC4FEA1C4C0CFB0BF7D21B3D
:1010100003FB0CF761EB07010CFB0EF7B0EB07408D
:1010200072EB17420CFB08F734BFA2EB0742B2EB9E
:10103000074261EB17414FEA0C444FEA910706FB68
:1010400007FC4FEA1C4C0CFB0BF7B0EBC74072EBF4
:10105000573203FB0CF734BFA2EBC742B2EBC742D7
:1010600061EB57310CFB0EF7B0EBC70072EB577218
:101070000CFB08F734BFA2EBC702B2EBC70261EB6F
:101080005771039F4FEA816141EA921104EBCC044E
:101090004FEAD1374FEA826206FB07FC42EA901220
:1010A0004FEA80604FEA1C4C0CFB0BF7D21B03FB92
:1010B0000CF761EB07010CFB0EF7B0EB074072EB8E
:1010C00017420CFB08F734BFA2EB0742B2EB074212
:1010D00061EB17414FEA8C554FEA910704EB9C24D2
:1010E00006FB07FC4FEA1C4C0CFB0BF7B0EBC740B0
:1010F00072EB573203FB0CF734BFA2EBC742B2EBE3
:10110000C74261EB57310CFB0EF7B0EBC70072EB37
:1011100057720CFB08F734BFA2EBC702B2EBC70251
:1011200061EB577115EB4C254FEA816141EA921151
:101130004FEA82624FEAD13742EA901206FB07FC7F
:1011400044F100044FEA80604FEA1C4C0CFB0BF7A3
:10115000D21B03FB0CF761EB07010CFB0EF7B0EBA6
:10116000074072EB17420CFB08F734BFA2EB0742B3
:10117000B2EB074261EB174115EB1C154FEA8131C9
:1011800041EA92414FEA823242EA90424FEA80308D
:101190004FEA0C7644F1000448EA03434EEA0B4858
:1011A0004FF0000EB2EB080C71EB030724BF624650
:1011B00039464EEB0E0E4FF0000B001852414941DC
:1011C0004BEB0B0BB2EB080C71EB03077BF1000B45
:1011D00024BF624639464EEB0E0E4FF0000B00184E
:1011E000524149414BEB0B0BB2EB080C71EB03077F
:1011F0007BF1000B24BF624639464EEB0E0E51EADE
:10120000020718BF46F0010616EB0E7655F10002F4
:1012100054F1000103D5BDE88901BDE80088BDE8AF
:101220008901BDE80048B619524141EB0101A3F123
:101230000103704780807F7E7D7C7B7A797877762A
:1012400076757473727171706F6E6E6D6C6C6B6AA3
:101250006A69686867666665646463636261616041
:10126000605F5F5E5E5D5D5C5C5B5B5A5A595958BE
:101270005857575656555555545453535252525128
:10128000515050504F4F4F4E4E4D4D4D4C4C4C4B7E
:101290004B4B4A4A4A4949494848484747474746C5
:1012A0004646454545444444444343434342424201
:1012B00042414141002B26D4770021D01CB54FEA92
:1012C000370703B44FF010004FF010014FF000004B
:1012D0000FBCBDE810400BF1010BBBF1010F08BFC3
:1012E0005FEA170722BF12F1010211F101014FF06D
:1012F000004143F1000300F0004043EA0000704762
:10130000F9D35708DAE746EA064613F1400F4FEAE9
:1013100016461FDD13F1200FDFBF16430A460021DA
:1013200020335B42C8D0C3F1200746EA064602FAE2
:1013300007F74FEA164646EA0706C3F1200722FAE6
:1013400003F201FA07F721FA03F14FF0000342EA32
:101350000702B1E746EA020646EA06464FEA1646A3
:1013600046EA0106BCBF46EA0646360C4FF00003CB
:101370004FF000024FF000019EE72DE9C048934670
:1013800030B491E8380007C831EA400C48BF34EA6D
:10139000430C03D5FFF7F2FDFFF78CFFF0BCBDE86F
:1013A00000882DE9C048934630B491E8380007C85A
:1013B00010F0804F08BF13F0804F03D100F005F804
:1013C000FFF778FFF0BCBDE8008820F07F4780EA97
:1013D000030023F07F4C07EB0C03A3F57C5300F0D4
:1013E0000040A3F1FE0392F0000F00F0B38095F0EF
:1013F000000F00F077802DE901494FEA11404FEAD4
:10140000144621EA004800FB06FC24EA064708FBD4
:1014100006F607FB08F800FB07F718EB06484CEB4D
:10142000164C4FEA124B18EB07484FEA15464CEBA7
:10143000174022EA0B4E0BFB06FC25EA06470EFB83
:1014400006F607FB0EFE0BFB07F71EEB064E4CEBFA
:10145000164C4FF000061EEB074E4CEB174B18EBEB
:101460000B0840F1000018EB0E0B58EB000840F1A0
:1014700000008F1A4FF000013CBFC943661B14BF28
:10148000B5EB040C00213CBFC943F61B4FEA1744DF
:101490004EEA8E0E27EA04454FEA1C4704FB07621A
:1014A0002CEA074C05FB07F70CFB05F604FB0CFCCC
:1014B00016EB074642EB174216EB0C4642EB1C427A
:1014C0001BEB060658EB0202414146EA9E0601D597
:1014D000BDE80189B619524141EB0101A3F10103B5
:1014E000BDE801894FEA14454FEA114724EA054651
:1014F00021EA074C05FB07F406FB07F70CFB06F196
:1015000005FB0CFC11EB074144EB17444FEA124773
:1015100011EB0C4144EB1C4422EA074C05FB07F29B
:1015200006FB07F70CFB06F605FB0CFC16EB074663
:1015300042EB174216EB0C4642EB1C456A1854F17D
:10154000000148BF7047B619524141EB0101A3F1B8
:101550000103704795F0000F37D04FEA11424FEA70
:10156000144721EA024624EA074C02FB07F106FB76
:1015700007F70CFB06F402FB0CFC14EB074441EBF1
:1015800017414FEA154714EB0C4441EB1C4125EA87
:10159000074C02FB07F506FB07F70CFB06F602FB00
:1015A0000CFC16EB074645EB174516EB0C4645EBD6
:1015B0001C42121951F1000148BF7047B61952413F
:1015C00041EB0101A3F1010370474FEA14454FEAD3
:1015D000114724EA054621EA074C05FB07F106FB03
:1015E00007F70CFB06F24FF0000605FB0CFC12EBB4
:1015F000074241EB174112EB0C4251EB1C4148BF33
:101600007047921841EB0101A3F1010370470000FC
:1016100070B5044600688168C943C90717D181685D
:1016200021F00101816001F095FC05460AE000BF50
:1016300001F090FC401B022804D920688068C04358
:10164000C00706D020688068C043C007F0D00020E3
:1016500070BDA06A40F01000A062E06A40F0010096
:10166000E062012070BD0000F8B500260446009637
:1016700000688168C943C9072DD0816841F0010124
:101680008160164816490068B0FBF1F000E0401E8A
:1016900000900028FBD101F05DFC054616E000BF7C
:1016A00001F058FC401B022810D920688068C04314
:1016B000C0070BD0A06A40F01000A062E06A40F0C2
:1016C0000100E06284F824600120F8BD2068806891
:1016D000C043C007E4D10020F8BD0000880000200E
:1016E00040420F002DE9F04F3D48C9B0006809F0B5
:1016F00061FB82463B488B46006809F05BFB8146F4
:1017000039480F91006809F055FB0746374888466D
:10171000006809F04FFB054635480E46006809F0A1
:1017200049FB0E9033480C46006809F043FBCDE9B5
:101730000C013148006809F03DFBCDE90A012F4852
:10174000006809F037FBCDE908012D48006809F071
:1017500031FBCDE906012B48006809F02BFBCDE9F0
:1017600004012948006809F025FBCDE9020127485A
:10177000006809F01FFBCDE900012548006809F069
:1017800019FB0B460F99CDE916ABCDE914910DF17C
:101790003C09024689E8F0011E4918A8FEF798FDA9
:1017A00000281ADDC02800DDC0201B4E002218AB27
:1017B00044F62064371D0EE09D5C214600E0491E82
:1017C000D6F800C05FEA0C6C02D40029F7D101E022
:1017D00001B13D60521C8242EEDB49B0BDE8F08FA2
:1017E00000020020FC010020F8010020F40100208C
:1017F000F0010020380200203402002028020020DE
:1018000024020020140200200C02002048020020C4
:1018100044020020F8D0000800480040F0B52249FA
:101820000022CC7A8B7A27465B1C641C4D7ADBB293
:10183000E6B22B2812D085B30C7A01F1280C641C77
:10184000E4B20CEB850C0C725CF804CC1CF804C000
:1018500084450CD18B72222B06D01CE06D1C4D727E
:101860000A728B72CE7216E08A72CA7211E00E4B47
:10187000203303EB850353F8043C1B5D834203D004
:10188000012D0BD10D2F09D3CE722C2E03D1CA728C
:101890008A724A720A720120F0BD03E08A72CA722B
:1018A0004A720A720020F7E74401002002494FF40F
:1018B000004008607047000014080140FEE7000087
:1018C0002DE9F0410D4C0A4607460B4E10462168A3
:1018D00009F06EFC216B09F099FA0146084809F0FD
:1018E00067FC05463146384609F062FC294609F096
:1018F0008DFA2063BDE8F0810AD7A33C6002002086
:1019000048E17A3F2DE9F0410D4C0A4607460B4E5F
:101910001046216809F04CFC216E09F077FA014667
:10192000084809F045FC05463146384609F040FCB8
:10193000294609F06BFA2066BDE8F0810AD7A33C7E
:101940006002002048E17A3F014800F01DBE00001F
:10195000AC05002030B590F840500124AC40C56B78
:101960006C60046863604368102B036803D099605F
:101970000068C26030BD9A600068C16030BD000080
:10198000F8B5374F002601200096387002466B46A6
:101990007521682006F016FD32A0FEF78DFC9DF83B
:1019A000000068280CD0BFF34F8F37480168374AD2
:1019B00001F4E06111430160BFF34F8F00BFFDE709
:1019C00006F0A6FE002848D1782007F05FFB10B98A
:1019D00024A0FEF771FC782006F0CCFD10B92CA0F5
:1019E000FEF76AFCC82007F011FB10B932A0FEF721
:1019F00063FC05F023FE10B939A0FEF75DFC4548F5
:101A0000044606F041FD0546E01C06F03DFD45EAB2
:101A1000C005A01D06F038FD45EA801080B205F033
:101A2000BDFF10B93CA0FEF747FC40F2731005F073
:101A3000DDFC10B942A0FEF73FFCC82005F016FF00
:101A400010B949A0FEF738FC08F0A4FA012007F00D
:101A500003FA10B94DA0FEF72FFC3E70F8BD000050
:101A6000080000206D70755F7365745F73656E7339
:101A70006F7220636F6D706C657465202E2E2E2E34
:101A80002E2E0D0A000000000CED00E00400FA0507
:101A90006D70755F636F6E6669677572655F6669A5
:101AA000666F20636F6D706C657465202E2E2E2E10
:101AB0002E2E0D0A000000006D70755F7365745F57
:101AC00073616D706C655F7261746520636F6D70BA
:101AD0006C657465202E2E2E2E2E2E0D0A00000011
:101AE000646D705F6C6F61645F6D6F74696F6E5F62
:101AF0006472697665725F6669726D77617265207E
:101B0000636F6D706C657465202E2E2E2E2E2E0D3B
:101B10000A000000F8000020646D705F7365745F58
:101B20006F7269656E746174696F6E20636F6D703A
:101B30006C657465202E2E2E2E2E2E0D0A000000B0
:101B4000646D705F656E61626C655F66656174751A
:101B5000726520636F6D706C657465202E2E2E2E5D
:101B60002E2E0D0A00000000646D705F7365745FB7
:101B70006669666F5F7261746520636F6D706C6516
:101B80007465202E2E2E2E2E2E0D0A006D70755F80
:101B90007365745F646D705F737461746520636FE7
:101BA0006D706C657465202E2E2E2E2E2E0D0A0063
:101BB00070474FF4007001F0BFB872B6FEE7000046
:101BC0000EB50B2801D00F2800D100900120019004
:101BD000072002906946074800F0DCF9054800F04C
:101BE000B7FB0A21034800F015FB024800F050FA49
:101BF00080B20EBD340300202DE9F04100250E46D1
:101C000007462C4608E03846FFF7DAFF0544012076
:101C100005F0B4FB641CE4B2B442F4D3B5FBF6F0B7
:101C200080B2BDE8F08100002DE9FE4FDFF8089298
:101C3000DFF80882DFF808A2DFF808B2824D012839
:101C40007ED04421D02002F00CFD04464321D02058
:101C500002F007FD04EB00207C4C4621E081D020FF
:101C600002F0FFFC06464521D02002F0FAFC06EB0C
:101C7000002060824821D02002F0F3FC0646472174
:101C8000D02002F0EEFC06EB002020823C21D02088
:101C900002F0E7FC06463B21D02002F0E2FC06EB16
:101CA000002020813E21D02002F0DBFC06463D21B1
:101CB000D02002F0D6FC06EB0020A0804021D020EE
:101CC00002F0CFFC06463F21D02002F0CAFC06EB12
:101CD000002007B2E780B4F90E60704209F008FAFC
:101CE000C8F80000B4F9080008F0EDFCDFF86081E6
:101CF000584B424608F060FB08F070FA0290B4F9C5
:101D0000040008F0E0FC4246524B08F055FB08F096
:101D100065FA0190384608F0D6FC42464D4B08F073
:101D20004BFB08F05BFA0090304608F0CCFCDFF883
:101D300028814FF066373A46434608F03DFB00E005
:101D400016E008F04BFA0646B4F9120008F0BBFCA6
:101D50003A46434608F030FB08F040FA07463F4851
:101D6000DFF8FC800078022818D003283ED052E02B
:101D700004F0BAF83B4C2968C9F80010B4F9000027
:101D800009F0B6F9C8F80000B4F9040009F0B0F998
:101D9000CAF800003448B0F9040047E0DDE900105B
:101DA00086F0004202F080FE09F004F8304E2F4A1F
:101DB000334608F001FB00222E4B08F0EBFC08F044
:101DC0000DFA28603A460099029802F099FF08F04F
:101DD000F1FF264A334608F0EFFA0022254B08F0BF
:101DE000D9FC08F0FBF9C8F8000014E0B4F90A00C7
:101DF00009F07EF93146FFF763FD80F0004028606E
:101E0000B4F90C0009F074F93946FFF77BFD80F056
:101E10000041C8F800102968C9F80010B4F9100092
:101E200009F066F9CAF80000B4F9060009F060F993
:101E3000CBF80000BDE8FE8F6000002064000020A9
:101E40006800002070000020E4000020A4010020B1
:101E50008FC2F5285C1F9A40665E8D40000000200E
:101E6000E0000020EC000020F2000020F1D4C85374
:101E7000FB2109400080664010B50B20FFF7A0FE53
:101E800008F038FC4FF06632094B08F083FC002262
:101E9000084B08F07FFC0022074B08F07BFC6FF03A
:101EA0000B0209F066FBBDE8104008F0DDBB000046
:101EB00066660A400000264000005940F8B500253B
:101EC0000446009590F8240001280BD0012084F8E6
:101ED00024002046FFF79CFB2046FFF7C5FB0600C9
:101EE00002D050E00220F8BDA06A20F4885040F0F3
:101EF0000200A062022001F0CFF825490968B1FB79
:101F0000F0F0400000E0401E00900028FBD1206867
:101F1000816841F00801816001F01CF8074608E083
:101F200001F018F8C01B0A2803D920688068000750
:101F300015D4206880680007F2D42068816841F0D9
:101F40000401816001F006F8074612E001F002F892
:101F5000C01B0A280DD920688068400709D5A06AEF
:101F600020F0020040F01000A06284F8245001200C
:101F7000F8BD206880684007E8D4A06A20F002001D
:101F800040F00100A06284F824503046F8BD000003
:101F900088000020F8B50024009490F824202546FD
:101FA000012A12D0012280F824204A681F23072A20
:101FB0000DD20668776B521E02EB820293409F435C
:101FC0000B6893401F43776319E00220F8BD066851
:101FD0000D2A0AD2376BD21F02EB820293409F4335
:101FE0000B6893401F43376309E0F76A0D3A02EB31
:101FF000820293409F430B6893401F43F7620A6835
:10200000072306680A2A0AD3F7680A3A02EB420253
:1020100093409F438B6893401F43F76008E0376904
:1020200002EB420293409F438B6893401F4337610A
:102030000A68102A01D0112A20D1124B02689A4254
:1020400017D193681B0219D4936843F4000393607B
:102050000968102912D10C490C4A0968B1FBF2F148
:1020600001EB8101490000E0491E00910029FBD1EC
:1020700004E0816A41F020018162012480F824504B
:102080002046F8BD002401408800002040420F0097
:102090000068C06C704700002DE9F04104004FF06B
:1020A000000514D0A06A002628B9E66284F82460EE
:1020B000204600F083F82046FFF7AAFAA16A01F053
:1020C0001001014304D0A06A40F01000A0626BE050
:1020D000A16A21F4885141F00201A16233492368C9
:1020E0008B42E16904D1B1F5402F01D14FF40021B9
:1020F000277B4FF4807C41EA470261680A43A1686C
:10210000614509D0012907D05FF0000194F814E07F
:10211000BEF1010F02D00AE06146F7E7C7B1A76A36
:1021200047F02007A762E76A47F00107E7625F68A8
:1021300027F469470F435F60236899681C4F394053
:1021400011439960A16861450BD0012909D00CE0C9
:10215000DFF860E0A7690EEB47370F4347F40061F3
:10216000E5E7218A0D05A5F580152168CB6A23F4E2
:1021700070032B43CB62216889680F4B1940914251
:1021800008D1E662A16A21F0020141F00101A162D9
:10219000BDE8F081A06A20F0020040F01000A062CB
:1021A000E06A40F00100E0620120F1E7003C0140FC
:1021B000FDF7E1FF00E0FFFFFE0E1FFF00B585B059
:1021C0000021009101910291039100680E4988421B
:1021D00018D10E48816941F480618161816901F4FF
:1021E00080610491816941F01001816180696946D3
:1021F00000F0100004902220009003200190044879
:1022000000F0A6FD05B000BD00280140001002400E
:10221000001001402DE9F84300270D4604460097C1
:1022200000F098FE804620688168C90508D5A06A3C
:1022300040F02000A06284F824700120BDE8F883FB
:102240004168C90503D4C06A10F4700F2AD0022077
:1022500000F022FF3B490968B1FBF0F620680369F2
:1022600039490B424FEA61014FEAA1121FD1C368FD
:102270004FEA611C13EA0C0F19D103690B4225D1F7
:10228000C068104222D1142023E0681C0AD02DB16E
:1022900000F060FEA0EB0800A84203D920680068A7
:1022A000800725D5206800688007EED52DE00369FA
:1022B0000B4202D1C168114206D0026923490A4289
:1022C00006D1C068084203D1542002E0292000E072
:1022D000FC204643009816E0681C11D02DB100F098
:1022E00039FEA0EB0800A8420AD90098B04207D2F4
:1022F000A06A40F00400A06284F8247003209DE7E7
:102300000098401C0090B042E6D321686FF01200A4
:102310000860A06A40F40070A06220688068C0F382
:10232000424007280CD1207B50B9A06A20F480706D
:10233000A062A06AC00403D4A06A40F00100A062B9
:1023400000207BE788000020244992244992240041
:1023500070B5044690F8240001280DD0012084F8BF
:1023600024002046FFF780F902004FF0000005D05E
:1023700084F82400104670BD022070BDA16A40F2AE
:102380000123994341F48071A1621F4D23681F49C5
:10239000AB4218D10E6816F4702F14D0A66A46F41A
:1023A0008016A6620E68760505D5A66A26F4005644
:1023B00046F48056A662A66AF6040AD5E66A26F0B6
:1023C0000606E66206E0A66A26F48016A6625E6845
:1023D000E9E7E06284F824006FF0020018602068EA
:1023E0008368C3F34243072B05D1A84208D109688B
:1023F00011F4702F04D0816841F480118160B9E735
:10240000816841F4A001F9E700280140042401405B
:1024100010B590F821100022022905D00421816313
:1024200080F82020012010BD01680B6823F00E0306
:102430000B6001680B6823F001030B6090F84030DB
:10244000C46B012101FA03F3636080F8211080F866
:102450002020104610BD00002DE9F05F90F82110FB
:102460000024022903D004218163012485E001684E
:102470000A6822F00E020A6001680A6822F001026E
:102480000A603F4E3E4FB215DFF8F4C0DFF8F0901F
:10249000DFF8ECA0DFF8E8B0DFF8E4E00168783FAF
:1024A00013011502ACF1640CA9F15009AAF13C0A20
:1024B000ABF1280BAEF1140E4FF48018B14227D9BE
:1024C000B9420ED0614512D049451DD0514518D0B2
:1024D000594518D0714501D1424615E0294EB14207
:1024E00001D1012210E0274E1436B14201D1102251
:1024F0000AE0244E2836B14206D0224A3C329142AC
:1025000001D11A4600E02A461E49091F0A602BE045
:10251000B94213D0614517D0494522D051451DD04D
:1025200059451DD0714501D142461AE0B14202D150
:102530004FF0807215E0134EB14201D1012210E03C
:10254000104E1436B14201D110220AE00D4E283649
:10255000B14206D00B4A3C32914201D11A4600E00A
:102560002A46074980394A60012180F8211000215C
:1025700080F82010416B01B188472046BDE8F09FEC
:1025800080000240080402402DE9F05FC16B0A6838
:1025900001680B68046C4FF0040808FA04F8844DD5
:1025A000844E854FDFF814C2DFF81492DFF814A2CE
:1025B000DFF814B2DFF814E218EA020F65D05FEA20
:1025C000437862D50A68920603D40A6822F00402AE
:1025D0000A60DFF8F0814FF48062016808F11408A6
:1025E00013011402414524D9A9420DD0B1420FD0A4
:1025F000B9421AD0614515D0494515D0514501D190
:10260000120312E0594501D104220EE0714501D1B7
:1026100040220AE06D4D1435A94206D06B4A28329B
:10262000914201D11A4600E022466749091F0A601B
:1026300029E0A94213D0B14215D0B94220D061455A
:102640001BD049451BD0514502D14FF4800217E001
:10265000414502D14FF0806212E0594501D1042278
:102660000EE0714501D140220AE0584D1435A942CF
:1026700006D0564A2832914201D11A4600E022463D
:102680004B4908394A60C16A71E04FF0020808FA04
:1026900004F818EA020F70D05FEA83786DD50A68F3
:1026A000920606D40A6822F00A020A60012180F824
:1026B0002110DFF810814FF40072016808F114084E
:1026C00013011402414524D9A9420DD0B1420FD0C3
:1026D000B9421AD0614515D0494515D0514501D1AF
:1026E000120312E0594501D102220EE0714501D1D9
:1026F00020220AE0354D1435A94206D0334A28324B
:10270000914201D11A4600E022462F49091F0A6072
:1027100029E0A94213D0B14215D0B94220D0614579
:102720001BD049451BD0514502D14FF4001217E090
:10273000414502D14FF0007212E0594501D1022209
:102740000EE0714501D120220AE0204D1435A94246
:1027500006D01E4A2832914201D11A4600E0224694
:10276000134908394A60002180F82010816A002945
:102770001CD0BDE8F05F0847FFE70825A5401542DB
:1027800014D01A0712D50A6822F00E020A6090F8D7
:102790004020C36B012101FA02F25A60816380F884
:1027A0002110002180F82010016BE0E7BDE8F09FC8
:1027B000080002401C000240300002404400024079
:1027C000580002406C000240080402401C04024011
:1027D00030B560B11A4B026814219A4209D2194BE4
:1027E0001344B3FBF1F18900016417490AE00120A9
:1027F00030BD134B5B421344B3FBF1F1890001641C
:102800000F490839C163022180F82110136843F68B
:10281000F0718B43F0E901142143D0E902452C43C8
:1028200021430469214344692143846921431943B5
:10283000116000214163012242770177084630BDD3
:1028400008040240F8FFFDBF0000024070B50446D6
:1028500090F82000002501280CD0012084F82000E9
:1028600094F821600020012E06D084F82000022573
:10287000284670BD022070BD022684F82160A06346
:102880002068066826F0010606602046FFF762F819
:10289000E06A00282068016802D041F00E0106E0DD
:1028A00021F0040101602068016841F00A01016023
:1028B0002068016841F001010160D9E72DE9F04F7E
:1028C0008BB0B0F5007F44D1042003F0E5FBF24D5E
:1028D0002860082003F0E0FBF04F40421E213860E2
:1028E0000F20FFF789F9EE49EE4C0880A078E8B197
:1028F0000020A070EC480078FFF796F92078401C83
:10290000207002F0FFFEE9480168B1F57A7F02DA33
:102910000168491C0160A0780026012808D0E4491C
:102920000868642818DBE348066017E00120E0E748
:10293000FFF7A2FA2063616B491C6163A26B6429F3
:102940001044A06305D190FBF1F1DB480160A66360
:1029500066630BB0BDE8F08F401C0860286808F083
:10296000C7FBD64908F0C6FA08F024FAD44AD54B7A
:1029700007F010FF012208F0FCFD4FF08042D24B1F
:1029800007F01AFD07F02AFC0546A06708F012FAC6
:102990000022CE4B07F0FEFE4FF0FF3208F0E9FDBB
:1029A00007F01CFCCA49DFF82C93834608604946AF
:1029B000284608F0FDFBBB4D8035296808F026FA53
:1029C00082462860386808F093FBBC4908F092FA08
:1029D00008F0F0F9BA4ABB4B07F0DCFE012208F020
:1029E000C8FD4FF08042B84B07F0E6FC07F0F6FB5D
:1029F0008046E06708F0DEF90022B44B07F0CAFE1B
:102A00004FF0FF3208F0B5FD07F0E8FBB24907468A
:102A100008604946404608F0CBFB696808F0F6F9C3
:102A2000814668603946584608F0F0F908F0C2F966
:102A3000AA4AA54B07F0AEFE4FF0FF3208F099FD11
:102A4000DFF89CB207468846DBF8000008F0B2F9D0
:102A50003A46434607F0F4FB07F0C0FBCBF8000012
:102A6000A148A0490068009008F044FA08F0A2F9D3
:102A7000934A944B07F08EFE07F0B0FB28629C4807
:102A80009A49006808F036FA08F094F9994A9A4B86
:102A900007F080FE07468846686A08F08BF93A46D8
:102AA000434607F0CDFB07F099FB804668629348E8
:102AB0000068012768B1924D286850B95046E16C12
:102AC00008F0AEFC60624846216D08F0A9FCA062E7
:102AD0002F60207802287DD1724D267080355046B7
:102AE000A96808F09DFC61698B4608F003FAC5F8F7
:102AF00008A028614846E96808F092FC594608F0A9
:102B0000F9F9C5F80C9068614FF0FF31404608F0C4
:102B10005EFD68626248008808F002FBA16908F067
:102B200075FC784908F044FB009908F06FF96D498D
:102B300008F0E0F908F03EF9614A624B07F02AFE1E
:102B400007F04CFBA0668146E16E08F069FC59462F
:102B500008F0D0F98246606F08F02CF94FF033325C
:102B6000694B07F017FE83468846504608F022F965
:102B7000664A674B07F00EFE5A46434607F060FB75
:102B800007F02CFB2067C4F86C90606702F0E2FD50
:102B90002868029068680390286904906869059025
:102BA000286A0690686A0790A06E0890206F0990C6
:102BB00002A8694605F042FB0221009808F007FDD3
:102BC000804620660221019808F001FD814660667A
:102BD000504900E026E0286A88421FDC4E498842BE
:102BE0001CD2616940468A4608F0E2FA296908F079
:102BF0000DF98046A8615146484608F0D9FA69693E
:102C000008F004F9E8614146A06F01F0D5FEA86222
:102C1000E969E06F01F002FFE86202E06770AE620E
:102C2000EE626E623D48007838B3002002F098F9F9
:102C30003B4C1C4B6542803322462946986A03F080
:102C40004BF9986222462946D86A03F045F935497E
:102C5000D8629A6A0A60344908600146104603F057
:102C600035FA3248D0F834013149134AC0B20870FD
:102C700012680A2A03DA0F7004E06420D6E70028FD
:102C80003FF467AE2B480660001D0660001D06601D
:102C9000001D06605DE600004C0000205000002092
:102CA0001C000020A40100200000002034000020AF
:102CB00028000020240000205C00002000606A47FB
:102CC000F1D4C853FB210940E17A743F00C0504061
:102CD000540200200AD7A33B580200207B14AE47C1
:102CE0005C02002000003443600000203333834145
:102CF0006400002012E7FAA146DF913F3000002077
:102D000074000020EA04B43D3333E33F9A99999963
:102D10009999D93FF90F493FF90F49BF1900002090
:102D20000CE5FFFF54000020580000200000224264
:102D30000400002034040040044910B50A6802422F
:102D400002D00860FFF7BAFD10BD00001404014076
:102D50002DE9F84FDFF8C8910024A9F1040B2346B0
:102D60000F2709F1040AABF1040ED1E00125A540BB
:102D700006EA0502AA4276D1DFF8A8C14E68A6EBA2
:102D80000C0866452BD00DDC032E34D005DC36B3A1
:102D9000012E19D0022E2FD11BE0112E16D0122E8B
:102DA0002AD119E0B8F5881F19D006DCB8F5803FA4
:102DB00015D0B8F5801F1FD111E0B8F5001F0ED057
:102DC000B8F5041F18D10AE0CB6815E0CB681B1DCD
:102DD00012E0CB6808330FE0CB680C330CE08B6853
:102DE0002BB1012B4FF0080303D0456104E004230D
:102DF00002E0056100E00023FF2A01D8064601E059
:102E000000F104064FEA840501D9A5F12005D6F8A2
:102E1000008007FA05FC28EA0C0803FA05F548EAE1
:102E20000508C6F800804D68ED0070D53E4DAE69CE
:102E300046F00106AE61AD6924F0030605F0010518
:102E400000953A4D06EB050CDCF80850A607360F46
:102E500007FA06F825EA0805DFF8D480404503D1D3
:102E60004FF0000825E052E0DFF8C880404502D16D
:102E70004FF001081DE0DFF8C080404502D14FF05F
:102E8000020816E0DFF8B480404502D14FF0030895
:102E90000FE0DFF8AC80404502D14FF0040808E0B5
:102EA000DFF8A080404502D14FF0050801E04FF067
:102EB000060808FA06F848EA0508CCF808804D68C4
:102EC000D9F80060ED024D4601D5164300E0964367
:102ED0002E604D68DAF80060AD02554601D5164304
:102EE00000E096432E604D68DBF80060AD035D4660
:102EF00001D5164300E096432E604D68DEF8006071
:102F0000ED03754601D5164300E096432E60641C20
:102F10000A681646E2407FF429AFBDE8F88F00004A
:102F200008040140000011100010024000000140A0
:102F300000080140000C0140001001400014014055
:102F400000180140001C01400AB1016170470904EA
:102F5000FBE7000001488068704700007C0000200B
:102F60000248816802781144816070477C0000202B
:102F7000074810B5016841F010010160032000F01E
:102F800079F8032000F006F800F024F8002010BDC6
:102F90000020024070B50D4D04464FF47A71287838
:102FA000B1FBF0F00A490968B1FBF0F000F0B2FBA8
:102FB00048B9102C07D200222146501E00F03AF8E2
:102FC00000206C6070BD012070BD00007C000020FE
:102FD000880000200E4808B5816941F00101816137
:102FE000816901F001010091C16941F08051C16125
:102FF000C06900F080500090052000F03BF80548C3
:10300000416821F0E06141F00071416008BD0000BD
:103010000010024000000140002809DB00F01F0200
:10302000012191404009800000F1E020C0F800112A
:1030300070470000F0B40E4B1B680C46C3F302232C
:10304000C3F10705042D00D90425191D072901D254
:10305000002300E0DB1E012606FA05F1491E21408F
:1030600099409E40761E16403143F0BC03F077BC79
:103070000CED00E0064900F0070208684FF6FF0378
:10308000184040EA0220034A1043086070470000DD
:103090000CED00E00000FA0510B501460020284CB8
:1030A00004292FD00BDC012930D0022929D100F0CE
:1030B0006BF96168C1F38131491C49001FE008299F
:1030C00020D010291DD161682268D20119D51D4870
:1030D000C1F38342C903805C0AD56168194AC1F310
:1030E0004041921E515C184AB2FBF1F1484301E0A5
:1030F000164948436168490203D440000321B0FBEC
:10310000F1F010BDBDE8104000F04EB9226AC2F3E4
:103110000121012903D1920701D5C80310BD02295D
:1031200005D1626A920702D549F6404010BD0329D5
:10313000FCD121688903F9D54FF2244010BD00006D
:10314000001002405EB6000800127A0000093D003F
:103150002DE9F84305460078354CC00754D0E069A6
:103160000026C00008D4E06940F08050E061E069CA
:10317000012600F0805000902E480168C90512D445
:103180000168804641F480710160FFF7E3FE074665
:1031900005E000BFFFF7DEFEC01B642823D8D8F887
:1031A0000000C005F6D5206A10F4407021D0A9882F
:1031B00001F4407181421CD0206A1F49012220F491
:1031C00040700A6000220A602062C00711D0FFF739
:1031D000C1FE074641F2883808E000BFFFF7BAFE9B
:1031E000C11B414502D90320BDE8F883206A80074E
:1031F000F4D5206A696820F44070084320621EB14B
:10320000E06920F08050E0612878800705D560688B
:10321000A96820F44040084360602878C00605D5BE
:103220006068696920F48000084360600020DBE783
:103230000010024000700040400442422DE9F04777
:103240000F46050061D0434E306800F00700B842D9
:1032500009D2306820F0070038433060306800F051
:103260000700B84251D128683B4C810712D540076E
:1032700003D5606840F4E06060602878000703D5FB
:10328000606840F4605060606068A96820F0F000F9
:10329000084360602878C00728D06868012810D0EB
:1032A0002168022810D0890700292EDA616821F0F0
:1032B000030101436160FFF74DFE804641F288390A
:1032C0000DE021688903EFE78901EDE7FFF742FE92
:1032D000A0EB0801494502D90320BDE8F0876068EA
:1032E000696800F00C00B0EB810FEFD1306800F09E
:1032F0000700B8420BD9306820F00700384330602F
:10330000306800F00700B84201D00120E5E72878D6
:10331000400705D56068E96820F4E0600843606014
:103320002878000706D56068296920F4605040EAD3
:10333000C100606000F038F86168084AC1F3031109
:10334000515CC8400649086006480068FFF722FE45
:103350000020C2E700200240001002406EB60008C4
:103360008800002080000020044805490068496862
:10337000044AC1F30221515CC84070478800002014
:10338000001002407EB600080448054900684968FC
:10339000044AC1F3C221515CC84070478800002034
:1033A000001002407EB600080E4A51680E4801F037
:1033B0000C03042B11D0082B0FD10C48C1F383430D
:1033C000C903C05C0AD55168084AC1F34041921E46
:1033D000515C054A5043B0FBF1F070470449484343
:1033E000704700000010024000127A004CB600083E
:1033F00000093D002DE9F84F040070D02078C04D41
:10340000C00749D06868C0F38100012807D0686808
:10341000C0F38100022809D16868C00306D5286876
:10342000800339D560680028E7D035E06068B0F5E2
:10343000803F0BD010B1B0F5A02F11D0286820F438
:1034400080302860286820F4802002E0286840F45A
:1034500080302860606890B1FFF77CFD06460AE086
:10346000286840F480202860F0E700BFFFF772FD75
:10347000801B642873D828688003F7D50CE0FFF719
:1034800069FD064605E000BFFFF764FD801B642868
:10349000F0D828688003F7D420789A4E80074FF040
:1034A00001094FF0000839D5686810F00C0F07D0FB
:1034B0006868C0F38100022809D16868C00306D497
:1034C0002868800714D52069012808D110E02069F8
:1034D000B0B1C6F80090FFF73DFD074605E00AE1F0
:1034E000FFF738FDC01B0228C4D828688007F7D52D
:1034F0002868616920F0F80040EAC10028600DE00A
:10350000C6F80080FFF726FD074604E0FFF722FD1E
:10351000C01B022823D828688007F7D4207800072A
:103520002CD57948A169D9B1C0F80090FFF712FDF8
:10353000074604E0FFF70EFDC01B02280FD8686A9B
:103540008007F7D571484FF4FA510068B0FBF1F0ED
:10355000009000BF0098411E0091FAD20EE080E07A
:10356000C0F80080FFF7F6FC074604E0FFF7F2FC26
:10357000C01B022875D8686A8007F7D420784007F6
:1035800060D5E8690027C00008D4E86940F08050A1
:10359000E861E869012700F0805000905C4801680C
:1035A000C90513D40168834641F480710160FFF7B7
:1035B000D1FC824606E000BFFFF7CCFCA0EB0A007E
:1035C00064284ED8DBF80000C005F5D5E068012876
:1035D0000AD008B1052813D0286A20F0010028621B
:1035E000286A20F0040002E0286A40F00100286206
:1035F000E06841F2883B98B1FFF7ACFC82460BE0F3
:10360000286A40F004002862EEE700BFFFF7A2FC42
:10361000A0EB0A0159455AD8286A8007F6D50CE074
:10362000FFF798FC824605E0FFF794FCA0EB0A0147
:1036300059454CD8286A8007F6D41FB1E86920F0B4
:103640008050E861E06988B36968C1F381010229AB
:1036500044D00228C6F8608004D0FFF77BFC044603
:1036600038E034E0FFF776FC074604E0FFF772FC31
:10367000C01B02282BD828688001F7D4206AB0F537
:10368000803F05D16868A16820F400300843686075
:10369000D4E908010843696821F47411084368609B
:1036A000C6F86090FFF756FC044606E025E000BF30
:1036B000FFF750FC001B022809D828688001F7D5C5
:1036C0001BE000BFFFF746FC001B022802D90320C5
:1036D000BDE8F88F28688001F4D40EE00128F7D007
:1036E0006868226A00F48031914204D1616A00F472
:1036F0007010884201D00120EAE70020E8E70000CE
:103700000010024000004242800442428800002033
:103710000070004010B5401EB0F1807F01D3012041
:1037200010BD4FF0E02460610F21601703F017F91E
:103730000020A06107202061002010BD70B590F826
:103740003C20012A2CD0012480F83C40022280F841
:103750003D2003685A689D6822F070060A6832436B
:103760005A60104B02689A420ED00F4B9A420BD00F
:10377000B2F1804F08D00D4B9A4205D00C4B9A42C3
:1037800002D00C4B9A4204D1496825F080031943BA
:10379000916080F83D40002180F83C10084670BDE3
:1037A000022070BD002C01400034014000040040A4
:1037B00000080040000C004010B5040003D094F84D
:1037C0003D0010B107E0012010BD002084F83C004E
:1037D000204600F01FF8022084F83D00211D2068DB
:1037E00002F0D6FC012084F8460084F83E0084F8FC
:1037F0003F0084F8400084F8410084F8420084F8D7
:10380000430084F8440084F8450084F83D0000201B
:1038100010BD000008B500680649884208D1064876
:10382000C16941F00201C161C06900F0020000906D
:1038300008BD0000000400400010024070B50446BE
:1038400090F83C000025012817D0012684F83C6040
:10385000022084F83D002068826822F0770222F47A
:103860007F4282600868502838D00DDC20284FD075
:1038700005DC90B3102811D14AE0022070BD302839
:1038800046D040280AD13BE060282FD070280DD0C8
:10389000B0F5805F03D0B0F5005F12D0012584F849
:1038A0003D60002084F83C00284670BDCB68D1E91B
:1038B0000121206802F0BFFC2068816841F0770197
:1038C00009E0CB68D1E90121206802F0B4FC20684E
:1038D000816841F480418160E1E719E0CA68496884
:1038E000206802F07DFD5021206806E0CA68496822
:1038F000206802F086FD6021206802F0A6FCCEE779
:10390000CA684968206802F06BFD40212068F4E72E
:10391000226801461046F0E72DE9F0410D4604000B
:1039200003D094F83D0018B108E00120BDE8F08113
:10393000002084F83C00204600F040F8022084F883
:103940003D002068816844F2070291438160211D97
:10395000206802F01DFC226890689169166A2B6845
:10396000AF69034340F20330814341EA0721A8686D
:10397000EF6908434FF6FC418843E96840EA0720B5
:10398000014328692F6A000140EA0730084369684B
:103990006D6926F0220646EA0515294393602268E0
:1039A000906154F8460B0162012004F81F09E0758C
:1039B0002076E0762077A0750020B7E700B585B0C7
:1039C000002100910191029103911A4B02681A485B
:1039D000C0219A4213D1C26942F00402C261C26995
:1039E00002F004020492826942F008028261806956
:1039F000009100F0080004906946104815E0104B53
:103A00009A4214D1826942F400528261826902F4BE
:103A100000520492826942F0100282618069009132
:103A200000F01000049069460648FFF791F905B0D0
:103A300000BD00000008004000100240000C0140E2
:103A4000003401400010014070B590F83E6004461B
:103A500090F83F5090F8423090F84320022021B176
:103A600004290ED0012E1BD114E0012E18D1012BF8
:103A700016D184F83E0084F842000122002120681B
:103A800020E0012D0CD1012A0AD184F83F0084F8EE
:103A9000430014E0012D03D1012B01D1012A01D0F3
:103AA000012070BD84F83E0084F83F0084F8420095
:103AB00084F8430001220021206802F0AFFB0122BC
:103AC0000421206802F0AAFB2068016841F001018E
:103AD0000160002070BD000010B586B0002100918B
:103AE00001910291039100681349884221D1134842
:103AF000816941F004018161816901F0040104914F
:103B0000816941F0080181618069022400F00800A8
:103B10000490C020CDE90004694609480394FFF7EA
:103B200017F90320CDE90004694606480394FFF71E
:103B30000FF906B010BD0000000400400010024064
:103B400000080140000C014070B5044690F83C00AC
:103B500000260D4601280FD0012084F83C006AB1F0
:103B6000042A1DD0082A2FD00C2A3FD0012600207D
:103B700084F83C00304670BD022070BD206802F021
:103B80006DFB2068816941F00801816120688169CD
:103B900021F004018161206881692A69114311E0E3
:103BA000206802F08BFB2068816941F4006181612B
:103BB0002068816921F480618161206881692A69B6
:103BC00041EA02218161D2E7206802F0ADFB206862
:103BD000C16941F00801C1612068C16921F0040197
:103BE000C1612068C1692A69114311E0206802F0AF
:103BF000CFFB2068C16941F40061C1612068C169DF
:103C000021F48061C1612068C1692A6941EA022109
:103C1000C161ACE710B5040003D094F83D0010B1C9
:103C200007E0012010BD002084F83C00204600F091
:103C30001EF8022084F83D00211D206802F0A8FA39
:103C4000012084F8460084F83E0084F83F0084F8A0
:103C5000400084F8410084F8420084F8430084F86E
:103C6000440084F8450084F83D00002010BD7047F2
:103C700010B50446022249B104290ED0082913D0F8
:103C800094F84100012816D0012010BD94F83E00A0
:103C90000128F9D184F83E200FE094F83F00012874
:103CA000F2D184F83F2008E094F840000128EBD1DD
:103CB00084F8402001E084F841200122206802F0CD
:103CC000ADFA13492068134A884201D0904203D1CB
:103CD000436C43F400434364206888420DD0904213
:103CE0000BD0B0F1804F08D00B49884205D00B496A
:103CF000884202D00A49884204D1816801F0070154
:103D0000062903D0016841F001010160002010BDC7
:103D1000002C014000340140000400400008004035
:103D2000000C0040704710B504460068406994F8E4
:103D30004110C0F3C010212911D180B12068143086
:103D400050E8001F21F0800140E80012002AF5D160
:103D5000A06B08B1FEF75CFB204602F01DFC20685A
:103D6000406994F84210C0F38010222911D180B12B
:103D70002068143050E8001F21F0400140E8001294
:103D8000002AF5D1E06B08B1FEF742FB204602F0B5
:103D9000DCFB002010BD7047F8B5016804460868D8
:103DA000CA684B6910F00F0F4FF000055AD003F0AE
:103DB000010602F49077374365D0C10705D0D105DD
:103DC00003D5616C41F001016164410705D5D90754
:103DD00003D0616C41F002016164810705D5D90708
:103DE00003D0616C41F004016164010707D502F062
:103DF0002001314303D0616C41F008016164616CC2
:103E000000293BD0800604D5900602D5204602F05A
:103E1000D1FB20684069616CC0F3801001F008019B
:103E2000014320462BD002F090FB206840694006F9
:103E300021D52068143050E8001F21F0400140E8EF
:103E40000012002AF5D1E06BA8B16D494163E06B27
:103E5000FEF702FB002811D0E06B416B01B0BDE81A
:103E6000F040084783060ED593060CD52046BDE8E2
:103E7000F84002F09FBB2046FFF78DFFF8BDFFF72B
:103E80008AFF6564F8BD266B2023012E7CD1C6060F
:103E90007AD5D60678D508684868009048694FF00A
:103EA0000206400640D5E16B086840680004000C3B
:103EB000E8D0A28D8242E5D9E085886920282DD0FE
:103EC00020680C3050E8001F21F4807140E8001297
:103ED000002AF5D12168143151E8000F20F00100CB
:103EE00041E80002002AF5D12068143050E8001F94
:103EF00021F0400140E80012002AF5D184F8423058
:103F0000256320680C3050E8001F21F0100140E8C4
:103F10000012002AF5D1E06BFEF77AFA6663A08DF5
:103F2000E18D401A81B22AE0A08DE18D401A81B264
:103F3000E08D0028A6D00029A4D022680C3252E8D7
:103F4000000F20F4907042E80007002FF5D12068A0
:103F5000143050E8002F22F0010240E80027002F23
:103F6000F5D184F84230256320680C3050E8002FEA
:103F700022F0100240E80023002BF5D166632046B2
:103F8000FFF7D0FEF8BDFFE705062BD5150629D5AE
:103F900094F841002128F5D1A068B0F5805F01D1E7
:103FA0002069B0B1206A411C216221680078486014
:103FB000E08C401E0004000CE084E3D12068C1685E
:103FC00021F08001C1602068C16841F04001C160FA
:103FD000D8E7206A0088C0F308004860206A801C87
:103FE0002062E5E74006CDD55006CBD5CA6820460D
:103FF00022F04002CA6084F8413000F030FBC1E793
:104000004D64000870B5040004D094F84100002508
:1040100010B106E0012070BD84F84050204600F049
:1040200023F8242084F841002068C16821F400515D
:10403000C160204602F020FB2068016921F4904114
:1040400001612068416921F02A0141612068C1684D
:1040500041F40051C1606564202084F8410084F877
:1040600042006563002070BDF0B585B00024009467
:104070000194029403940546D0F800C06748DFF825
:1040800098E1061502210322654BC714F4453FD180
:10409000D0F81CC04CF4002CC0F81CC0D0F81CC0D8
:1040A0000CF4002CCDF810C0D0F818C04CF0100C57
:1040B000C0F818C08069CDE9006100F01000CDE9BA
:1040C000032069461E461846FEF742FECDE90074FD
:1040D000694630460294FEF73BFE534E5148C6E90E
:1040E00000048020C6E9024020203461C6E9054072
:1040F0003046F461FEF76CFB08B1FDF75EFDEE6340
:104100000122114634207562FEF794FF342031E01D
:10411000464DAC4532D1C56945F48015C561C569C8
:1041200005F480150495856945F01005856185695C
:1041300005F010050495856945F0200585618069C5
:10414000039200F0200004904FF48050CDE900016C
:1041500069461846FEF7FCFD0420CDE900046946D7
:1041600033480294FEF7F4FD012211463520FEF794
:1041700061FF3520FEF750FF05B0F0BD2D4B9C458B
:1041800021D1836943F480438361836903F48043CD
:104190000493836943F0040383618069264D00F032
:1041A000040004904FF40070CDE9000103926946C9
:1041B0002846FEF7CDFDCDE9006469462846029405
:1041C000FEF7C6FDD8E71D4B9C45D5D1C36943F426
:1041D0008023C361C36903F480230493836943F09C
:1041E000080383618069CDE9006100F00800CDE932
:1041F0000320134D69462846FEF7AAFDCDE9007459
:10420000694628460294FEF7A3FD012211462720A5
:10421000FEF710FF2720ADE7004C004000100240E1
:104220000010014030040240AC0500200050004066
:1042300000140140003801400008014000480040DF
:10424000000C014090F84230202B01D00220704732
:1042500021B11AB10023036302F06ABA012070474A
:1042600090F84230202B01D00220704721B11AB1C2
:104270000023036302F0A4BA012070472DE9F14F37
:10428000E1490098012600240068E04D4FF0020A41
:1042900088427FD1AC466F789CF802109CF80E00E3
:1042A0009CF803B0DA4A0BEB4B0C0B180CEB020931
:1042B00007F1010CDBB20CF0FF0C3A2F6AD2DFE8F9
:1042C00007F01D232B34373B3E41444A41444A41C9
:1042D000444A41444A41444A41444A41444A41448F
:1042E0004A41444A41444A41444A41444A41444A79
:1042F00041444A41444A41444A53575BA52848D166
:1043000010706E70A53105E05A2807D1507085F8FD
:1043100001A05A31A9703DE03A2801D06C7038E014
:104320009070032068703A31F4E7D070042001E007
:104330001071052068700CE050710620FAE790714A
:104340000720F7E789F8070001E089F8080085F8F9
:1043500001C0AB701EE089F8090085F801C0AB70A0
:104360000BF10100E87015E082F837003820E1E732
:1043700082F838003920DDE782F839006C70EC7083
:10438000884202D102F0D0FE03E03A21A048FCF7B7
:10439000ACF8AC7000989F490068884279D19E4A79
:1043A0009A4928790C3102F1320310B101280BD05F
:1043B00026E00878AA2823D12E7142F8324F5460A3
:1043C000148118702E701BE028780F781F54401C41
:1043D000C0B228700A2813D30027384613F800C04B
:1043E000401C6744FFB20928F8DB587AB84206D16E
:1043F00052F8330F286150686861884806702C7144
:104400000878A8616873FDF709FA00BBA8698449B8
:1044100053280BD0732809D0502809D0702807D012
:1044200080480068B0F57A7F04D010E00E70E0E0BC
:104430000C70DEE07C4802687C49032A04DA0268DA
:10444000521C02600C6002E0642202600E60A94609
:10445000A869774F7749784A784B794D592819D010
:1044600058281AD062281AD00A2827DD5A2839D0AD
:1044700041284DD045283ED0422840D043283ED048
:1044800044283CD046283FD047283DD048283BD040
:1044900010E0B6E0A7F800A00CE03E800AE0DFF8EC
:1044A000A4C1DCF80080B8F1000F1DD04FF0000867
:1044B000CCF800800C8014801C802C800A282DDA17
:1044C0003E8078B1012823D0052814D0022821D0BD
:1044D00003281FD004281DD006282DD007282BD054
:1044E000082829D00C8002E04FF00108E0E7148092
:1044F00003E02C8012E00C8016801C80F9E70C8011
:1045000014801C802E80D9E70C8014801E80D4E794
:104510000E80ECE70C8014801C802E8099F80D2012
:104520003D484D467B2A0BD07D2A10D06979012960
:1045300007D002290DD05CE00C8014801E80D8E7E3
:104540006E71A9794254491C89F8061051E085F82A
:1045500005A0C178502906D04178232941D0A979F6
:10456000E971814628E0384806703AE0A979081ACE
:1045700006F0A9F802460B460020344905F01EF863
:10458000EF79064609EB0700884610F8010C303831
:1045900006F099F83246434606F0FCF880460E468F
:1045A000E86906F007FC4246334605F049FE05F08F
:1045B00015FE7F1EE861EF71E8790428D6D299F8DC
:1045C0000100303802280CD2DFE800F00106E8696B
:1045D00006F052FD1E4903E0E86906F04DFD1D4955
:1045E00008606C71AC71EC7132210B48EC61FBF727
:1045F0007CFFBDE8F84F054901220C311648FFF752
:104600002FBEBDE8F88F000000500040440100209C
:10461000E417002000480040090A0020380000206C
:1046200039000020340000202C0000203000002041
:10463000020000203A0000203C0000203E00002044
:1046400040000020200000206C00002000002440DA
:10465000C4010020C001002064050020704770479D
:10466000FEE770B50D46044600F0C0F8204600F0A5
:104670008DF800F003F9284600F088F800F0FEF805
:1046800000F0B4F8641CE0B200F080F800F0F6F836
:10469000002000F045F8044600F0D0F8204670BD38
:1046A00070B50D4C0025C4F8B8510C48016821F0D4
:1046B00070410160016841F040510160C4F8BC5193
:1046C000012004F5DC7402F059FE0120206002F0A4
:1046D00055FE256070BD000000802142040C0140A1
:1046E00070B50D4C0025C4F8B8510C48016821F094
:1046F00070410160016841F0405101600126C4F839
:10470000BC61304604F5DC7402F038FE26600120FE
:1047100002F034FE256070BD00802142040C01408F
:104720002DE9F047814617480024016821F07041C7
:104730000160016841F000410160134E25462746A3
:104740004FF00108C6F8B871022002F017FEC6F853
:10475000B8816006040ED6F83C0108B1641CE4B2CE
:10476000022002F00BFE6D1CEDB2082DEAD3B9F168
:10477000000F02D0FFF794FF01E0FFF7B1FF2046E2
:10478000BDE8F087040C0140008021422DE9F04192
:1047900006461448016821F070410160016841F04B
:1047A00040510160104C0027C4F8B8713D464FF0ED
:1047B0000108F009C4F8BC017006060E012002F0E1
:1047C000DDFDC4F8B881012002F0D8FDC4F8B8714D
:1047D000012002F0D3FD6D1CEDB2082DE9D3BDE838
:1047E000F0810000040C01400080214270B51148A6
:1047F000016821F070410160016841F040510160A1
:104800000D4C0120C4F8BC01D4F83C1149B1C4F8E6
:10481000B80102F0B3FD0025C4F8BC51D4F83C0146
:1048200008B1002070BD012002F0A8FDC4F8B85105
:10483000012070BD040C0140008021420D4810B5DC
:10484000016821F070410160016841F04051016050
:10485000094C0020C4F8B801C4F8BC01012004F5DB
:10486000DC7402F08BFD012020606060BDE8104028
:1048700002F084BD040C01400080214270B5134851
:104880000024016821F070410160016841F000419D
:1048900001600F4D0126C5F8BC61304602F06EFD87
:1048A000C5F8B86107E0641CE4B2322C03D9FFF705
:1048B000C5FF002070BD012002F060FDD5F83C016D
:1048C0000028F0D1C5F8B801012070BD040C0140EA
:1048D0000080214210B51446FFF7C3FE207001206E
:1048E00010BDF8B515461C460E4607466A46FFF74A
:1048F000F1FF01209DF80010A8400CB1084301E031
:1049000021EA0000C2B28DF800203146384600F09E
:104910002BF8F8BD2DE9F84314461D460F46804696
:104920006A46089EFFF7D6FF00281BD0611CFF20B7
:10493000C4F1080200FA01F12A44521ED04001439A
:10494000C5F108008640F2B2C4F10700C2409DF8EC
:104950000000084010438DF80000C2B239464046BE
:1049600000F002F8BDE8F88307B502AB012200F0C1
:1049700001F80EBD2DE9F0411E4615468846074652
:104980000024FFF733FF3846FFF700FFFFF776FFFD
:104990004046FFF7FBFEFFF771FF06E0305DFFF7D3
:1049A000F5FEFFF76BFF641CE4B2AC42F6D3FFF7F1
:1049B00045FF0120BDE8F08170B506F027FD154CDC
:1049C0000546E16B06F02CFD0646206A06F090FBDA
:1049D000314606F0EDFB0646E06906F089FB294604
:1049E00006F0E6FB314606F011FA0646206C06F0AA
:1049F0007FFB314606F00AFA06F03EFBC4E90F5091
:104A0000054861780078084302D000202064607077
:104A1000206C70BDA40100200400002070B506F0D9
:104A2000F5FC154C0546616C06F0FAFC0646206A5A
:104A300006F05EFB314606F0BBFB0646E06906F079
:104A400057FB294606F0B4FB314606F0DFF906466F
:104A5000A06C06F04DFB314606F0D8F906F00CFBD1
:104A6000C4E91150054861780078084302D000205D
:104A7000A0646070A06C70BDA40100200400002040
:104A800041060748826942F0010282610548426896
:104A900022F0E062426042680A43426070470000D0
:104AA00000100240000001402DE9F04F04469148FB
:104AB000ABB011AFB0E86810299287E868106CC8F5
:104AC0000DAF87E86C0050E91423CDE9272350E9A6
:104AD0001223CDE9252350F8588900F15C031FAF5C
:104AE00093E80C109346199350F8682B2A926CC8DF
:104AF00087E86C0050E91820CDE9232000200790BA
:104B000008900490059006901B901C9009900A90C4
:104B10000B9003900C901D901E901A90E246084650
:104B200006F048F905460E4684F0004006F042F9CA
:104B30002A46334602F038FA05F050FB6E4F1590C6
:104B40000DAC0222CDE9004707AE012311460296C3
:104B5000104604F021FB1BAA29A927A88DE807000D
:104B600001231A461946022004F016FB1B990798E8
:104B700006F04CF907F1080528601C99089806F022
:104B800045F968600DF10C0905F128010094022334
:104B9000CDE901191A461946184604F0FDFA09A98B
:104BA0001FAACDF80090CDE9012102231A4619462B
:104BB000184604F0F1FA4146099806F027F94F4CDF
:104BC000594620600A9806F021F9606019990B98FF
:104BD00006F01CF9A06051460C9806F017F9E06049
:104BE0000DF1940A0223CDE900A40DF1740B1A46CD
:104BF000CDF808B01946012004F0CEFA0DF168088E
:104C000023A9CDF800B0CDE90118012302221146F5
:104C1000184604F0C1FA2A991A9806F0F7F80146E6
:104C20004FF07E5006F066F91A9023A8CDE90040B7
:104C30000222012311460296104604F0ADFA05F156
:104C4000080B01238DE840091A461946022004F09A
:104C5000A3FACDF800A0CDE90158012302221146A4
:104C6000184604F099FA1A99159806F0D9FB1A908B
:104C7000CDF800B00123CDE901861A46194602207D
:104C800004F08AFA0799286806F0C0F83860089995
:104C9000686806F0BBF87860CDF800B0CDE901A9EE
:104CA000022301221146184604F076FA039911985E
:104CB00006F0B6FB03900499129806F0B1FB04903D
:104CC0000599139806F0ACFB05900699149806F028
:104CD000A7FB069005F12800CDF800900223CDE94E
:104CE00001401A461946184604F056FA38682BB0A7
:104CF000BDE8F08F90CD0008E4020020BC25002024
:104D00002DE9F04F04469348ABB000F178030F460D
:104D100093E8681011A9299281E8681000F18805CC
:104D20000DF134084ECD88E84E00D0E90812CDE9E7
:104D30002712D0E90A12CDE92512B5E80E108846EF
:104D4000CDF858C0416892469B462A912ECD1FAEA1
:104D500086E82E00D0E90C10CDE923100020079042
:104D600008900490059006901B901C9009900A9062
:104D70000B9003900C901D901E901A90384606F0F0
:104D800019F806460D4684F0004006F013F8324646
:104D90002B4602F009F905F021FA6F4F15900DAC82
:104DA0000222CDE9004707AE0123114602961046C4
:104DB00004F0F2F91BAA29A927A88DE8070001230E
:104DC0001A461946022004F0E7F91B99079806F0E5
:104DD0001DF807F1080528601C99089806F016F8D8
:104DE00068600DF10C0905F1200000940223CDE963
:104DF00001091A461946184604F0CEF909A91FAA56
:104E0000CDF80090CDE9012102231A461946184633
:104E100004F0C2F94146099805F0F8FF4F4C51469D
:104E200020600A9805F0F2FF606059460B9805F083
:104E3000EDFFA06016990C9805F0E8FFE0600DF119
:104E4000940A0223CDE900A40DF1740B1A46CDF8A3
:104E500008B01946012004F09FF90DF1680823A954
:104E6000CDF800B0CDE90118012302221146184601
:104E700004F092F92A991A9805F0C8FF01464FF0FC
:104E80007E5006F037F81A9023A8CDE900400222A0
:104E9000012311460296104604F07EF905F1080B35
:104EA00001238DE840091A461946022004F074F9DE
:104EB000CDF800A0CDE90158012302221146184681
:104EC00004F06AF91A99159806F0AAFA1A90CDF822
:104ED00000B00123CDE901861A461946022004F0EC
:104EE0005BF90799286805F091FF386008996868B0
:104EF00005F08CFF7860CDF800B0CDE901A9022360
:104F000001221146184604F047F90399119806F05A
:104F100087FA03900499129806F082FA0490059992
:104F2000139806F07DFA05900699149806F078FA21
:104F3000069005F12001CDF800900223CDE9014152
:104F40001A461946184604F027F938682BB0BDE810
:104F5000F08F000058CD0008FC020020CC25002076
:104F6000094A68B109490B685B1C0B60834206D192
:104F7000D2F88801C043C2F8880100200860704759
:104F80000120C2F888017047000022428C000020F6
:104F90002DE9F05F0024DFF89090DFF890A0DFF8B3
:104FA000908026462546274608EBC400406800EB63
:104FB000090353451ED338F834B0ABF10101B1F504
:104FC000E07F17D81849761C4942F6B2884202DAC7
:104FD0000146284606E01749884206DD164906F0D4
:104FE0001FFA294605F012FF0546BBF1FA0F01D260
:104FF0007F1CFFB2641CE12CD6DB082E12D90F48AF
:10500000006801280ED10E48006858B1082F02D35D
:105010000320BDE8F09FB5F5000F01DB0120F8E7A4
:105020000220F6E70020F4E70000B8BD01005301BC
:105030002018002000009B430000B4432000002003
:10504000240000202DE9F05F0025DFF824A1DFF81F
:1050500024813A270AF69C59AB4605EB4500C0EB84
:10506000451100240AEB410694FBF7F107FB1141BF
:10507000305D3A2972D2DFE801F01D20282B2E3155
:10508000343740493740493740493740493740492C
:105090003740493740493740493740493740493719
:1050A0004049374049374049374049374049374000
:1050B00049595C6089F800003DE089F801003AE058
:1050C0004A78104488F8010048E089F8020032E08C
:1050D00089F803002FE089F804002CE089F8050026
:1050E00029E089F8060026E098F80220414602EB04
:1050F000420303EB0902D071E2E798F8022041462F
:1051000002EB420303EB09021072D9E798F8022080
:1051100002EB420C0CEB0903521C587298F8013058
:10512000184488F8010088F8022017E089F8370051
:1051300001E089F838004146C2E789F8390088F86B
:1051400002B098F80110884202D101F0EDFF03E0AF
:105150003A210948FBF7EBF988F801B0641C3A2CB6
:1051600082DB6D1C1D2DFFF678AFBDE8F09F0000BF
:10517000480A002078010020E417002030B5114AC9
:10518000114C0021506AA4F5A75500EB4003C3EB76
:10519000401305EB4303655C5D54491C3A29FADB77
:1051A0001C2806D1094B012151601960084B0021D0
:1051B00019601D21401C90FBF1F301FB13005062AC
:1051C00030BD000078010020281F002024000020AE
:1051D0002800002010B5022000F011F8032000F094
:1051E00020F8002000F014F8002000F02FF8002034
:1051F00000F026F8BDE81040002000F01BB808B50C
:105200000323009002226B21D020FFF783FB08BD0F
:1052100008B50223009004221C21D020FFF77AFB5E
:1052200008BD08B50223009004221B21D020FFF7FF
:1052300071FB08BD034601223721D020FFF751BB87
:10524000034605226A21D020FFF74BBB0346062206
:105250006B21D020FFF745BB0C4810B50A4901600F
:1052600000218160017301754FF46022C2614160C9
:1052700001210161FCF710FF08B1FCF79EFCBDE8BD
:1052800010400248FCF71ABE0028014034030020F9
:10529000094808B5416941F00201416140690022B5
:1052A00000F00200009011463A20FDF7C3FEBDE871
:1052B00008403A20FDF7B0BE001002402DE9F04F43
:1052C00085B00024514800940194029403948169AC
:1052D00041F010018161816901F01001049181693F
:1052E00041F020018161816901F02001049181690F
:1052F00041F004018161816901F004010491816937
:1053000041F0080181618069414F00F0080004907C
:10531000002244F210313846FDF716FE0122042126
:105320003846FDF711FEDFF8ECB04FF4404801229B
:1053300041465846FDF708FEDFF8DCA04FF400496F
:10534000002249465046FDF7FFFD0022382158460D
:10535000FDF7FAFD7814CDE9000469463846029459
:10536000FDF7F6FC01254FF48040CDE900056946C4
:105370003846CDE90245FDF7EBFC4FF445700326B6
:10538000CDE90005CDE9024669463846FDF7E0FC67
:10539000CDE900540227694650460297FDF7D8FC34
:1053A000CDF800800396CDE9015469465846FDF7D3
:1053B000CFFCCDF800900397CDE9015469465046E3
:1053C000FDF7C6FC3820CDE9000569465846CDE911
:1053D0000245FDF7BDFC28028DE8310069465846BC
:1053E000FDF7B6FC680200900C48CDE9010569465E
:1053F0005846FDF7ADFC012202211720FDF71AFEE9
:105400001720FDF709FE05B0BDE8F08F001002403F
:1054100000100140000C0140000801400000211074
:1054200010B58EB000240794089409940A940B9444
:105430001C2168460C94FBF77AF832483049C0E9E1
:10544000001441F61F41C0E90241802104618161DD
:10545000FEF7B2F908B1FCF7B0FB4FF480500790AB
:1054600007A92848FEF7EAF908B1FCF7A6FB25488A
:10547000FEF7D0FB08B1FCF7A0FB0B940BA9214869
:105480000C94FEF75BF908B1FCF797FB6020CDE9BF
:1054900000040294002269461A480494FEF754FB63
:1054A00008B1FCF78AFB042269461648FEF74CFB5C
:1054B00008B1FCF782FB082269461248FEF744FB5C
:1054C00008B1FCF77AFB0C2269460E48FEF73CFB5C
:1054D00008B1FCF772FB00210A48FEF7C9FB042162
:1054E0000848FEF7C5FB08210648FEF7C1FB0C2162
:1054F0000448FEF7BDFB0348FEF7EEFA0EB010BD00
:10550000000400406403002010B58CB024216846DC
:10551000FBF70DF800241848099416490A94C0E9CD
:1055200000144FF6FF71C0E9024104618461032059
:10553000CDE900040120CDE902040A210491CDE95E
:105540000540CDE9074169460B48FEF7E5F908B18A
:10555000FCF733FB099409A907480A94FEF7EEF813
:1055600008B1FCF72AFB3C210348FEF76DFA0CB0AA
:1055700010BD000000080040AC03002010B58CB046
:1055800024216846FAF7D3FF0024184809941649E5
:105590000A94C0E900144FF6FF71C0E902410461AA
:1055A000446184610320CDE900040120CDE90204B7
:1055B0000A210491CDE90540CDE9074169460B4830
:1055C000FEF7AAF908B1FCF7F8FA099409A9074807
:1055D0000A94FEF7B3F808B1FCF7EFFA3C21034850
:1055E000FEF732FA0CB010BD00340140F403002085
:1055F00010B5114C0F480C2120604FF461306060F1
:105600000020A060E060C4E90401A061E0612046E0
:10561000FEF7F8FC08B1FCF7D0FA2068C16841F049
:105620001001C160BDE81040FF2204490248FEF7A6
:1056300009BE0000004C00408C040020281F002000
:105640000E4810B50C4901604FF4613141600021F2
:1056500081600C22C160C0E904128161C161FEF762
:10566000D1FC08B1FCF7A9FABDE8104001220449B9
:105670000248FEF7F5BD000000500040D4040020B1
:10568000520100200C4810B50A4901604FF4E13185
:105690004160002181600C22C160C0E90412816177
:1056A000C161FEF7AFFC002803D0BDE81040FCF755
:1056B00084BA10BD003801401C0500200E4810B50A
:1056C0000C4901604FF4E1314160002181600C22FE
:1056D000C160C0E904128161C161FEF793FC08B1A9
:1056E000FCF76BFABDE81040012204490248FEF7BE
:1056F000B7BD0000004800406405002050010020B4
:10570000FEE7000000B501F0ABF80E4901280CD00F
:1057100002280DD0032807D10878002804D10A48B0
:10572000016869B10021016000BD0020087000BD62
:105730000648017811B10021017000BD0121FBE78D
:105740000121F0E7190000202000002008000020BF
:10575000FEE700002DE9F0477948007800287BD16A
:1057600078480068784E0025A6F18004002873D0A0
:10577000E16C306805F054FE0746E06A05F0B8FCBD
:10578000616A05F043FE394605F0DEFC4AD8E06A5E
:1057900005F0AEFC616A05F039FB0746E16C306844
:1057A00005F03EFE394605F0CFFCEFD8216D70685C
:1057B00005F036FE0746E06A05F09AFCA16A05F09E
:1057C00025FE394605F0C0FC2CD8E06A05F090FCB7
:1057D000A16A05F01BFB0746216D706805F020FEED
:1057E000394605F0B1FC1DD8FFF7D2FB574E584F94
:1057F000584910B90A88012A15D0574A1288012A37
:105800002BD0564A564E574F1288DFF85C81DFF88E
:105810005C91012A3BD0564A1288012A50D009884F
:10582000012965D06BE0E06C05F0C4FA32463B46D6
:1058300004F006FD04F0D2FCE064206D05F0BAFA35
:1058400032463B4604F0FCFC04F0C8FC20654948A5
:105850006065A065484818E054E0E06C05F0AAFADD
:1058600032463B4605F0BCF904F0B8FCE064206D1C
:1058700005F0A0FA32463B4605F0B2F904F0AEFC62
:1058800020653E486065A0653D48E06537E0E06C16
:1058900005F090FA32463B4605F0A2F904F09EFC72
:1058A000E064206D05F086FA32463B4604F0C8FC01
:1058B00004F094FC04F15001E56581E801031EE069
:1058C000E06C05F077FA32463B4604F0B9FC04F090
:1058D00085FCE064206D05F06DFA32463B4605F02C
:1058E0007FF904F07BFCC4E91409C4E9168506E0DD
:1058F00028B10128CBD00228E2D0032804D0656566
:10590000A565E565BDE8F087E06C05F053FA1D4E2E
:105910001D4F32463B4605F063F904F05FFCE0643E
:10592000206D05F047FA32463B4605F059F904F080
:1059300055FC206515486065A0651548A5E7000081
:105940001900002030000020240200209A99999923
:105950009999A93F3A0000203C0000203E00002019
:105960007B14AE47E17A943F6F1203BB6F12033B87
:10597000400000206F12033C4DF30E3D0AD7A3BB3D
:105980004DF30EBDCDCCCC4CE17AA43F6F1283BB5E
:105990004DF38EBD10B40021084B0A465FF00000A5
:1059A00003EBC004401CC0B262548028F8D3491CE9
:1059B000C9B20829F2D310BC00F09CB8F005002051
:1059C00010B57F2816D83F2914D80723A3EBD1039D
:1059D00001F00701C1F107040121A140064CDBB22F
:1059E00004EBC000002AC25CC9B201D00A4300E047
:1059F0008A43C25410BD0000F005002010B50220FB
:105A0000FFF73EF80120FFF73BF8394C0020C4F8BF
:105A10009001642004F5C87401F096FC0120206018
:105A20000021AE2000F030F90021D52000F02CF943
:105A30000021502000F028F90021A82000F024F9CE
:105A400000213F2000F020F90021D32000F01CF9B4
:105A50000021084600F018F90021402000F014F958
:105A600000218D2000F010F90021142000F00CF925
:105A70000021202000F008F90021022000F004F9A4
:105A80000021A12000F000F90021C02000F0FCF866
:105A90000021DA2000F0F8F80021122000F0F4F8DC
:105AA0000021812000F0F0F80021EF2000F0ECF858
:105AB0000021D92000F0E8F80021F12000F0E4F8FE
:105AC0000021DB2000F0E0F80021302000F0DCF8BD
:105AD0000021A42000F0D8F80021A62000F0D4F87E
:105AE0000021AF2000F0D0F8BDE81040FFF752BF12
:105AF0000080214270B5114E002400BF04F1B000B7
:105B0000C0B2002100F0C0F80021084600F0BCF847
:105B10000021102000F0B8F85FF0000506EBC5008A
:105B20000121005D00F0B0F86D1CEDB2802DF5D3C1
:105B3000641CE4B2082CE1D370BD0000F005002025
:105B40002DE9FF4F203A1F460C46894602F0FF0A16
:105B50000025DDF834B032E00C2F09D01A4901EBF2
:105B60000A104FF00008465D300607D55A4609E096
:105B700016490AEB4A0001EB8000F2E7BBF1000F87
:105B800012D0002221460098FFF71AFF7006641C0D
:105B9000060EE4B2A4EB0900B84207D100984C46C7
:105BA000401CC0B2009008E00122EBE708F10100C0
:105BB00000F0FF08B8F1080FD6D36D1CEDB2BD425E
:105BC000CAD3BDE8FF8F0000FABA000886B6000805
:105BD0002DE9FF4F81B00026DDF838A01D46934621
:105BE000814634464FF001084FEA5A0727E0281B48
:105BF000401EC1B20A2003F01EFBBBFBF0F00A21DD
:105C0000B0FBF1F201FB120026B9691E8C4201DAE9
:105C100048B101263030C2B207FB0490C0B25346EF
:105C2000CDF8008006E007FB0490C0B25346202266
:105C3000CDF800800299FFF783FF641CE4B2AC4208
:105C4000D5D305B0BDE8F08FF8B516460D4604462D
:105C5000012714E07A2C02D900241035EDB23A2D38
:105C600003D900242546FFF795FE009732780C23D0
:105C700029462046FFF764FF0834E4B2761C3078EA
:105C80000028E7D1F8BD000070B500250E4A0123B9
:105C900011B1C2F88C3101E0C2F88C510B4C0021DB
:105CA000C4F8B851060602D5C2F8943101E0C2F832
:105CB0009451C4F8B8314006491C000EC9B20829F5
:105CC000EED3C2F88C3170BD008021420000224228
:105CD0000020044902460A54401CC0B20928FAD3E5
:105CE00070470000000A00202DE9F84F0124824689
:105CF000ADF800401D4800254570ADF800401C4E31
:105D00001C4F81464FF6FF7826E000BFBDF800101B
:105D100011EA0A0F02D0C6F8A44101E0C6F8A45166
:105D2000C6F8A041052001F029FBC6F8A0510520C6
:105D300001F024FBC6F8A041D7F8200130B199F852
:105D40000110BDF80020114389F80110BDF80000D2
:105D500008EA4000ADF80000BDF80000FF28D5D9E2
:105D6000BDE8F84F102001F009BB0000000A002038
:105D7000000022420080214270B5FFF7A9FF00F029
:105D80004FF80B480B4BB0F803100A4820338180C2
:105D90000020012413F8105000F101006D1E04FAD8
:105DA00005F20A42C0B202D01028F3D3002070BD21
:105DB000000A00200401002010B5FFF7DDFF1149A3
:105DC000114AC861D379CB60137A0B6154794C6165
:105DD00092798A6101240D4A042801D1107878B1A2
:105DE000886800280BD0762B09DA1078002806D1B5
:105DF000084914700648086008490748086010BD43
:105E00008C60F0E704010020000A00201800002048
:105E10000000964344000020000048444800002051
:105E20002DE9FC4700248DF800400125ADF8045011
:105E3000254EC6F89041254F3878FFF755FF787802
:105E4000FFF752FF02208DF80000214FDFF8849009
:105E50004FF6FF7830E000BFADF8045020E000BFFF
:105E6000C6F8A051052001F089FAC6F8A041052026
:105E700001F084FAC6F8A051D7F8200150B19DF87E
:105E80000010BDF8042019F8011011439DF80020FE
:105E900009F80210BDF8041008EA4100ADF804004A
:105EA000BDF80400FF28DBD9102001F067FA9DF847
:105EB0000000401C8DF800009DF800000928CBD39D
:105EC000C6F89051BDE8FC87000022420601002080
:105ED00000802142000A0020884200DD08469042EE
:105EE00000DA1046704770472DE9F04F89B0684CD2
:105EF00007A8CDE9004004F1260106AB02AA881FDD
:105F000001F0A6FB2088C0057ED5029805F0F0F8C8
:105F10006FF01D06314605F05AFB8046606003981D
:105F200005F0E6F8314605F052FB0746A0600498FC
:105F300005F0DEF8314605F04AFB0546E0600598BD
:105F400005F0D6F8314605F042FB064620610121F6
:105F5000404605F03CFB294605F02AF905464FF07E
:105F600040484146384605F023F9314605F020F90E
:105F7000294604F04BFF04F01DFF00F0CDFDDFF8D3
:105F800014A14FF066394A46534604F003FC04F06E
:105F900025F96061E0680121054605F018FB83469C
:105FA000294605F005F90546A0684146064605F074
:105FB000FFF8314605F0FCF8294605F031FA4FF0BC
:105FC0007E5104F023FF04F0F5FE07460D46012143
:105FD000606805F0FCFA314605F0EAF806465846D6
:105FE000216905F0E5F8314604F010FF04F0E2FE07
:105FF0003A462B4600F0D8FF4A46534604F0CAFB07
:1060000004F0ECF8A06100E03FE02169019108464E
:1060100005F0CEF8E16807460846009105F0C8F89B
:10602000A16806468B46584605F0C2F861680546E9
:106030008846404605F0BCF8294604F0E7FE3146A4
:1060400005F0EEF9394605F0EBF904F0B3FE06462B
:106050000D464046019905F0ABF8074658460099B1
:1060600005F0A6F8394604F0D1FE012105F0AFFA9B
:1060700004F0A0FE32462B4600F096FF4A465346F7
:1060800004F088FB04F0AAF8E06109B0BDE8F08FE5
:10609000CC00002066A64C400021032805D004282F
:1060A00005D0082805D000207047044A02E0044AC1
:1060B00000E0044A1068116000B2704724040040F8
:1060C00024080040243401407047000010B50F4BF5
:1060D0004FF4E1521C1D002804DD1A60C0F5E150A8
:1060E000206003E000F5E15018602260074B0833A0
:1060F000181D002904DDC1F5E1511960026010BDD1
:106100001A6001F5E151016010BD00003404004047
:10611000FCF726BF30B595B028216846FAF707FA94
:1061200014210AA8FAF703FA18210FA8FAF7FFF9C1
:1061300001210804CDE900100025029502240491F4
:10614000CDE907404FF4E01009906846FDF752F999
:1061500008B172B6FEE70AA90F2081E831004FF4BA
:106160008060CDE90D0502210AA8FDF767F808B1A6
:1061700072B6FEE74FF4004011900F940FA8FCF7A1
:10618000E7FF002801D072B6FEE715B030BD7047BA
:10619000F0B502681C4B1D4D1D4E1E4F1E4C4FF09E
:1061A000804C984209D0A04207D0604505D0A84253
:1061B00003D0B04201D0B84204D122F0700E4A6838
:1061C00042EA0E02984209D0A04207D0604505D0AD
:1061D000A84203D0B04201D0B84203D122F44075A6
:1061E000CA682A434D6922F080022A4302608A6805
:1061F000C2620A688262984201D0A04201D1096954
:10620000016301214161F0BD002C01400004004008
:1062100000080040000C00400034014010B501F0BF
:106220001F030121046A99408C430462016A9A4069
:106230001143016210BD10B5846842EA032224F4C0
:106240007F440A432243826010BD826822F07002BC
:106250000A4342F00701816070470000F0B5036A0D
:10626000026A22F00102026242688469124E24F03E
:1062700073050C682C4323F002058B682B430D4DEE
:10628000A84201D0B04205D123F00807CB683B43B8
:1062900023F00403A84201D0B04205D14D6922F495
:1062A000407215438A692A434260846149684163A8
:1062B0000362F0BD002C014000340140F0B5026AD9
:1062C000036A23F010030362436884690D6824F4B1
:1062D000E64444EA05248D6822F0200242EA0512D1
:1062E0000F4D104EA84201D0B04206D1CF6822F027
:1062F000800242EA071222F04002A84201D0B042D6
:1063000007D14D6923F4406343EA85038D6943EA6D
:10631000850343608461496881630262F0BD0000C7
:10632000002C014000340140F0B5026A036A23F4F6
:10633000807303624368C46922F4007224F0730519
:106340000C68124E2C438D6842EA05220E4DA8427D
:1063500001D0B04206D1CF6822F4006242EA07229F
:1063600022F48062A84201D0B04207D14D6923F4E3
:10637000405343EA05138D6943EA05134360C46142
:106380004968C1630262F0BD002C01400034014045
:1063900030B5046A026A22F4805202624268C3691C
:1063A0000D6823F4E64343EA05238D6824F4005482
:1063B00044EA0534084DA84202D0084DA84204D151
:1063C0004D6922F4804242EA85124260C361496805
:1063D0000164046230BD0000002C01400034014023
:1063E00010B5036A046A24F001040462846924F08D
:1063F000F00444EA021423F00A020A4384610262B0
:1064000010BD10B5036A046A24F0100404628469A4
:1064100023F0A00324F4704444EA023243EA011159
:106420008261016210BD000010B50448FDF7B4FCA4
:10643000BDE81040014800F0E5B900008C040020E0
:106440000148FDF7A9BC0000D404002010B5406A43
:106450000021C185C184FDF79EFC10BD70B5446A62
:106460002068406994F84110C0F3C010002521292C
:1064700004D118B1E584204600F08EF82068406908
:1064800094F84210C0F38010222904D118B1E58598
:10649000204600F05AF8606C40F01000606420461E
:1064A000FDF779FC70BD10B50146406A09680968BE
:1064B0004FF0000289062ED4C28501680C3151E8E4
:1064C000003F23F4807341E80034002CF5D10168CB
:1064D000143151E8003F23F0010341E80034002C5F
:1064E000F5D10168143151E8003F23F0400341E841
:1064F0000034002CF5D1202180F84210016B0129D5
:1065000009D101680C3151E8003F23F0100341E844
:106510000034002CF5D14263016B012902D0FDF754
:10652000ADFE10BD818DFDF7FDFB10BD10B5406ABD
:1065300001214163016B012902D0FEF78FF810BDE4
:10654000818D4908FDF7EEFB10BD01680C3151E863
:10655000002F22F4907241E80023002BF5D101684E
:10656000143151E8002F22F0010241E80023002BF2
:10657000F5D1016B012909D101680C3151E8002FD7
:1065800022F0100241E80023002BF5D1202180F8F1
:10659000421000210163704701680C3151E8002F5F
:1065A00022F0C00241E80023002BF5D1202180F821
:1065B0004110704708B590F84210222901D00220FE
:1065C00008BD82684FF480539A4201D1016921B11C
:1065D000816A9A421BD04AB10AE00268816A526815
:1065E000C2F308020A80816A891C08E0026972B15C
:1065F0000268526802F07F020A70816A491C816257
:10660000C18D491E0904090CC18503D01BE0026835
:106610005268F1E70168CA6822F02002CA60016886
:10662000CA6822F48072CA6001684A6922F00102D5
:106630004A61202180F8421000214163026B012A47
:1066400003D0FDF71BFE002008BD016301680C317B
:1066500051E8002F22F0100241E80023002BF5D171
:1066600001680A68D20602D50A6849680091818DDE
:10667000FDF758FBE7E7000070B5044600680169C4
:10668000E26821F44051114301612169A068084387
:10669000616908432168CA6841F20C639A43024366
:1066A000CA6020684169A26921F4407111434161C7
:1066B0001E492068884202D1FCF766FE01E0FCF723
:1066C00053FE00EBC00101EB001260686421800002
:1066D000B2FBF0F3B3FBF1F36FF018067343B2FBB8
:1066E000F0F5B2FBF0F605EB8305322303EB05155D
:1066F000B5FBF1F5B6FBF1F605F0F00505EB061577
:10670000B2FBF0F6B2FBF0F0B0FBF1F06FF0180264
:10671000504306EB800003EB0010B0FBF1F0216862
:1067200000F00F002844886070BD00000038014070
:1067300038B58162044682850020134660642222B7
:1067400084F84220E56B1B4AAA62E56B1A4AEA62AA
:10675000E56B1A4A2A63E26B50630A462168E06BD4
:10676000091DFCF773F820680168406800902069F3
:1067700048B120680C3050E8001F41F4807140E8B7
:106780000012002AF5D12068143050E8001F41F0B3
:10679000010140E80012002AF5D12068143050E8C9
:1067A000001F41F0400140E80012002AF5D100200E
:1067B00038BD0000A76400082D6500085D6400086E
:1067C00081628285C28500214164222180F84210C5
:1067D000016921B10168CA6842F48072CA60016827
:1067E0004A6942F001024A610068C16841F0200133
:1067F000C1600020704700000148FDF7CDBA0000DD
:106800006405002038B511481149006888421CD140
:106810000168C943C90618D40168406800900B4854
:10682000FDF781FA0B4800684068C0F1FF00C4B270
:10683000FEF7A4FC21460848F9F779FEBDE8384088
:10684000FF2205490148FDF7FDBC38BD8C0400203E
:10685000004C0040AC050020281F0020FEE700008F
:10686000294810B503780021284A062B37D2DFE8E3
:1068700003F0030816203042D2F80011012913D08A
:106880002DE083885B1C9BB28380052B27D1D2F837
:106890000021012A01D0818006E0022214E0D2F812
:1068A0000011012902D00321017018E08188491CE0
:1068B0000DE08288B2F5C87F03D901708180022083
:1068C00010BD052A02D90422027000E00170818007
:1068D00005E083885B1C9BB28380262B01D00020BF
:1068E00010BDD2F80021012A03D00170818001205F
:1068F00010BD0522E8E7D2F80021012AD6D0818018
:106900000170032010BD0000900000200000214213
:10691000490050EAC12018BF04204A0D18BF40F0BA
:10692000010040F2FF72B2EB515F08BF40F002007D
:10693000012808BF052070474100080218BF042045
:106940000A0E18BF40F001004FF07F4232EA010109
:1069500008BF40F00200012808BF05207047090762
:10696000090E002804DB00F1E02080F800147047D5
:1069700000F00F0000F1E02080F8141D70472DE9B1
:10698000F0414F1E00EBC7010446D1E90001154656
:106990001E4637F006020DD02A46334603F0FAFEB3
:1069A0007F1E04EBC703D3E9002303F049FC37F053
:1069B0000602F1D1022F25D0042F13D0062F18BFC5
:1069C000BDE8F0812A46334603F0E4FED4E90A2309
:1069D00003F036FC2A46334603F0DCFED4E90823F4
:1069E00003F02EFC2A46334603F0D4FED4E90623F6
:1069F00003F026FC2A46334603F0CCFED4E90423F8
:106A000003F01EFC2A46334603F0C4FED4E90223F9
:106A100003F016FC2A46334603F0BCFED4E90023FB
:106A2000BDE8F04103F00CBC0022134610460149BA
:106A300003F0C2BC0000F03F012204F09ABD03F055
:106A4000FFBB002213461046114603F0B5BC40F2CE
:106A5000013200204FF0E04104F08BBD024A0020DB
:106A6000110704F086BD000001FDFFFF012104F0C5
:106A7000AEBD61214FF0E04004F0A9BD6FF05E01B2
:106A8000080704F0A4BD30380A2801D2012070475D
:106A900000207047704700002DE9FE4F07460E4664
:106AA0000025684601F0EAF900246FF00F0AE84675
:106AB0004FF0010957F8240056F82410401A00D569
:106AC000404204F015FB514604F081FD58F82410B3
:106AD00011F0FF4F0BD004F00DFA4FF07E5104F08F
:106AE0009FFC0A4920F00040884205DC07E0084985
:106AF00008440849884202D309FA04F00543641C9B
:106B0000032CD7DB2846BDE8FE8F0000295C0F3E32
:106B1000666666C19A99D9002DE9F04D8D4F21F036
:106B2000004A86B005460C46BA452ADBAAEB0700A8
:106B300028430AD08848824501DC1AD1CDB106B07D
:106B40002846BDE8F04DFFF777BF844A844B2846BE
:106B500003F020FE07460E46824A834B2846214614
:106B600003F018FE06B03A463346BDE8F04D03F098
:106B700067BB0120F9F782FD06B0BDE8F04DFFF7D5
:106B800060BF7A48824542DABAF1795F0BDA28466B
:106B9000FFF7BEFE042808BFFFF760FF284606B0D7
:106BA0002146BDE8F08D2A460B46104603F0F2FD63
:106BB000834602466E480E460B4606217844FFF790
:106BC000DEFE5A46334603F0E5FD804669488A46B4
:106BD0005A46334604217844FFF7D1FE5A463346DD
:106BE00003F0D8FD00223B4603F02AFB02460B4689
:106BF0004046514603F0E0FB2A46234603F0CAFD17
:106C000006B02A462346BDE8F04D03F019BB2846DE
:106C100024F0004100223D463B4603F0EFFE4FF0DA
:106C2000FF3204F0A6FC0646024653480F460B46C8
:106C300006217844FFF7A3FE32463B4603F0AAFD47
:106C4000CDE900014D4832463B4604217844FFF728
:106C500096FE32463B4603F09DFD00222B4603F094
:106C6000EFFA834602913046394603F0FDF980463B
:106C700043480D46504517DCDDE900015A46029BAA
:106C800003F09AFB42462B4603F084FD42462B4616
:106C900003F0D6FA012204F06CFC304A304B03F0CA
:106CA0009FFF304A304B4CE04FF0000A52460B46F3
:106CB000404603F0C5FACDE9031052462B46104674
:106CC000194603F067FD32463B4603F097FEDDE9C7
:106CD000033203F071FB06460F46DDE900015A4618
:106CE000029B03F069FB834600910122304639463E
:106CF00004F03FFC194A1A4B03F080FE06460F468B
:106D000001224046294604F034FC5A46009B03F019
:106D100041FD32463B4603F063FF06460F46012223
:106D20005046294604F025FC0E4DDFF858802A46CF
:106D3000434603F063FE32463B4603F05FFE2A46BD
:106D4000434603F05BFE002CD8BF81F0004106B043
:106D5000BDE8F08D0000F03F0000F07F075C1433C9
:106D600026A6913C182D4454FB21F93F0000E03F3A
:106D70005062000066620000DA610000F06100000D
:106D80003333EF3FFB21E93F2DE9F84F04460D4631
:106D900021F0004000917349814211DC7249884220
:106DA00001DC06D12CB120462946BDE8F84FFFF79B
:106DB00043BE6E48002DCCBF6D496E49BDE8F88FCB
:106DC0006D49814211DD6D498142D8BF4FF0FF36D8
:106DD0006DDD20462946FFF79BFD042808BFFFF71D
:106DE0003DFE20462946BDE8F88F6549654F25F0F0
:106DF0000045814233DD6449814219DD0026324677
:106E00004FF080432046294603F01AFA80468A460E
:106E100001222046294604F0ACFB00223B4603F049
:106E2000DFFE4246534603F0C7FA04460D463EE0F5
:106E300001260022BA463B462046294603F000FAC6
:106E400080460F46002253462046294603F0C8FEDE
:106E500042463B4603F0B0FA04460D4627E04B4954
:106E600081421BDDDFF828A102260022534620467E
:106E7000294603F08FFC00223B4603F0E1F98046EF
:106E80000F46002253462046294603F0A9FE4246FB
:106E90003B4603F091FA04460D4608E003262246DD
:106EA0002B4600203B4903F087FA04460D46224654
:106EB0002B461046194603F06DFC8B46824602466F
:106EC0000B4603F067FC07460246334888460B46EC
:106ED00006217844FFF753FD52465B4603F05AFC07
:106EE00082462E488B463A46434605217844FFF7B2
:106EF00046FD3A46434603F04DFC02460B46002E43
:106F0000504659460CDA03F09BF922462B4603F013
:106F100041FC01B022462B46BDE8F04F03F06EBDA8
:106F200003F08EF922462B4603F034FC1C4A7A44C7
:106F300002EBC603D3E9002303F052FE22462B46A0
:106F400003F04EFE174A7A4402EBC603D3E900234E
:106F500003F054FD009A002AB8BF81F00041BDE85B
:106F6000F88F0000000010440000F07F182D4454FA
:106F7000FB21F93FFB21F9BF0000DC3F0000203E70
:106F80000000F33F0000F03F0000E63F00800340B8
:106F90000000F83F0000F0BF7A6000003860000099
:106FA000D65F00009E5F00002DE9F04D9446CCF1C5
:106FB000000423F000464CEA0404524F46EAD4741D
:106FC0009A46884621F00042BC4206D8454240EA33
:106FD000050442EAD474BC4204D9BDE8F04D6246CF
:106FE000FFF72DBDAAF14055A5F17F6555EA0C04C8
:106FF0000BD0022404EAAA74434DDFF810E144EAFE
:10700000D87452EA000B04D00CE0BDE8F04DFFF755
:10701000BBBE002C14BF012CBDE8F08D022C30D07B
:10702000032C32D056EA0C0B0AD0BE4220D1BA4211
:1070300009D126F0804622F080423346114617E0FF
:1070400000291ADB25E0DFF8C8B0FB44002C04BFA0
:10705000DBE90001BDE8F08D012C02BFDBE9000196
:1070600081F00041BDE8F08D022C0AD0032C0CD039
:10707000BA4212D1B8F1000F0BDA23482549BDE816
:10708000F08D28462449BDE8F08D28467146BDE8BC
:10709000F08D1D482149BDE8F08D921B12153C2A48
:1070A000C4BF19481D490EDCBAF1000FBEBF12F172
:1070B0003C0F0020014606DB624603F07DF921F01B
:1070C0000041FFF761FE002C08BFBDE8F08D012CE8
:1070D00004BF81F00041BDE8F08D114A114B022C34
:1070E00007D003F07DFD2A46BDE8F04D0A4B03F0C2
:1070F00077BD03F075FD2A46BDE8F04D064B03F061
:107100007DBC00000000F07F182D4454FB2109C015
:10711000625F0000FB21F9BFFB210940FB21F93F21
:10712000075C143326A6A13C2DE9F04391B0202141
:107130006846F9F7FCF9754DA879697900EB0120EB
:1071400003F0D8FA724C0022234603F035F903F01D
:1071500045F8074695F8380095F8371000EB012000
:1071600003F0C8FA0022234603F026F903F036F8AC
:107170000446202108A8F9F7DAF96648DFF8988173
:10718000874207DD6548844204DA4146204603F021
:107190003DFE044600262046394604F041F9F11E22
:1071A00004F015FA814608AC304603F0B9FF0146F9
:1071B000484603F0FDFF394603F028FE414644F8F7
:1071C0002600884203DD04F02BF944F82600761CE3
:1071D000F6B2082EE8D300200BE0102860D2DFE8DA
:1071E00000F0080813131E1E292934343F3F4A4A71
:1071F000555500EB40012944009A0B7AC9791A448D
:1072000002EB012100914BE000EB40012944019A7F
:107210000B7AC9791A4402EB0121019140E000EB9D
:1072200040012944029A0B7AC9791A4402EB0121E0
:10723000029135E000EB40012944039A0B7AC979A9
:107240001A4402EB012103912AE000EB400129449A
:10725000049A0B7AC9791A4402EB012104911FE0C8
:1072600000EB40012944059A0B7AC9791A4402EBD4
:107270000121059114E000EB40012944069A0B7AA4
:10728000C9791A4402EB0121069109E000EB4001A3
:107290002944079A0B7AC9791A4402EB0121079114
:1072A000401CC0B2102898D31D4A1E4900201378F4
:1072B000EC4600BF1D1801EBC50754F820607E6046
:1072C0005CF82060401C7608C0B221F835600828C0
:1072D000F0D30833D8B21070E12813D30B4B002041
:1072E00013F13C0301EBC00403EBC00564686C6060
:1072F00031F8304023F83040401CC0B2E128F1D3CF
:107300000020107011B0BDE8F0830000E4170020E9
:10731000000059400000AF430000B443000050415A
:1073200078010020DC1000204FF0E020016921F0FE
:107330000401016103480921017042F228314180B2
:1073400070470000A00100200B49498848434FF0D6
:10735000E021486100228A61086940F0010008616B
:107360000869C30701D0C003FAD5086920F00100FD
:1073700008618A6170470000A00100200B4909786C
:1073800048434FF0E021486100228A61086940F0DB
:10739000010008610869C30701D0C003FAD5086974
:1073A00020F0010008618A6170470000A001002000
:1073B00008B560B120208DF8000028208DF801006C
:1073C00030208DF8020038208DF8030004E0A3225D
:1073D00004216846F9F781F86A46042140F69E20A8
:1073E00001F0B0FE01F076FB08BD00003EB504469A
:1073F00002208DF80000CA208DF80100E3208DF8EE
:10740000020009208DF803006A460421682001F07B
:1074100099FEA3208DF80000610609D5C0218DF8E2
:107420000110C8218DF80210C2218DF8031005E06B
:107430008DF801008DF802008DF8030014F4C07F70
:1074400009D0C4218DF80410CC218DF80510C62177
:107450008DF8061005E08DF804008DF805008DF814
:1074600006008DF808008DF807008DF809006A46BF
:107470000A2140F6A72001F065FEA0074FF0D805CD
:1074800003D020208DF8000001E08DF800506A46FE
:10749000012140F6B62001F055FEA00601D50120DD
:1074A00000E0002000F08EF814F4C07F1ED0E0054C
:1074B0000AD5B2208DF800008B208DF80100B6208F
:1074C0008DF802009B2009E0B0208DF8000080209C
:1074D0008DF80100B4208DF8020090208DF8030093
:1074E0006A46042140F6A22001F02CFEE1074FF489
:1074F0000B6022D0F8218DF800106A46012101F0BE
:1075000021FEFA21072000F039FB072000F004FBE0
:10751000012000F021FB642000F0C4FB4FF4FA705E
:1075200000F0D0FBC821254800F0BEFA282000F06A
:10753000D3FA0A2000F0E0FA05E08DF800506A4620
:10754000012101F0FFFDA00703D5D9208DF800002F
:1075500001E08DF800506A46012140F23D7001F0D3
:10756000F1FD600701D5012000E0002000F048F89F
:10757000E00601D5012000E00020FFF719FF104DC3
:1075800044F00800688101F0A5FA0020A8736006A5
:1075900001D50620A87314F4C07F02D0A87B801DFB
:1075A000A87314F0140F02D0A87B1030A873A007A2
:1075B00002D0A87B001DA87300203EBD09E3CA02CB
:1075C000F00900200EB54FF4976310B106A107C96A
:1075D00001E008A207CA8DE807006A46092118469B
:1075E00001F0B0FD0EBD0000B8AAB38DB4980D3502
:1075F0005D000000B8AAAAAAB088C3C5C7000000F1
:1076000008B560B1C0208DF80000C2208DF80100DF
:10761000C4208DF80200C6208DF8030004E08B2200
:1076200004216846F8F759FF6A46042140F698207D
:1076300001F088FD01F04EFA08BD0000C8234FF4A8
:107640008062024940F6F63001F026B93CC10008DC
:107650002DE9FF4F89B01746DDE9165200244C4E44
:10766000884681462C80A246B07B694601F0C0F96D
:107670004FF0FF3B18B158460DB0BDE8F08F708950
:1076800010F0140F3CD0009909BA21F0FF039DF8C7
:1076900003100B433B6001991B1409BA21F0FF0250
:1076A0009DF807105B430A437A6002999DF80B40EE
:1076B00009BA21F0FF012143B960039C091424BADF
:1076C00024F0FF0C9DF80F4012144CEA040CC7F88C
:1076D0000CC04FEA2C47494302FB023207FB07115B
:1076E00011441024A1F17061B1F1007F04D901F0BF
:1076F000F1F9A5F800A0BEE7298841F4807129803E
:107700004206694611D50A19A41D13885BBAA8F868
:10771000003053885BBAA8F80230928852BAA8F8B1
:1077200004202A8842F008022A8010F4C07F11D079
:107730000A19A41D13885BBAA9F8003053885BBAF4
:10774000A9F80230928852BAA9F804202A8842F097
:1077500070022A80800716D00C44E07800F0C00543
:1077600000F03F016078C00706D0C80801F00701AB
:107770003268491C02B190476078000703D57168F0
:1077800009B1A80988470C9801F054FD002073E75F
:10779000F00900202DE9FF41044603A800F032FF64
:1077A000BDF80C00410CC3032F48028902F003000E
:1077B000550754F8200000D54042C2F3C105960693
:1077C00054F8255000D56D42C2F38116D20554F805
:1077D000264000D56442A0FB0367C21702FB037278
:1077E00000FB0120820042EA9670A5FB0367EA17BE
:1077F00002FB037205FB0122950045EA9672A4FB89
:107800000367E51705FB037304FB01318B0043EAB3
:107810009671030E8DF80030030C8DF80130030AC9
:107820008DF802308DF80300100E8DF80400100C56
:107830008DF80500100A8DF80600080E8DF8080076
:10784000080C8DF80900080A8DF80A008DF8072049
:107850008DF80B106A460C214FF4257001F072FC74
:1078600004B0BDE8F0810000F009002030B5044606
:1078700013A285B007CA8DE807004FF0FF35C82C6A
:1078800016D8C820B0FBF4F1491E080A8DF80C0088
:107890008DF80D1003AA022140F2162001F052FCCF
:1078A00030B96A460C2140F6C12001F04BFC10B102
:1078B000284605B030BD054884810020F9E7000066
:1078C000FEF2ABC4AAF1DFDFBBAFDFDFF0090020BF
:1078D000F8B53049098901F0030250F822404A07FF
:1078E00000D56442C1F3C1028B0650F8222000D5B6
:1078F0005242C1F3811350F82330C80500D55B42D2
:10790000254984FB0140850045EA947082FB0142D1
:10791000A40F44EA820483FB0121950F45EA810507
:10792000010E8DF80010010C8DF80110010A8DF880
:1079300002108DF803006A4604214FF4747001F0C0
:1079400001FC4FF0FF3688B9200E8DF80000200CA6
:107950008DF80100200A8DF802008DF803406A4678
:1079600004214FF4757001F0EDFB08B13046F8BD0D
:10797000280E8DF80000280C8DF80100280A8DF8DB
:1079800002008DF803506A4604214FF4767001F02E
:10799000D9FBF8BDF009002009E3CA022DE9FF4137
:1079A00004463CA004F00303006802903AA000687B
:1079B00003903AA006683AA0056802A8C15C8DF859
:1079C0000010C4F3C101425C8DF80120C4F38112A0
:1079D000805C8DF8020003A8C35C8DF80430415C24
:1079E0008DF80510805C8DF806006A46032140F290
:1079F000264001F0A7FB4FF0FF37E0BB01AA0321AF
:107A000040F22A4001F09EFBA8BBCDE9006560076B
:107A10000BD59DF8000040F001008DF800009DF8A6
:107A2000040040F001008DF80400A0060BD59DF87D
:107A3000010040F001008DF801009DF8050040F0C4
:107A400001008DF80500E0050BD59DF8020040F01F
:107A500001008DF802009DF8060040F001008DF84D
:107A600006006A4603214FF4886001F06BFB10B9F1
:107A700001AA032100E004E040F2314001F062FB82
:107A800018B1384604B0BDE8F081064804810020F2
:107A9000F8E700004CCD6C000CC92C00365676007F
:107AA00026466600F00900204FF47A7290FBF2F04F
:107AB00008B54843010E8DF80010010C8DF8011037
:107AC000010A8DF802108DF803006A4604214FF474
:107AD000AE7001F037FB08BD0521B0FBF1F008B531
:107AE000010A8DF800108DF801006A4602214FF45A
:107AF000AD7001F027FB08BD0521B0FBF1F008B522
:107B0000010A8DF800108DF801006A4602214FF439
:107B1000AC7001F017FB08BD08B500218DF800100E
:107B2000C10702D030218DF80010810705D59DF8DE
:107B3000001041F00C018DF80010400705D59DF8AC
:107B4000000040F003008DF800006A4601214FF468
:107B5000A47001F0F7FA08BD08B560B1042800D997
:107B60000420401E8DF800006A46012140F24F10AB
:107B700001F0E8FA08BD0120F3E700002DE9FC411F
:107B8000054640074FF0FF367CD0B1F5C86F79D875
:107B9000084603F0C5FA3E4903F0ACF9074601A8D0
:107BA00000F012FD9DF80400022806D004280DD034
:107BB00008282ED0102865D134E00E21384603F075
:107BC00006FD03F075FA84B2324907E00D2138460C
:107BD00003F0FDFC03F06CFA2F4984B2384603F041
:107BE000E7FA03F065FA210A8DF8001080B28DF8EB
:107BF0000140010A8DF802108DF80300E8076C4679
:107C000020D0224602214FF4EA7001F09BFAC8BB53
:107C100011E00C21384603F0DAFC03F049FA84B293
:107C20001E49DBE70B21384603F0D1FC03F040FA94
:107C300084B21B49D2E7A21C02214FF4927001F0DA
:107C400081FAF8B9A8070DD56A4602214FF4EC7005
:107C500001F078FAB0B9A21C02214FF4947001F03F
:107C600071FA78B9680710D56A4602214FF4EE70B0
:107C700001F068FA30B9A21C02214FF4967001F0AD
:107C800061FA10B13046BDE8FC810020FBE700003E
:107C900000004843000040460000C0450000404549
:107CA0000000C0440521B0FBF1F008B5010A8DF8D1
:107CB00000108DF801006A4602214FF4EF7001F0C8
:107CC00041FA08BD0521B0FBF1F008B5010A8DF8B5
:107CD00000108DF801006A4602214FF4ED7001F0AA
:107CE00031FA08BD2DE9F04104464FF019404E49E4
:107CF000002500EB440088424AD84C49204603F056
:107D000057FA03F053FB804603F0B6F9064648499C
:107D1000404603F04DFA07464649404603F048FA0C
:107D2000214603F073FB394603F07AFB04464249CF
:107D300003F03EFA414903F069F8214603F038FAAE
:107D40006FF0414103F062F8214603F031FA3C49FB
:107D500003F05CF8214603F02BFA0146394806F09F
:107D60000304784450F8240003F022FA3649794499
:107D700051F8241003F04AF83449794451F824109A
:107D800003F044F8B11085BBBDE8F04103F01FBC1F
:107D90004FF0FF4131EA040018D04FF0CE41B1EB73
:107DA000440F84BF4FF07E50BDE8F0812849B1EB0D
:107DB000440F28BF0125A0D20220F8F75FFC14F081
:107DC000004F0ED0BDE8F041FEF758BE204614F536
:107DD000000F04BF0020BDE8F081BDE8F041FEF7D0
:107DE00045BEBDE8F041FEF744BE03F0F0FB0400E1
:107DF0000BD0B4F1FF4F0FD0FEF79EFD042808BF53
:107E0000FEF73CFE2046BDE8F0810220F8F736FC84
:107E1000BDE8F041FEF732BE0220F8F72FFCBDE8C6
:107E2000F041FEF726BE00000000501E3BAAB840FD
:107E3000F4FD05370070313E12BB2A3D12BB2A3ECD
:107E4000FFFF7F3F3A5200001E5200000252000026
:107E50000000A08510B504460548E1B2007828B1BD
:107E6000044800BF02F096F9204610BD0248F9E729
:107E70000800002000380140004800402DE9FE4382
:107E80000646264801AB042240680D21007800F028
:107E900099FA10B10720BDE8FE839DF804101C205C
:107EA00000EAD1029DF80710DFF87490C1F30113C6
:107EB0001A438DF800209DF80520C1F3810300EAE4
:107EC000D2021A438DF801209DF8062001F003012B
:107ED00000EAD20008430024124F8DF80200A046A9
:107EE0006D46285D10B146F824900AE046F82480DB
:107EF0000DE000BF56F82400394603F059F946F862
:107F00002400285D401E10F0FF002855F2D1641CAB
:107F1000E4B2032CE5D30020BDE70000A000002060
:107F20007B14AE3E1D5A843F2DE9FE4F05460120CD
:107F3000C14E8DF800004FF000088DF801803068C8
:107F40000C461746817C70686B460222007800F070
:107F500071FA4FF0FF3A00287AD1C820FFF7F4F900
:107F60008DF8008030686B460122C17B7068007814
:107F700000F060FA0028EFD130686B4601224179A9
:107F80007068007800F056FA0028E5D130686B463A
:107F90000122817C7068007800F04CFA0028DBD167
:107FA00030686B460122C17D7068007800F042FAAB
:107FB0000028D1D130686B460122017970680078C1
:107FC00000F038FA0028C7D14FF00C098DF8009066
:107FD00030686B46012201797068007800F02AFA57
:107FE000002835D10F20FFF7AFF9B06A6B460122A8
:107FF000407A8DF80000306881787068007800F071
:1080000019FA002824D1B06A6B460122007A8DF853
:108010000000306841787068007800F00BFA0028A2
:1080200073D1B06A807A0FB140F0E0008DF80000A3
:1080300030686B46012281797068007800F0FAF9A7
:10804000002862D12FB1B06AC07A40F0E00001E0B0
:108050004AE018208DF8000030686B460122C17993
:108060007068007800F0E6F9F0BB17B1C820FFF7A0
:108070006BF940208DF8000030686B4601220179D1
:108080007068007800F0D6F970BB78208DF8000099
:1080900030686B46012241797068007800F0CAF9B7
:1080A00010BB3220FFF750F98DF80080306847464A
:1080B0006B46417970680122007800F0BBF998B9ED
:1080C00031687068B046897A00786B46022200F009
:1080D00079F948B9BDF80000AF6040BAB0FBF9F0DB
:1080E0006F60C6B22F6000E00FE0A7606760276096
:1080F000002739E0D8F80010D8F804006B46C97A98
:1081000000780C2200F05EF910B15046BDE8FE8FF9
:10811000BDF80000236840BA02B2BDF80200BDF805
:1081200004101A44226040BA626800B210446060D1
:1081300049BAA06809B20844A060BDF806002B68DF
:1081400040BA02B2BDF808001A4440BA01B2BDF804
:108150000A002A606A6840BA11446960A96800B2DE
:1081600008447F1CFFB2A860B742C3D328688322AB
:10817000C117090441EA104100040023F8F777F819
:1081800032460023F8F773F8286068688322C11725
:10819000090441EA104100040023F8F768F8324668
:1081A0000023F8F764F86860A8688322C1170904FF
:1081B00041EA104100040023F8F759F83246002341
:1081C000F8F755F8A86020684FF40065C117090456
:1081D00041EA104100042A460023F8F748F83246E5
:1081E0000023F8F744F8206060682A46C1170904A4
:1081F00041EA104100040023F8F739F83246002321
:10820000F8F735F86060A0682A46C117090441EA0A
:10821000104100040023F8F72AF832460023F8F74B
:1082200026F8A060002802DDA0F5803001E000F50E
:108230008030A060002069E7A00000202DE9F34F06
:10824000DFF8A09083B08046A9F1040008260290D0
:1082500001204FF0000AEB46544601900298002599
:1082600050F8247004FB065258F8251059F82200E3
:1082700002F09EFF394602F0C9FD6D1C0746B5426B
:10828000F0DB5FEA0A0104D0B0F5000F06DA002047
:1082900004E0BAF1020F01D101F00CFF4BF8240009
:1082A0000198641C8442D9DB0F4D009E4FF07E5430
:1082B0002946304602F048FF01D2284607E0214611
:1082C000304603F041F801D2204600E0304607492D
:1082D000009002F06DFF049908600499486005B0B1
:1082E000BDE8F08F38CD0008000080BF0000484393
:1082F0002DE9F84F81462E488846002540686B4698
:10830000032200780D2100F05DF810B10720BDE8D0
:10831000F88F9DF80000002400F01F008DF8000089
:108320009DF801006FF00F0B00F01F008DF80100A9
:108330009DF802006E4600F01F008DF802004FF01D
:10834000010A00BF59F8241058F82400081A00D573
:10835000404202F0CDFE594603F039F90746305D40
:10836000C0B1144802E0144902F022FF315D491EF9
:1083700011F0FF013155F6D10146384602F0BAFD41
:108380004FF07E5103F04CF80C4920F00040884239
:1083900005DC07E00A483844B0F1D97F02D90AFA6F
:1083A00004F00543641C032CCCDB2846AFE7000037
:1083B000A00000200000C84154E3853F295C0F3E27
:1083C0000000E0BE2DE9F0411D4614460F4606466A
:1083D000FCF70CFAB0B17006000EFCF7D7F9FCF709
:1083E0004DFA90B13846FCF7D1F9FCF747FAFCF7A3
:1083F000FDF9012000EB4600C0B2FCF7C7F9FCF71D
:108400003DFA0FE00120BDE8F081FCF717FAF9E72B
:10841000012C0DD05FF00100FCF782F9641E05F815
:10842000010BE4B2002CF3D1FCF708FA0020EAE7D4
:108430000020F1E72DE9F0411E4615460F4604469F
:10844000FCF7D4F968B16006000EFCF79FF9FCF761
:1084500015FA48B13846FCF799F9FCF70FFA0024F1
:108460000CE00120BDE8F081FCF7E8F9F9E7305DA8
:10847000FCF78CF9FCF702FA10B1641CAC42F6DB95
:10848000FCF7DCF90020EDE790F90010002902DD8F
:108490004FF00000704702DA4FF00400704790F987
:1084A0000110002902DD4FF00100704702DA4FF0A1
:1084B0000500704790F90200002802DD4FF002002D
:1084C000704702DA4FF0060070474FF00700704720
:1084D000FAF74EFDFDF71EFEFCF7F0FEFCF7A0FFDD
:1084E000FDF7D0F8FDF7EAF8FDF748F8FDF70CF8CE
:1084F000FCF7B2FEFCF7CCFEFDF77AF8FDF7A0F82A
:108500000220FCF7BDFA0120FCF7BAFAFEF70CFFD7
:10851000F9F7CCF9FDF772FAFCF75CFEF9F730FADF
:10852000124C134F00262670FAF714FD6168411AA9
:10853000142902D36060F9F7D5F8FAF70BFD054668
:10854000E068281A142802D3E560FDF735FCA0681E
:10855000281A642802D3A56000F076FE3868002847
:10856000E1D0FCF76FFD3E60DDE700000800002071
:108570007C0100202DE9F041124C20F00101002582
:1085800094F8240010B10020BDE8F081A07A4FF0EB
:10859000FF3668B10840277C2074884200D03546F9
:1085A00041B1012001F034FD00F094FA38B1277494
:1085B0003046E9E7207D00B1012001F029FD284681
:1085C000E2E70000A00000200D494A7A42B1012AEA
:1085D00008D0022A0FD0032A0FD04FF0FF30704787
:1085E000022200E004220270C97C11B11106C90DFB
:1085F0000170002070470822F5E71022F3E7000021
:10860000A00000200F494A7A42B1012A09D0022A6B
:1086100011D0032A12D04FF0FF3070474FF4804240
:1086200001E041F69C720280C97C11B1C2F34E0197
:108630000180002070474FF48052F4E74FF400624D
:10864000F1E70000A00000200B49097A39B10129A7
:1086500007D002290AD003290BD0002103E0FA2118
:1086600001E04FF4FA710180002070474FF47A71F5
:10867000F9E74FF4FA61F6E7A00000200A49097A09
:1086800041B1012908D002290AD003290AD04FF0AC
:10869000FF307047054900E0054901600020704740
:1086A0000449FAE70449F8E7A0000020000003436A
:1086B0000000834233330342333383410C49C97A88
:1086C000072913D2DFE801F01204060A0C0E10008D
:1086D000BC2100E062210180002070472A21FAE7D6
:1086E0001421F8E70A21F6E70521F4E70021F2E773
:1086F000A0000020054991F8242012B14FF0FF306E
:108700007047C9890180002070470000A000002048
:108710002DE9FC414C4C80208DF8000020686B4610
:108720000122817C60680078FFF784FE4FF0FF37FC
:10873000002832D16420FEF707FE00258DF8005096
:1087400020686B460122817C60680078FFF772FE2A
:10875000002870D120686B460622817D6068007811
:10876000FFF730FE002866D19DF805009DF8031044
:10877000C007400F01F0010140EA41019DF80100EE
:108780004FF0010600F00100014309D0012905D096
:10879000022915D02DA0F7F78FFD4CE0E67410E00C
:1087A00020686B460122C17860680078FFF70AFEF6
:1087B00040BB9DF8000010F00F0020D0042822D00C
:1087C000E574FF2004F80A0F4FF6FF7104F8020C5D
:1087D00004F8010C6070A180A0712072A67026764A
:1087E0006576E572A572E56025616561A576E57639
:1087F000A5834FF4FA6000F06BFB18B907E01D4841
:10880000F7F75AFD17E01CA0F7F756FDC6E7022060
:1088100000F080FA78B92A2000F0C2FB58B9322063
:1088200000F0F4FB38B90020FFF7A4FE18B90020CF
:1088300000F0A4FA10B13846BDE8FC81002000F039
:1088400025FC0020F8E70000A0000020556E73759D
:1088500070706F7274656420736F6674776172658F
:108860002070726F64756374207265762025642EA3
:108870000A0000004CD0000848616C662073656EE9
:108880007369746976697479207061727420666F97
:10889000756E642E0D0A00002DE9FF4FDFF89480FD
:1088A000064685B098F8250015460F464FF0FF396B
:1088B000B0BBAFB3002420E0301B102800DD102037
:1088C00080B283463A1901469246204600F03AFCAF
:1088D00030BB6A465946204600F0D2F800BB5046ED
:1088E0005A466946F7F7CDFD20B16FF0010009B097
:1088F000BDE8F08F04EB0B0084B2B442DCD3280A4D
:108900008DF810008DF81150D8F80000444604ABE3
:10891000817ED8F8040002220078FFF78BFD08B1B1
:108920004846E4E7012084F825000898E084002008
:10893000DDE70000A00000202DE9F84305464FF0D8
:10894000FF39282844D80727284C00267DB101206C
:1089500000F0F4FA20208DF800004FF00108012DFE
:1089600017D0052D18D88DF8018005201FE00020B4
:1089700000F0E4FA8DF800608DF8017020686B4615
:108980000222817C60680078FFF754FD00BB2675E9
:1089900029E08DF80160E8E7142D04D802208DF855
:1089A00001000A2003E003208DF80100142000F0EC
:1089B000F7FA9DF801006B4607EB80108DF8010077
:1089C00020680222817C60680078FFF733FD10B1D7
:1089D0004846BDE8F8830820A072267384F8148006
:1089E0000020FFF7C7FD0020F3E70000A0000020F3
:1089F0002DE9F843214C0646174694F82400894691
:108A00004FF0FF3890B3A07A80B320686B46022203
:108A1000817A60680078FFF7D5FC38BBBDF80000AC
:108A200045BAB54202D2002038701FE06068418824
:108A3000B5EB510F11D9216800786B46497C0122B2
:108A4000FFF7C0FC90B99DF80000C00605D500F006
:108A500041F86FF00100BDE8F8832068F2B24B46A0
:108A6000C17A60680078FFF7ADFC08B14046F2E7D4
:108A7000B5FBF6F0401E38700020ECE7A0000020A7
:108A8000F8B516000D464FF0FF371FD0104CA17AF5
:108A9000E1B1010A8DF80010C0B28DF80100411952
:108AA00060684289914211D8216800786B46097E3E
:108AB0000222FFF7BFFC48B92068EAB23346417D85
:108AC00060680078FFF77EFC002800D03846F8BDCB
:108AD000A0000020F8B5524C4FF0FF36A07A0028D5
:108AE0007CD000258DF8005020686B460122C17BA8
:108AF00060680078FFF79EFC00286FD120686B4605
:108B00000122417960680078FFF794FC002865D164
:108B100020686B460122017960680078FFF78AFCC3
:108B200000287AD194F82400C8B30C208DF80000F6
:108B300020686B460122017960680078FFF77AFCB3
:108B400000286AD1C0208DF80000A07AC00702D0AA
:108B5000E0208DF8000020686B46012201796068F2
:108B60000078FFF767FC002857D1607C18B102201D
:108B70008DF8000001E08DF8005020686B4601225E
:108B8000C17B60680078FFF755FC38BB8DF800505A
:108B900020686B46012241796068007839E0FFE780
:108BA00004208DF8000020686B460122017960687E
:108BB0000078FFF73FFC88B9A07C80B9A07AC00795
:108BC0000DD060208DF8000020686B4601220179ED
:108BD00060680078FFF72EFC00B902E01DE040203D
:108BE000F0E7607C18B101208DF8000001E08DF8FD
:108BF000005020686B460122C17B60680078FFF757
:108C000019FC50B92068064B012241796068103385
:108C10000078FFF70FFC002800D03046F8BD0000B8
:108C2000A00000202DE9F047394C82468AB094F824
:108C300024000F4620B1002000F00EF9012600E0CC
:108C4000002607A8FFF700FD06A8FFF7BDFC09A84E
:108C5000FFF734FD08A8FFF74DFD94F80A9094F84B
:108C600010800025002239465046FFF75DF910B10B
:108C70006D1C022DF6DB022D1AD00025012203A95E
:108C80006846FFF751F910B16D1C022DF6DB022D7D
:108C90000ED003A93846FDF7FFFEC7B2694650461D
:108CA000FFF726FB10F0FF0F4FF0000502D002E0A7
:108CB000002503E001250FB945F00205FF202072D1
:108CC0006072E0724FF6FF71E181A07220740120A2
:108CD0002073BDF81C0000F0FBF89DF8180000F0B0
:108CE00019F8BDF8240000F05BF9BDF8200000F091
:108CF0008DF9484600F0CAF94046FFF73BFC16B133
:108D0000012000F0A9F80AB02846BDE8F08700006D
:108D1000A000002038B5184C4FF0FF35A17A19B3E8
:108D2000022806D0042806D008280ED010281BD10F
:108D30000DE0002000E008208DF80000607A9DF82A
:108D40000010B0EBD10F04D005E01020F4E718209C
:108D5000F2E7002038BD20686B460122C1796068C7
:108D60000078FFF767FB08B1284638BD9DF8000082
:108D7000C0086072EDE70000A0000020F8B5354C97
:108D80000546A07CA84201D10020F8BD31484FF033
:108D9000FF366B46D0E900104FF0010209790078E8
:108DA00035B3FFF70FFB70BB9DF800006B4620F05A
:108DB00020008DF8000020680122017960680078A9
:108DC000FFF738FBF8B90320FEF7BEFA02208DF852
:108DD000000094F8220078B382202BE020686B46D4
:108DE0000122017D60680078FFF724FB58B92EE06E
:108DF000FFF7E8FA38B9A07AC0079DF8000003D061
:108E000040F0200002E00CE020F020008DF800008F
:108E100020686B460122017960680078FFF70AFB41
:108E200008B13046F8BD0320FEF78EFA94F8220010
:108E300000B180208DF8000094F823000028CDD0E8
:108E40009DF8000040F030008DF80000C6E7A574E2
:108E50009AE70000A000002038B51C4C94F82410BC
:108E600081421DD0002500B394F82500D0B1002028
:108E700001F0CEF80020FFF781FFE08C00F0C6F88B
:108E80008DF8005060686B46012200782321FFF7BF
:108E9000D1FA012084F8240001F0BAF8FFF71AFE95
:108EA000002038BD4FF0FF3038BD002001F0B0F891
:108EB000207C8DF8000060686B4601220078232139
:108EC000FFF7B8FA84F82450E8E70000A00000207B
:108ED00038B5194C4FF0FF35A17A31B3FA2809D0D3
:108EE000B0F5FA7F08D0B0F57A7F0FD0B0F5FA6F01
:108EF0001BD10DE0002000E008208DF80000207A52
:108F00009DF80010B0EBD10F04D005E01020F4E77D
:108F10001820F2E7002038BD20686B4601228179D5
:108F200060680078FFF786FA08B1284638BD9DF8DA
:108F30000000C0082072EDE7A000002038B5174CF3
:108F4000054694F82300A84201D1002038BD0DB198
:108F5000302000E000208DF80000A07C28B19DF8B2
:108F6000000040F002008DF8000094F8220028B1C3
:108F70009DF8000040F080008DF8000020686B46EE
:108F80000122017D60680078FFF754FA10B14FF0BC
:108F9000FF3038BD84F82350D7E70000A000002040
:108FA00038B5194C4FF0FF35A17A31B3BC2801D345
:108FB000012010E0622801D302200CE02A2801D30E
:108FC000032008E0142801D3042004E00A2801D378
:108FD000052000E006208DF80000E07A9DF80010E2
:108FE000884201D1002038BD20686B46012281787B
:108FF00060680078FFF71EFA08B1284638BD9DF872
:109000000000E072EEE70000A0000020F8B51E4D61
:1090100004464FF0FF37A87A48B395F8240030BBD8
:10902000287D4FF47A7648B164B1282C03D8E0B299
:10903000FFF782FC26E00020FFF77EFC042C05D21F
:10904000042406E00020FFF777FCF9E7B44200D9DA
:109050003446B6FBF4F0401E8DF8000028686B46DD
:109060000122417868680078FFF7E4F908B13846D2
:10907000F8BD9DF80000401CB6FBF0F0E881400808
:10908000FFF78EFF0020F8BDA0000020F8B50546D0
:1090900010F0700F4FF0000601D0012004E015B170
:1090A0008DF8006002E040208DF80000244C6B46F3
:1090B00001222068817C60680078FFF7BBF94FF0DF
:1090C000FF3760BB9DF8000020F0400020738DF852
:1090D0000060680602D404208DF80000A80605D4BC
:1090E0009DF8000040F002008DF80000E80605D46D
:1090F0009DF8000040F001008DF80000280705D41D
:109100009DF8000040F038008DF8000020686B46A4
:109110000122C17C60680078FFF78CF910B1A6725B
:109120003846F8BD25B1082D02D00020FFF706FF14
:10913000A57226753220FEF707F90020F8BD000061
:10914000A0000020F8B516000D464FF0FF371FD0E5
:10915000104CA17AE1B1010A8DF80010C0B28DF86F
:109160000100411960684289914211D82168007854
:109170006B46097E0222FFF75DF948B92068EAB222
:109180003346417D60680078FFF754F9002800D02D
:109190003846F8BDA00000202DE9F05F9946DDF8C3
:1091A0002CB00D46824691422ED1002728E00024A3
:1091B00023E00C9909FB07F0002201EB800816461A
:1091C00048F8242016E000BF09FB06F00BEB8000F6
:1091D0000A9A50F8241005FB07F002EB800050F8C3
:1091E000260001F0E5FF58F8241001F00FFE48F8C2
:1091F0002400761CAE42E7DB641C4C45D9DB7F1CA7
:109200005745D4DBBDE8F09FBDE8F05F01A0F7F75C
:1092100053B80000B4EDCEF3A3BABED8D5F3B5C4AD
:10922000B3DFB4E7B2BBB6D4A3A10000002800DAD4
:109230004042704770470246012000E05043491EFB
:10924000C9B2FBD270470000F8B54FF48061B64850
:10925000F7F74BF90021B5A20846FCF7F5FCB44836
:109260000C2500950288042300212820FCF7B0FC7F
:10927000B0A200214620FCF7E7FCB04800680128B6
:1092800004D1AF48006808B1AEA200E0AEA2002150
:109290006920FCF7D9FCADA20A210020FCF7D4FC20
:1092A000AC480078012804D1ABA20A215220FCF777
:1092B000CBFCAA480078042801D0052808D1A8488A
:1092C0000078012804D1A7A20A215220FCF7BCFC97
:1092D000A64CA74E2068B04207D3A6A20A21302090
:1092E000FCF7B2FC2068B04204D2A3A20A213020CD
:1092F000FCF7AAFC206801F0BFFEFFF797FF0246CB
:1093000003230A2138200095FCF762FC9BA214215C
:109310000020FCF799FC9B4C2068B04207D395A233
:1093200014212A20FCF790FC2068B04204D292A2BB
:1093300014212A20FCF788FC206801F09DFEFFF72D
:1093400075FF02460423142132200095FCF740FCEF
:109350008D4CA06801F0ACFE82B20523142152208E
:109360000095FCF735FC89A214217220FCF76CFCF7
:1093700087A21E210020FCF767FC864F3868002872
:1093800011DA7CA21E211020FCF75EFC3868FFF782
:109390004DFF024604231E211A200095FCF718FCFD
:1093A000386800280EDB74A21E211020FCF74CFC4C
:1093B0003868FFF73BFF024604231E211A20009560
:1093C000FCF706FC2068B04207D36AA21E213C20AD
:1093D000FCF73AFC2068B04204D267A21E213C2070
:1093E000FCF732FC206801F047FEFFF71FFF024642
:1093F00004231E2144200095FCF7EAFB66A21E21EF
:109400006020FCF721FC66A228210020FCF71CFC50
:10941000644F3868002811DA56A228211020FCF782
:1094200013FC3868FFF702FF0246042328211A20A4
:109430000095FCF7CDFB386800280EDB4EA22821F2
:109440001020FCF701FC3868FFF7F0FE0246042309
:1094500028211A200095FCF7BBFB6068B04207D3B7
:1094600044A228213C20FCF7EFFB6068B04204D204
:1094700041A228213C20FCF7E7FB606801F0FCFDDD
:10948000FFF7D4FE02460423282144200095FCF770
:109490009FFB41A228216020FCF7D6FB42A232218B
:1094A0000020FCF7D1FB41A232211E20FCF7CCFBAF
:1094B0003DA232214020FCF7C7FB3D4C6421022332
:1094C0002068009590FBF1F232211320FCF780FB1D
:1094D00020680A2690FBF6F090FBF6F106FB1102DD
:1094E000012332212A200095FCF772FB206801231A
:1094F00090FBF6F106FB1102322108460095FCF7BD
:1095000067FB2C4C207830B10FA232215F20FCF792
:109510009BFB207820B928A232215F20FCF794FB26
:10952000BDE8F840FCF7E6BAF005002041444300EE
:109530001C00002041564F3A00000000200000208F
:10954000240000204F5F4E004F464600416E676C7E
:109550006500000018000020505332001900002060
:109560001A0000204C696461720000006000002055
:10957000000080802D0000002B0000004779726FF2
:109580007800000064000020540200206D6D00008F
:109590004C000000540000206D6D2F73000000008F
:1095A0005200000058000020560000002E0000006D
:1095B0005C000020040000204F4E20002DE9F04DFB
:1095C0001D460C4698B0174621F0004123F0004399
:1095D000002814BF4FF0010C4FF0000C0CEB440CB2
:1095E000FE4A0CEB02064FEA620C66452BD33E00A6
:1095F00018BF012606EB45061644F94A964222D3C7
:10960000F84A53EA070C02D0944205D148B918B081
:1096100000201146BDE8F08D002808BF4FF0000C77
:1096200001D04FF0010C0CEB440212F5001F0AD8D8
:10963000002F14BF4FF0010C4FF0000C0CEB450253
:1096400012F5001F07D918B03A462B462146BDE84F
:10965000F04DFDF7F4B90022DFF88CA3002CB8BF61
:10966000534526DADFF884C36345A8BF022220DA17
:10967000DFF870C39C451CDCDFF874C30CEB235C83
:10968000BCF1140F08DDCCF1340627FA06FC0CFA05
:1096900006F6BE420DD108E05FB9CCF1140623FAFC
:1096A00006FC0CFA06F69E4203D10CF00102C2F150
:1096B000020251EA000C19D1002D17DA002C18BF54
:1096C000022A01D0012A07D00220F6F7D7FF18B0EE
:1096D000BDE8F04DFDF7A8B90220F6F7CFFFFDF782
:1096E000A3F918B081F00041BDE8F08DB7F1000C8E
:1096F0006CD1534525D104F1804212F5801201BF8F
:1097000000280020B74918B008BFBDE8F08DB54863
:10971000884207DC002DA1BF6046294618B0BDE88D
:10972000F08D07E0281E05DA80F0004118B0604691
:10973000BDE8F08DAF497944D1E9000118B0BDE82A
:10974000F08DDFF8A0C2634525D1002D1FDA19B1D5
:10975000514512D1D8B909E0002840F0EC82A24A64
:10976000214618B062F31E01BDE8F08D00202146AD
:1097700018B060F31E01BDE8F08D08DA18B023467A
:10978000BDE8F04D02460020614600F015BE18B05D
:109790002146BDE8F08D514518DAB5F1804F0DD066
:1097A000A5F1005CBCF1FF5C10D1B4F1000C0DDB45
:1097B00018B06146BDE8F04D00F056BC234618B025
:1097C0000246BDE8F04D194600F0E4BF060024F063
:1097D000004C3BD1D9B1514533D1002C06DD002DD1
:1097E000A1BF0020514618B0BDE8F08D002C01DD6E
:1097F000002D1BDB002C13DA002D11DB012A4FF0AA
:10980000000014BF78497C4918B0BDE8F08D022AE9
:1098100018BF002C0AD0012A08D1002C06DA0AE071
:10982000002CB8BF002D11DA012A04D0002018B096
:109830000146BDE8F08D18B000204FF00041BDE8B2
:10984000F08DA1F14050B0F17F601AD0012000EB03
:10985000E47050EA020421D0624C521E4FF0000B1B
:10986000104304BF4FF0000B644C654883427CDD1D
:10987000644A654893421FDD884217DB002D25DBD3
:1098800037E0002C00DA4AB1022A0CBF01204FF069
:10989000FF3018B0BDE8F04D00F015BF0120F6F71D
:1098A000EDFE18B0BDE8F04DFDF7CBB84D4A8A4249
:1098B00002DC002D0ADC1CE0814202DA002D18DAFD
:1098C00004E0484B994220DD002D12DD0220F6F71E
:1098D000D5FEFDF7BCF805460E4600225346584615
:1098E000214600F057FF18B066F31E012846BDE878
:1098F000F08D0220F6F7C2FEFDF7B0F80A462146C9
:1099000018B062F31E01BDE8F08D002230466146BA
:1099100001F066F980460E466FF0010201F029FE63
:109920004FF05532394B01F069F84246334600F0AA
:1099300031FF0022364B01F061F882464246334641
:1099400004911046194600F025FF5246049B00F092
:1099500021FF8A4600904FF0C0422E4B40463146D0
:1099600000F018FF2C4A2B4B00E027E0CDE9060160
:109970005146009800F00EFF82460191274A284B7D
:109980004046314600F006FF5246019B01F028F99F
:1099900082460B4602460591DDE9060100F050FCC7
:1099A000DDE9062300268846304601F019F95246C3
:1099B000059B01F023F8024600F07EB90020B1F5C6
:1099C000801F07DA35223046614601F0D2FD064697
:1099D0006FF0340000EB215024E00000FFFF1F0077
:1099E000FFFF0F000000F03F0000F07F0000404349
:1099F00001FCFFFF763800000000F0FF0000F0BF20
:109A00000000E0410000F043FFFFEF3F5555D53F18
:109A10000000E03F4715F73FFE822B6544DF5DF80D
:109A20000BAE543EA0F2FF300190C1F3130040F0A2
:109A30007F6141F040510291FE498842D8BF002029
:109A400004DDFD498142C8BF012001DD0D9008E021
:109A500000200D900198401C01900298A0F5801004
:109A600002900299F54878440B910D9900EBC100E2
:109A7000D0E900230F9330460A920B9901F0B0F819
:109A8000CDE90601DDE90A2130460F9B00F0D8FB45
:109A900002460B460020EA4900F08EFC0591024682
:109AA0000B460090DDE9060100F074FE1490E548D5
:109AB0008A464FF0000878440299006812904FF0EF
:109AC000005040EA61010D980F9B01EB804000F5CA
:109AD000002109910A9A129801F082F832460B9BF4
:109AE00000F08CFF4246534600F054FE06460291B9
:109AF00040465146099B129A00F04CFEDDE90623D0
:109B000000F07CFF3246029B01F06AF8059B009A48
:109B100000F040FE0091149A0490534610461946F6
:109B200000F038FE06460246C7480B460291062161
:109B30007844FCF724FFCDE90510029B324610461D
:109B4000194600F027FEDDE9053200F023FE0591FD
:109B50000646534640461946149A00F071FB009B96
:109B6000049A00F017FE3246059B00F069FBCDE930
:109B70000510424653461046194600F00BFE0022DF
:109B8000B24B02910A9000F05BFBDDE9053200F078
:109B900057FB0E464246AD4B404601F021F8029B72
:109BA0000A9A01F01DF8DDE9053200F027FF424670
:109BB00002910A9033461046514600F0EBFDCDE984
:109BC00006015346149A02990A9800F0E3FD8A466A
:109BD0000290334642460099049800F0DBFD53465C
:109BE000029A00F02DFB82460B4602460591DDE904
:109BF000060100F025FBDDE9062300208846064625
:109C000000F0EEFF5246059B00F0F8FE82460991F7
:109C10004FF060428E4B3046414600F0BBFD049051
:109C200006918C4A8A4B5046099900F0B3FD824652
:109C30000291894A894B3046414600F0ABFD5246BD
:109C4000029B00F0FDFA864B7B440D9A03EBC203A6
:109C5000D3E9002300F0F4FA0E900791019800F088
:109C600032FD0591DDE9061382460E9A049800F054
:109C7000E7FA7C4A7A440D9B02EBC303D3E9002345
:109C80000093029200F0DCFA5246059B00F0D8FAED
:109C90000026884652463046059B00F0A1FF009BF7
:109CA000029A00F09DFF069B049A00F099FF079B23
:109CB0000E9A00F0A3FE024600200B4602903846A2
:109CC000294600F067FD824601912B463846194629
:109CD000029A00F085FF3246434600F05BFD524693
:109CE000019B00F0ADFA07468A46324643462946B4
:109CF000029800F04FFD05460E463A46534600F0E6
:109D00009FFA594A8846914221DBA8EB020353EAA5
:109D1000000210D12A46334600F062FFCDE904016B
:109D2000524A534B3846514600F08AFADDE9042383
:109D300000F02EFE21D20220F6F7A0FCFCF787FEF1
:109D40000A46214618B062F31E01BDE8F08D494B6A
:109D500028F000429A4210D3474A08EB020353EA24
:109D600000027FF4C6AD2A46334600F039FF3A467A
:109D7000534600F00DFE7FF6BCAD0022019228F0A4
:109D800000403E493E4A01EB2051824223DA481C02
:109D90004FF4801121FA00F040443A4AC0F30A51CE
:109DA0007A44394BA1F2FF31CB4020EA0303C0F3E0
:109DB000130040F48010C1F11401C84012680190F2
:109DC000B8F1000FBCBF404201902846314600F078
:109DD00007FF05460E462A4633463846514600F0F0
:109DE0002FFA4FF000084246284B4046059100F0FC
:109DF000D1FCCDE90601264A264B4046059900F0E4
:109E0000C9FC009102902A4633464046059900F06D
:109E1000E7FE3A46534600F0F1FD1F4A1F4B00F0A3
:109E2000B9FC009B029A00F00BFA074688460246EE
:109E30000B4635E08E9803007AB60B00F63300002F
:109E40000000F03FF63400005C33000000000840E2
:109E500009C7EE3FFD033ADCF5015B14E02F3EBE7F
:109E600034320000F831000000009040FE822B6583
:109E70004715973C00CC904000346F3F01FCFFFF3A
:109E80000000E03F0C320000FFFF0F00432EE63FD2
:109E9000396CA80C615C20BEEF39FAFE422EE63F19
:109EA000DDE9060100F0CCF9DDE9062305460E46A2
:109EB00000F096FE3A46434600F0A0FD0F462A46C3
:109EC000334600901046194600F064FC8246024674
:109ED0002E4888460B4605217844FCF750FD524633
:109EE000434600F057FC2A46334600F087FD804683
:109EF0008A463B4628463146009A00F04BFC3B46DA
:109F0000009A00F09DF90691009000224FF08043E6
:109F10004046514600F064FE0F460C9042465346C0
:109F20002846314600F036FC3B460C9A00F044FAD5
:109F3000069B009A00F054FE2A46334600F050FE7D
:109F40000022134B00F05AFD054601980E4601EB26
:109F500000510815002810DC28463146019A01F00E
:109F600008FBFCF7D5FC042808BFFCF777FD284662
:109F70003146019A01F0FDFA05460B4618B02A4613
:109F800058462146BDE8F04D00F004BCE42F000027
:109F90000000F03F10B588B0694604A8FEF742FE05
:109FA000072832D107A8FEF769FB049801F0A0F852
:109FB00007990C4601F0FCF801F05EF80490059852
:109FC00001F096F8214601F0F3F801F055F80590FC
:109FD000069801F08DF8214601F0EAF801F04CF8FE
:109FE000069004A8FDF774FC03A8FEF70BFBBDF870
:109FF0000C0000994143009101994143019102995C
:10A00000414368460291FDF7C5FB08B010BD000052
:10A01000F8B5144C0146224694F82460D2E90002B7
:10A0200000235D1E56B179B1022111E0C17B107889
:10A030006B460122FEF7FEF968B90EE0A67A56B12A
:10A0400011B1617C61B902E08DF80030EEE70121C9
:10A050008DF80010EAE72846F8BD9DF8000060740E
:10A060000020F8BDA00000202DE9F04106460F4673
:10A0700000F0D0FC041E0D4618BF0120284320F03C
:10A080000040C0F17F6000F1E040C00F0ED0301CF6
:10A0900018BF0120384320F00040C0F17F6000F17C
:10A0A000E040C00F04BF0120F6F7E8FA2046294639
:10A0B000BDE8F0812DE9F047314A324B05464FF0BB
:10A0C0007F4120F00044B1EB450F54D39C421BDD8F
:10A0D000B1EB440F18D39442C8BF4FF07E5044DC1C
:10A0E0000121204601F073FAFDF7FCFD4FF07E518F
:10A0F00000F08CFE01464FF0804000F0FBFE4FF078
:10A100007E5101F083F930E0B4F1665F0BDAB1EB18
:10A11000440F08D32046FCF70FFC042808BFFCF7C7
:10A12000ADFC204621E02146174EDFF860A0184F15
:10A13000084601F03DF88046514601F039F83146B5
:10A1400000F064FE414601F033F8064639464046C9
:10A1500000F05CFE0146304600F0CCFE0146204691
:10A1600001F026F8214600F051FE002DB8BF80F026
:10A170000040BDE8F087BDE8F047FCF777BC000081
:10A18000B32C1041549F0C3FC6E252BFB2117BBBAF
:10A190001A2A1E4044F6206200E0521E03685B0645
:10A1A00002D4002AF9D17047002AFCD041607047E0
:10A1B00010B500290AD00878002807D0054878444F
:10A1C000F6F72AFE002801D0002010BD024878448E
:10A1D00010BD0000A22F00009A2F000021F00042C5
:10A1E000A2F16052B2F5801F01F0004328BFD2F106
:10A1F0007F6C0BD95FEA001C43EAC20242EB50704D
:10A2000018BF704728BF20F001007047B2F5801FCB
:10A21000BCBF184670474FEA410C1CF5001F02D224
:10A22000084601F08CB870B500F05EFB00000089B4
:10A23000FFF7F6BF4FF00040A0F580007047000028
:10A2400010B591EA030F48BF83F0004300F1D084BA
:10A25000841A71EB030C05D2121943EB0C03001B9B
:10A2600061EB0C01DFF824E14FEA1154A4EB135C1D
:10A270001EEA430F18BF9EEA445F73D023EA0E0321
:10A28000DCF1200E21EA045143F4801332D322FA88
:10A290000CFE10EB0E0023FA0CFE41EB0E01CCF18C
:10A2A000200E03FA0EFE10EB0E0051F10001B1F585
:10A2B000801FCCF1200E32D201EB045112FA0EF2C3
:10A2C000BDE8104058BF7047401C38BF5FEA4202EB
:10A2D00018BF7047002814BF20F0010041F10001B1
:10A2E0004FEA410313F5001F38BF7047A1F1C04189
:10A2F00000F048BB012A43EB0302ACF1200CDCF177
:10A300001F0E32BF4FF0000E23FA0CF310EB0300C8
:10A3100041EB0451B4EB115FD0D0A1EB045101F536
:10A32000801149085FEA300001EB04510ED350F16F
:10A33000000038BF12FA0EFE08D1BDE81040C9E790
:10A34000401C38BF5FEA4202CAD1C3E7BDE81040F3
:10A350004FEA410313F5001F38BF7047A1F1C04118
:10A3600000F010BB9EEA445F08D011EA5E0FBDE822
:10A37000104004BF01F0004100207047BDE81040CC
:10A3800070B500F0B1FA00BF64FBBE3E0000E0FF14
:10A3900002494FF0000001F0BAB800BF0000F87F9A
:10A3A000491058BFC1F140415B1058BFC3F1404351
:10A3B0008B42EFF3008070472DE9C04130B4DFF8E5
:10A3C000A0C23CEA111418BF3CEA131400F0EC8060
:10A3D00081EA03051CEA111444EAD57418BF1CEA8B
:10A3E000131500F0C780A4EB05044FF0004545EAC3
:10A3F000C12145EAC32341EA505143EA525304F1D3
:10A400007F74994204F500344FEAC0204FEAC2221B
:10A4100008BF904200F09C804FEA13650FF240168F
:10A42000765D4FEA134506FB05F7C7F1807706FB1B
:10A4300007F74FEAD737A7FB03687642C8F580389D
:10A44000A7FB06CE38BFA8F1010807FB08E64FF0CE
:10A45000000EA6FB028CE6FB03CEDCF1000CCEF175
:10A46000004E38BFAEF1010EA6FB0C584FF00007AE
:10A470004FF00005E6FB0E87A1FB08C6A0FB07CE48
:10A4800016EB0E0645F10005E1FB076515F1E04E00
:10A490007EBFA4F580345FEA46066D4116F1800761
:10A4A00045F100054FEA17274FEA066647EA0567B8
:10A4B000A6F1DE46B6F1805F4FEA15251FD9384672
:10A4C00024F0010C05EBC471BCF1FE6F01EB0C1123
:10A4D00002D8F0BCBDE8008124425CBF01F5801EBB
:10A4E0009EEAC47F02D4F0BCBDE80081244238D487
:10A4F000F0BCA1F1C041BDE8004100F043BA4FEA11
:10A50000D22242EA43524FEAD323A7FB02864FEA04
:10A51000D02040EA415007FB03661EEA0E0F4FEAC7
:10A52000D12105FB026658BFA6EB0056B6EB0056DC
:10A530004FEA520E4EEAC37E18EB0E0E56EB530E48
:10A54000BDD518EB02085E417F1C55F10005B6E74A
:10A550004FF480154FF000074FF000064FF0000851
:10A56000ADE7F0BC4FF0000001F1C04101F0004147
:10A57000BDE8008111EA0C1F0CEA131500D00CE0B5
:10A5800013EA0C1F00F025804FF00000F0BC81EAB8
:10A59000030101F00041BDE80081F0BCBDE80041CD
:10A5A00081EA030100F0EEB9F0BCBDE8004170B5EE
:10A5B00000F09AF9097EFC3E00F007B881EA030139
:10A5C0004FF0000001F00041704781EA030100F004
:10A5D000D9B9F0BCBDE800414FF0000021497047F7
:10A5E000FFFDFBF9F7F5F4F2F0EEEDEBE9E8E6E458
:10A5F000E3E1E0DEDDDBDAD8D7D5D4D3D1D0CFCDDF
:10A60000CCCBCAC8C7C6C5C4C2C1C0BFBEBDBCBB17
:10A61000BAB9B8B7B6B5B4B3B2B1B0AFAEADACAB12
:10A62000AAA9A8A8A7A6A5A4A3A3A2A1A09F9F9EEC
:10A630009D9C9C9B9A99999897979695959493939E
:10A64000929191908F8F8E8E8D8C8C8B8B8A898935
:10A6500088888787868585848483838282818180B8
:10A660000000FF070000F87F4FEA41034FEA535311
:10A67000A3F58063D3F11E03C8BFD3F1210C0CDD19
:10A680004FF0004242EAC12242EA505232FA03FC41
:10A690008CEAE17CACEBE1707047102BC4BF00206A
:10A6A000704703F5787CBCF1FF3F04D06FF00042A7
:10A6B00082EA2100704770B500F016F949922480B3
:10A6C00000207047F2E710F0004248BF4042B0FA65
:10A6D00080F310FA03F10AD0C3F11D0303F5806380
:10A6E0004FEA415002EB035202EBD12170474FF089
:10A6F00000007047B0FA80F310FA03F10AD0C3F1FA
:10A700001D0303F580634FEA41504FEA035202EB09
:10A71000D12170474FF000007047000051EA030C50
:10A7200017D41CF5801F58BFBCF5801F00F10680B0
:10A73000994218BF704708BF9042704707D711F57C
:10A74000801F58BF13F5801F19D499427047894262
:10A7500070471CF5801F08D5BCF5801FF7D58B42CC
:10A7600018BF704708BF824270474FF4001C1CEBB3
:10A77000410F38BF1CEB430F01D28B42704770B5BD
:10A7800000F0B2F8922449004FF000514FF080538E
:10A79000FFF706BEDFF848C170B51CEA111E1EBFE8
:10A7A0001CEA13159EEA0C0F95EA0C0F00F06F805F
:10A7B00081EA030423EA4C134EEAD47E21EA4C11C9
:10A7C00041F4801143F48013AE44A1FB024CA0FB82
:10A7D0000365AEF17F7E361955EB0C05A1FB034CEA
:10A7E0004CF10003A0FB021C16EB0C06654153F173
:10A7F0000003094218BF46F0010613F4007F0BD195
:10A800004FEA03314FEA0530340341EA155140EA7B
:10A8100016506FF003020AE04FEAC3214FEAC52049
:10A82000F40241EA555140EA56506FF0020202EB41
:10A830002E4201EB025585EACE710AD05FEA440C44
:10A8400018BF24F0004450F1000041F1000120EA5B
:10A85000D47040F2FE7C624500D270BDA84214BFA5
:10A860004FF080444FF04044002E08BF0024BEF15A
:10A87000806FA8BFA1F1C041BDE8704080F2828026
:10A880004FF0000001F1C04101F0004170479EEA25
:10A890000C0F0CEA131518BF95EA0C0F06D04FF0F9
:10A8A000000081EA030E0EF0004170BD00F01CF8BC
:10A8B0008900013E00F007B800F009B84FEA430CE8
:10A8C0005FEA5C5C08D081EA030100F05BB84FEA04
:10A8D000410C5FEA5C5CF6D14FF000000149704723
:10A8E0000000FF070000F87F0EF1020E2EF0030EAD
:10A8F0005EF8046B364205D4012A43EB030515F5D7
:10A90000001F12D8012841EB010C1CF5001F0CD8C8
:10A910000ED14FEAD17C15F5001F0CEB4C0C0CF15D
:10A92000020C08BF4CEBD37C04E04FF0080C01E0B4
:10A930004FEAD37C0CEB4C0526FA05F606F0070629
:10A94000B6F1040C06D20EEB860CBDE870404CF05C
:10A95000010C6047DFE80CF0090B02024FF00041E8
:10A960004FF00000A1F5002170BD194610460128E6
:10A9700051EB010418BFD4F5001484BF002001F08E
:10A98000004170BD0808A0F500114FEA3101704781
:10A9900053EA010C17D41CF5801F58BFBCF5801F6B
:10A9A00000F106808B4218BF704708BF8242704793
:10A9B00007D713F5801F58BF11F5801F19D48B429C
:10A9C00070479B4270471CF5801F08D5BCF5801F5F
:10A9D000F7D5994218BF704708BF904270474FF4AF
:10A9E000001C1CEB430F38BF1CEB410F01D29942F6
:10A9F00070470FB40CBC03BCFFF7C1BE91EA030F54
:10AA000010B581F000413FF523AC83F0004300F026
:10AA1000EFB800002DE9F04101F5801CBCF5001FE6
:10AA2000C0F2C3804FEA115C21EA0C510CF1FD0C1D
:10AA300041F480115FEA5C0C0CF5C07C01D340004E
:10AA400049413DA4890241EA905187028E0E0A0CC9
:10AA5000A45D04FB04F602FB06F6C6F14046A4FB27
:10AA60000662F60D46EA422606FB06F4A4FB012325
:10AA70005242C3F1404338BF5B1EA6FB0242002492
:10AA8000E6FB0324D20B42EA4446A6FB0623A1FBC5
:10AA900002E2A3FB07E4A4184FF0000252F1000207
:10AAA000E3FB01426442C2F1404E38BFAEF1010EF9
:10AAB000A6FB04234FF00002E6FB0E32A2FB034686
:10AAC0004FF00004B61954F10004E2FB0264A1FB4C
:10AAD00006E6A4FB07E816EB08064FF0000858F15D
:10AAE0000008E4FB01687642C8F1405838BFA8F17D
:10AAF0000108A2FB06E4A3FB08E52D194FF00004B2
:10AB000054F10004E2FB0854A1FB05E6A7FB04E8AE
:10AB100018EB06084FF0000656F10006E1FB04862C
:10AB200018F1200556F10006A809A8F11B08B10983
:10AB300008F03F08B8F10A0F40EA86601CD901EB23
:10AB40000C51BDE8F08100BFFCF5EEE8E2DDD8D3A2
:10AB5000CFCBC7C3C0BDB9B6B4B1AEACA9A7A5A38E
:10AB6000A19F9D9B9A9896959392908F8D8C8B899F
:10AB70008887868584838281A0FB006800FB01F2C0
:10AB800008EB4208B8EB872807D5341858EB0104C6
:10AB9000D5D5401C51F10001D1E7341A78EB0104FE
:10ABA000CDD4401E71F10001C9E75FEA4C0C5FEAA9
:10ABB0009C5C0DD105D34FF0000001F00041BDE8D1
:10ABC000F081BDE8F04170B5FFF78EFE6DDBFFBE92
:10ABD000BDE8F0414FF00000004970470000F87FE9
:10ABE00010B591EA030F48BF83F000433FF530AB47
:10ABF000841A71EB030C07D212198CF0004C43EB52
:10AC00000C03001B61EB0C01DFF8A4E14FEA1154C7
:10AC1000A4EB135C1EEA430F18BF9EEA445F00F0EA
:10AC2000B08023EA6E03524221EA0451C3EB6E0363
:10AC300038BF5B1EDCF1200E25D322FA0CFE10EB90
:10AC40000E0043FA0CFE41EB0E01CCF1200E03FA8C
:10AC50000EFE10EB0E0051F10001CCF1200E29D4B4
:10AC600012FA0EF201EB0451BDE8104058BF7047D4
:10AC7000401C1CBFB2F1004F704700280CBF491C9C
:10AC800020F00100704712EB020E43EB030218BFE5
:10AC90004FF0010E4EEA4202ACF1200CDCF11E0E28
:10ACA00054D943FA0CFE10EB0E0051F1FF31CCF1F8
:10ACB0001E0ED5D50EF1010E12FA0EFE404141EBEB
:10ACC000010101EB445C5FEA5C5C10D910EBDE70C3
:10ACD00001EB045138BFBEF1004FBDE8104018BF72
:10ACE000704700280CBF491C20F00100704730D28B
:10ACF0004FEAD42C11F5001124F400641BD0B1FAF2
:10AD000081F20B3AA41AA41ED2F12003914030FA2A
:10AD100003F31943904001EBCC71002C01EB04517B
:10AD2000BDE81040A8BF704701F1C0414FF00000DE
:10AD300001F000417047B0FA80F310FA03F100D13E
:10AD400010BDE41A173C4805C90AE4E701EB0451B9
:10AD500010BD491001EB0451BDE810404FEA30002E
:10AD600002E04FF0000170474A0008BF0042F8D0EF
:10AD7000B2F5001F28BF704701F000414FF00000FE
:10AD800070479EEA445F07D011EA5E0FBDE81040AD
:10AD900004BF002100207047BDE8104070B5FFF7E8
:10ADA000A3FD00BF40DFF63E83F000411046704730
:10ADB0000000E0FF43004FEAD30C4FEA3C0C434055
:10ADC0001FBF40070CF1605113F0FE4F70471CF09D
:10ADD000006F03D100200CF0004170470CF00043DD
:10ADE00043EA507010B540EACC0000F062FA00BFB0
:10ADF000000000924FEA0001FFF7C4BD4FF0004190
:10AE00004FF00000A1F500217047000090EA010F0B
:10AE100048BF81F0004100F10A83421A3CBF801A0A
:10AE200089184FEAD0524FF07F4C1CEA410FA2EB39
:10AE3000D15318BF9CEA026F00F03B804FF0004CEA
:10AE40004CEA00204CEA012121FA03FC10EB0C0C27
:10AE50001ED202F1FF325FEA1C2040EBC25038BF25
:10AE600070471CF07F0F4FEA400C18BFBCF17F4FBA
:10AE700038BF7047C3F12003994008BF20F001009C
:10AE8000BCF17F4F38BF7047A0F1C04000F057BA07
:10AE90004FEA3C00000A40EBC25028BF1CF0FF0FF5
:10AEA0004FEA400CE6D018BFBCF17F4F38BF704767
:10AEB000EAE79CEA026F05D010EA5C0F08BF00F0D9
:10AEC0000040704710B500F0F4F900BF64FBBE3ECF
:10AED000014800F01CBB00BF0000C07F401058BFFD
:10AEE000C0F14040491058BFC1F140418142EFF3E9
:10AEF000008070474FF47F0C1CEAD0121EBF1CEA82
:10AF0000D11392EA0C0F93EA0C0F00F0858090EABF
:10AF1000010F48BF42F4807240F4000C41F400007D
:10AF20002CF07F4120F07F4000B58142A2EB03026C
:10AF30000FF2081CACEB504EC0F100009EF800E090
:10AF40004FEA4E0E00FB0EFC38BF49004FEA2C1CA6
:10AF500002F5FA020CFB0EF34FEACE1E4FEA112C5B
:10AF60004FEAC1210EEB635E42EB22420EFB0CFC6A
:10AF70004FEA1C5300FB03114FEA112C4FEA013139
:10AF80000EFB0CFC4FEADC4C00FB0C11C14228BF4D
:10AF900009184CEB03335DF804EB10EB410143EB74
:10AFA000C250B2F57C0F38BF704729D512F0F00FB0
:10AFB0001CBF00F1C04000F0004070470081828358
:10AFC0008485868788898B8C8D8E8F9192939596B8
:10AFD00097999A9C9D9FA0A2A3A5A7A8AAACAEB042
:10AFE000B2B3B5B7B9BCBEC0C2C5C7C9CCCED1D447
:10AFF000D7D9DCDFE2E6E9ECF0F3F7FAFE00000077
:10B000004FEA400C0CF1807CBCF17E4F28BF7047AA
:10B01000B0F1C04000F093B990EA010F0CEAD113EF
:10B0200048BF42F48072624538BF634507D213F4CB
:10B030007F0F16D080EA010000F00040704710B585
:10B0400000F037F9097EFC3E00F005B880EA010007
:10B0500000F00040704780EA010000F0004000F07E
:10B060006EB912F47F0F04BF0248704780EA0100F6
:10B0700000F065B90000C07F41000B0ED3F19E02C5
:10B0800008D950F400034FEA032323FA02F048BF23
:10B090004042704710B500F00CF900BF499224807F
:10B0A000002070476FF0004282EA200070470000E5
:10B0B000C10DD1F19E0206DB4FEA002343F00043AD
:10B0C00023FA02F07047004207D54FEA4001B1F180
:10B0D000FE4F02D24FF00000704710B500F0E9F8C3
:10B0E00049922480002070476FEA200070470000DA
:10B0F00010F0004148BF4042B0FA80F310FA03F26A
:10B10000C3F19D030BD051EAC35101EB122053064A
:10B1100038BF704700F1010008BF20F00100704700
:10B12000B0FA80F310FA03F2C3F19D030AD0D905F7
:10B1300001EB1220530638BF704700F1010008BF31
:10B1400020F001007047000050EA010C00F113806C
:10B150001CF5000F58BFBCF5000F01D488427047A2
:10B1600007D710F5000F58BF11F5000F15D488420E
:10B170007047894270471CF5000F04D5BCF5000FDD
:10B18000F7D5814270474FF0807C1CEB400F38BFF1
:10B190001CEB410F01D28142704710B500F089F8D5
:10B1A000922449004FF000504FF08051FFF796BEB7
:10B1B0004FF47F0C1CEAD0121EBF1CEAD11392EA96
:10B1C0000C0F93EA0C0F00F0478090EA010F48BF84
:10B1D00042F480724FF0004C4CEA00204CEA01210E
:10B1E00002EB0302A0FB0113A2F50002002918BF25
:10B1F00043F001035B0028BF4FEA330342EB2242D6
:10B200005FEA132C4CEBC2502EBFBCEB436FB2F580
:10B210007C0F70474FEA036CBCF1004F08BF20F071
:10B220000100B2F57C0F38BF70470BD582F0FF02EA
:10B2300012F5803FC8BF704700F1C040D8BF00F092
:10B240000040704700F5000C5FEA4C0C48BF7047A7
:10B25000B0F1C04000F073B890EA010F0CEAD113CE
:10B2600048BF42F48072624538BF634504D280EA29
:10B27000010000F00040704710B500F01AF800BF60
:10B280008900013E00F007B800F009B85FEA410C00
:10B290005FEA1C6C08D080EA010000F050B85FEA59
:10B2A000400C5FEA1C6CF6D14FF00040A0F5800026
:10B2B00070470EF1020E2EF0030E5EF8044B24428E
:10B2C00004D44FEA4102B2F17F4F11D84FEA400354
:10B2D000B3F17F4F0CD80ED14FEAD07CB2F17F4F43
:10B2E0000CEB4C0C0CF1020C08BF4CEBD17C04E0D5
:10B2F0004FF0080C01E04FEAD17C0CEB4C0324FA30
:10B3000003F404F00704B4F1040C06D20EEB840C31
:10B31000BDE810404CF0010C6047DFE80CF0070876
:10B3200002024FF00040A0F5800010BD0846420028
:10B3300018BFD2F1807288BF00F0004010BDFF211D
:10B3400041EAD050C005704751EA000C00F113806B
:10B350001CF5000F58BFBCF5000F01D481427047A7
:10B3600007D711F5000F58BF10F5000F15D4814213
:10B370007047894270471CF5000F04D5BCF5000FDB
:10B38000F7D5884270474FF0807C1CEB410F38BFE7
:10B390001CEB400F01D28842704780EA010081EA2D
:10B3A000000180EA0100FFF7F8BE00005FEA400CF0
:10B3B0005FEA1C6CBCF17F0314D4D3F1170240F395
:10B3C0001C804FF0010C0CFA02FCACF101030340AD
:10B3D000B3EB5C0220EA030008BF10EA0C0F88BF41
:10B3E00060447047B3F1FF3F28BF5FEA002C00F0D4
:10B3F000004088BF40F07E507047BCF1FF0FB8BFDF
:10B40000704710B5FFF755FF40DBB6BE80F0004037
:10B4100090EA010F7FF501AD81F0004100F007B81F
:10B4200090EA010F48BF81F000413FF5F6AC421AA7
:10B4300004D882F00042A0EB020011444FEAD0523F
:10B440004FF07F4C1CEA410FA2EBD15318BF9CEA8E
:10B45000026F4AD04FF0004C4CEA00204CEA012128
:10B4600021FA03FCB0EB0C0C0FD412F0FE0F36D017
:10B470005FEA4C001DD5001240EBC25038BF704748
:10B480001CF03F0F18BF70470BE0A2F101025FEA0A
:10B490001C2040EBC25038BF70471CF07F0F18BF14
:10B4A0007047C3F12003994014BF401E20F00100F3
:10B4B000704780084FEA122308BF7047B0FA80FC3B
:10B4C000A2EB0C02CCF1280C60FA0CF093EA122FDC
:10B4D00004BF00EBC25070474FEAC3707047130AB5
:10B4E0005FEADC1008BF7047F6E79CEA026F04D001
:10B4F00010EA5C0F08BF0020704710B5FFF7D9FEB7
:10B5000040DFF63E81F000407047F5F7EDB90CF0F2
:10B510000F03092B08BF082000F07F800A2B0BD0F7
:10B52000082B18BF704708BF1CF0400F0AD04FF01F
:10B5300000004FF0000170471CF0400F18BF4FF0A3
:10B54000004070471CF0100F08D020F0704300F04E
:10B550007F4242EAD3014FEA4370704700F06040F7
:10B5600021F07F4242EA000201F07F4040EA72701F
:10B5700070474FF0FF0C4CF4E06C1CEA11531CBFF9
:10B580009CEA030C9445C2BFDA4201EB02517047BA
:10B59000002B0DD0BCF1000F0FD0002A01F00041AC
:10B5A000A4BF41F0E04141F07F614FF000007047DF
:10B5B00001F000414FF00000704750EA01334FF0B6
:10B5C0009B0C18BF4CF0806C7EF4E2AE70474FF0DD
:10B5D000FF0212EAD0521CBF92F0FF038B42C2BF9F
:10B5E000D14200EBC1507047002A0AD0002B0BD08B
:10B5F000002900F00040A4BF40F0FE4040F40000ED
:10B60000704700F00040704743024FF00B0C18BF2A
:10B610004CF0806C7FF45CAC70471CF4801F11D040
:10B620001CF4E02F03D06FEACC31490070474FF093
:10B630004050EFF3008222F0704242EA000282F3AF
:10B64000008870474FF000007047010202030405B4
:10B65000060708090A0B0C0D0E0F10100102020359
:10B660000405060708090A0B0C0D0E0F1010000048
:10B6700000000000000001020304060708090000A2
:10B6800000000102030400000000000000000000B0
:10B690000000000000003F4000000000000000002B
:10B6A0003000400030004000000009000BC03D00A9
:10B6B0000BC03D00090018C024407FE022403180CB
:10B6C0000000180024C01B000D8032400180038060
:10B6D0001C4027401C800740004010006000000014
:10B6E0000000000000000000000000001F8020405B
:10B6F00040200000402020401F8000000000090082
:10B7000006001F80060009000000040004003F80BE
:10B7100004000400000000100060000000000000B1
:10B720000000040004000400040004000000000005
:10B7300000400000000000000000002001C00600E2
:10B740003800400000001F802040204020401F8023
:10B750000000000010403FC000400000000018C082
:10B760002140224024401840000010802040244006
:10B7700024401B80000002000D0011003FC001406A
:10B7800000003C80244024402440238000001F808F
:10B79000244024403440038000003000200027C0B3
:10B7A0003800200000001B802440244024401B80DF
:10B7B00000001C0022C0224022401F800000000028
:10B7C00000000840000000000000000000000460CD
:10B7D000000000000000000004000A0011002080AA
:10B7E00040400900090009000900090000000000AC
:10B7F0004040208011000A0004001800200023406F
:10B800002400180000001F802040274029401F40CE
:10B810000000004007C039000F0001C00040204078
:10B820003FC0244024401B8000001F802040204057
:10B8300020403080000020403FC0204020401F803A
:10B84000000020403FC024402E4030C00000204077
:10B850003FC024402E00300000000F001080204028
:10B8600022403380020020403FC0040004003FC05B
:10B870002040204020403FC0204020400000006089
:10B88000202020203FC02000200020403FC0244036
:10B890000B0030C0204020403FC02040004000400E
:10B8A00000C03FC03C0003C03C003FC0000020403F
:10B8B0003FC00C4023003FC020001F80204020409C
:10B8C00020401F80000020403FC02440240018007A
:10B8D00000001F802140214020E01FA000002040E8
:10B8E0003FC02440260019C0004018C02440244016
:10B8F000224031800000300020403FC02040300016
:10B90000000020003F80004000403F8020002000D9
:10B910003E0001C0070038002000380007C03C008E
:10B9200007C038000000204039C0060039C0204060
:10B9300000002000384007C03840200000003040A0
:10B9400021C02640384020C00000000000007FE0F9
:10B95000402040200000000070000C0003800040E8
:10B9600000000000402040207FE0000000000000B8
:10B970002000400020000000000000100010001017
:10B980000010001000100000000040000000000047
:10B990000000000002800540054003C00040200078
:10B9A0003FC00440044003800000000003800440C6
:10B9B00004400640000000000380044024403FC0D3
:10B9C00000400000038005400540034000000000E7
:10B9D00004401FC0244024402000000002E0055025
:10B9E00005500650042020403FC00440040003C01E
:10B9F00000400000044027C000400000000000108C
:10BA00000010041027E00000000020403FC001406B
:10BA1000070004C00440204020403FC000400040D8
:10BA2000000007C0040007C0040003C00000044079
:10BA300007C00440040003C000400000038004402D
:10BA4000044003800000041007F004500440038009
:10BA50000000000003800440045007F00010044080
:10BA600007C002400400040000000000064005403A
:10BA7000054004C00000000004001F800440004096
:10BA80000000040007800040044007C0004004009C
:10BA9000070004C0018006000400060001C0070082
:10BAA00001C006000000044006C0010006C00440BA
:10BAB00000000410071004E00180060004000000EC
:10BAC000044005C0064004400000000000000400DF
:10BAD0007BE040200000000000000000FFF00000BC
:10BAE0000000000040207BE0040000000000400057
:10BAF0008000400020002000400000000000000006
:10BB00000000000000000000000000000000000035
:10BB10001FCC000C000000000000000008003000F6
:10BB200060000800300060000000022003FC1E20BE
:10BB3000022003FC1E200220000000000E18110449
:10BB40003FFF10840C78000000000F0010840F38B5
:10BB500000C0077818840078000000780F8410C4B3
:10BB600011240E9800E400840008080068007000AA
:10BB700000000000000000000000000000000000C5
:10BB800007E01818200440020000000040022004D2
:10BB9000181807E000000000000002400240018089
:10BBA0000FF0018002400240000000800080008011
:10BBB0000FF800800080008000000001000D000EE2
:10BBC0000000000000000000000000000080008075
:10BBD000008000800080008000800000000C000CCD
:10BBE0000000000000000000000000000006001837
:10BBF00000600180060018002000000007F008081F
:10BC000010041004080807F00000000008040804ED
:10BC10001FFC000400040000000000000E0C1014C3
:10BC20001024104411840E0C000000000C181004A5
:10BC30001104110412880C700000000000E00320C1
:10BC4000042408241FFC0024000000001F98108416
:10BC500011041104108810700000000007F008881B
:10BC60001104110418880070000000001C0010006E
:10BC700010FC13001C001000000000000E381144DE
:10BC80001084108411440E38000000000700088C56
:10BC900010441044088807F0000000000000000075
:10BCA000030C030C00000000000000000000000175
:10BCB00001060000000000000000000000800140BC
:10BCC00002200410080810040000022002200220B4
:10BCD00002200220022002200000000010040808B8
:10BCE0000410022001400080000000000E0012003D
:10BCF000100C106C10800F00000003E00C1813E40F
:10BD0000142417C4082807D000000004003C03C412
:10BD10001C40074000E4001C000410041FFC110438
:10BD2000110411040E880070000003E00C181004C8
:10BD30001004100410081C10000010041FFC100454
:10BD400010041004080807F0000010041FFC110480
:10BD5000110417C410040818000010041FFC11047B
:10BD6000110017C010000800000003E00C181004B8
:10BD7000100410441C780040000010041FFC1084C4
:10BD80000080008010841FFC1004000010041004C8
:10BD90001FFC10041004000000000003000110014B
:10BDA00010011FFE10001000000010041FFC110401
:10BDB00003801464181C1004000010041FFC1004FD
:10BDC000000400040004000C000010041FFC1F000D
:10BDD00000FC1F001FFC1004000010041FFC0C04DA
:10BDE000030000E010181FFC100007F00808100402
:10BDF00010041004080807F0000010041FFC108451
:10BE00001080108010800F00000007F00818102428
:10BE10001024101C080A07F2000010041FFC110473
:10BE2000110011C011300E0C000400000E1C110492
:10BE30001084108410441C380000180010001004F6
:10BE40001FFC100410001800000010001FF8100460
:10BE50000004000410041FF8100010001E0011E080
:10BE6000001C007013801C0010001FC0103C00E07C
:10BE70001F0000E0103C1FC000001004180C163416
:10BE800001C001C01634180C100410001C0013046B
:10BE900000FC13041C00100000000804101C1064B7
:10BEA000108413041C04101800000000000000009F
:10BEB0007FFE4002400240020000000030000C0003
:10BEC00003800060001C00030000000040024002EC
:10BED00040027FFE00000000000000000000200083
:10BEE000400040004000200000000001000100016F
:10BEF00000010001000100010001000040004000BD
:10BF00002000000000000000000000000098012454
:10BF100001440144014400FC000410001FFC00889F
:10BF20000104010400880070000000000070008817
:10BF30000104010401040088000000000070008872
:10BF40000104010411081FFC0004000000F8014472
:10BF500001440144014400C8000000000104010440
:10BF60000FFC1104110411001800000000D6012973
:10BF70000129012901C90106000010041FFC0084E9
:10BF800001000100010400FC000400000104190488
:10BF900019FC000400040000000000000003000180
:10BFA0000101190119FE0000000010041FFC00240B
:10BFB000004001B4010C0104000000001004100452
:10BFC0001FFC0004000400000000010401FC010447
:10BFD000010001FC0104010000FC010401FC0084DB
:10BFE00001000100010400FC0004000000F801044D
:10BFF00001040104010400F80000010101FF0085B3
:10C000000104010400880070000000000070008836
:10C0100001040104010501FF00010104010401FC08
:10C0200000840104010001800000000000CC012414
:10C0300001240124012401980000000001000100F6
:10C0400007F80104010400000000010001F80004E9
:10C0500000040004010801FC0004010001800170DB
:10C06000000C001001600180010001F0010C0030A3
:10C0700001C00030010C01F0010000000104018C3E
:10C0800000740170018C0104000001010181017143
:10C09000000E001801600180010000000184010C05
:10C0A000013401440184010C000000000000000084
:10C0B000000001003EFC40024002000000000000C1
:10C0C0000000FFFF000000000000000040024002EE
:10C0D0003EFC010000000000000000006000800045
:10C0E000800040004000200020006800000476002E
:10C0F0005401F7FD000175191A0C6A231B1C1F203F
:10C100007274433B4138393A6B6C376F06246D6E5D
:10C11000700000008300000000080000000100180B
:10C1200032000500000020410000D242295C0F3E91
:10C130009A99993E3333733F295C0F3E000070009B
:10C14000000000240000000200030000006500540D
:10C15000FFEF0000FA80000B12820001030C30C3D5
:10C160000E8C8CE914D5400213710F8E3883F8833E
:10C170003000F883258EF8833000F883FFFFFFFF3F
:10C180000FFEA9D6240004001A8279A10000003C09
:10C19000FFFF00000010000038836FA2003E033054
:10C1A0004000000002CAE3093E80000020000000B9
:10C1B000000000004000000060000000000C0000D3
:10C1C000000C186E000006920A16C0DFFFFF025630
:10C1D000FD8CD377FFE1C496E0C5BEAA0000000045
:10C1E000FFFF0B2B00001657000003594000000012
:10C1F00000001DFA00026C1D000000003FFFDFEB95
:10C20000003EB3B6000D227800002F3C0000000075
:10C21000001942B5000039A20000B365D90E9FC9CC
:10C220001DCF4C3430000000500000003BB67AE8CF
:10C230000064000000C800000000000010000000C2
:10C240001000FA921000225E000D229F00010000F3
:10C2500000320000FF46000063D400001000000020
:10C2600004D6000004CC000004CC000000001072D2
:10C270000000004000000000000000000006000276
:10C28000000500070000000000640000000000003E
:10C290000000000500050064002000000000000010
:10C2A0000000000000004000000003000000003219
:10C2B000F8980000FF650000830F0000FF9BFC0062
:10C2C000000000000000000000000000000000006E
:10C2D000000000000000000000000000000000005E
:10C2E00000000000000000000000100040000000FE
:10C2F000000000060000B26A000200000001FB839B
:10C300000068000000D9FC007CF1FF830000000001
:10C3100000650000006403E80064002800000025B8
:10C320000000000016A00000000010000000100037
:10C33000002F0000000001F40000100000280000A1
:10C34000FFFF4581FFFFFA720000000000000000BF
:10C35000004400050005BAC6004778A200000001AD
:10C360000000000000000600000000140000254D41
:10C37000002F706D000005AE000C02D00000000020
:10C38000000000000000000000000000001B000092
:10C390000000000000000000000000000064000039
:10C3A0000008000000000000000000000000000085
:10C3B000000000000000000000000000000000007D
:10C3C000000000000000000000000000000000006D
:10C3D000000000000000000000000000000000005D
:10C3E000000000000000000000000000000000004D
:10C3F000000000000000000000000000001B000022
:10C400000000000000000000000E000E00000AC73F
:10C410000004000000000032FFFFFF9C00000B2B17
:10C42000000000020000000100000064FFE50000C1
:10C4300000000000000000000000000000000001FB
:10C44000000000000001000000000000000180006A
:10C450000001800000018000002426D300000000BD
:10C4600000000000000600100096003C00000000E4
:10C470000000000000000000000000000C0A4E68F0
:10C48000CDCF770950166759C619CE82000000003B
:10C49000000000000000000000000000000000009C
:10C4A0000000000017D78400030000000000000017
:10C4B00000000000C7938F9D1E1B1C190000000088
:10C4C000000000000000000000000000000000006C
:10C4D0000000000002031885000040000000000377
:10C4E0000000000300000000000000004000000009
:10C4F000000000000000000000000000000000003C
:10C50000000000000000000000000000000000002B
:10C51000000000000000000000000000000000001B
:10C52000677DDF7E72902E554CF6E6880000000095
:10C53000000000000000000000000000D8DCB4B8DB
:10C54000B0D8B9ABF3F8FAB3B7BB8E9EAEF132F503
:10C550001BF1B4B8B08097F1A9DFDFDFAADFDFDF1E
:10C56000F2AAC5CDC7A90CC92C97F1A989264666A0
:10C57000B28999A92D557DB0B08AA896365676F124
:10C58000BAA3B4B280C0B8A89711B28398BAA3F086
:10C59000240844106418B2B9B49883F1A329557DD6
:10C5A000BAB5B1A38393F0002850F5B2B6AA83932D
:10C5B00028547CF1B9A3829361BAA2DADEDFDB8171
:10C5C0009AB9AEF5606870F1DABAA2DFD9BAA2FA08
:10C5D000B9A38292DB31BAA2D9BAA2F8DF85A4D07E
:10C5E000C1BBAD83C2C5C7B8A2DFDFDFBAA0DFDF42
:10C5F000DFD8D8F1B8AAB38DB4980D355DB2B6BA0C
:10C60000AF8C96198F9FA70E161EB49AB8AA872CC6
:10C61000547CBAA4B08AB691325676B28494A4C837
:10C6200008CDD8B8B4B0F19982A82D557D98A80E40
:10C63000161EA22C547C92A4F02C5078F184A89859
:10C64000C4CDFCD80DDBA8FC2DF3D9BAA6F8DABA14
:10C65000A6DED8BAB2B68696A6D0F3C841DAA6C886
:10C66000F8D8B0B4B882A892F52C548898F135D98E
:10C67000F418D8F1A2D0F8F9A884D9C7DFF8F88364
:10C68000C5DADF69DF83C1D8F40114F1A8824EA8AE
:10C6900084F311D182F5D992289788F109F41C1CF2
:10C6A000D884A8F3C0F9D1D99782F129F40DD8F331
:10C6B000F9F9D1D982F4C203D8DEDF1AD8F1A2FA8F
:10C6C000F9A88498D9C7DFF8F8F883C7DADF69DFFB
:10C6D000F883C3D8F40114F198A8822EA884F3112A
:10C6E000D182F5D992509788F109F41CD884A8F327
:10C6F000C0F8F9D1D99782F149F40DD8F3F9F9D1FD
:10C70000D982F4C403D8DEDFD8F1AD8898CCA8096B
:10C71000F9D98292A8F57CF1883ACF944A6E98DBD9
:10C720006931DAADF2DEF9D88795A8F221D1DAA520
:10C73000F9F417D9F1AE8ED0C0C3AE82C684C3A8B7
:10C740008595C8A588F2C0F1F4010EF18E9EA8C6A9
:10C750003E56F554F18872F40115F19845856EF551
:10C760008E9E0488F142985A8E9E068869F4011CB8
:10C77000F1981E1108D0F504F11E97020298362593
:10C78000DBF9D985A5F3C1DA85A5F3DFD88595A8AE
:10C79000F309DAA5FAD88292A8F578F1881A849F6D
:10C7A00026889821DAF41DF3D8879F39D1AFD9DFD5
:10C7B000DFFBF9F40CF3D8FAD0F8DAF9F9D0DFD9C5
:10C7C000F9D8F40BD8F3879F39D1AFD9DFDFF41D47
:10C7D000F3D8FAFCA869F9F9AFD0DADEFAD9F88F04
:10C7E0009FA8F1CCF398DB45D9AFDFD0F8D8F18F13
:10C7F0009FA8CAF38809DAAF8FCBF8D8F2AD978D2E
:10C800000CD9A5DFF9BAA6F3FAF412F2D8950DD136
:10C81000D9BAA6F3FADAA5F2C1BAA6F3DFD8F1BA0B
:10C82000B2B68696A6D0CAF349DAA6CBF8D8B0B489
:10C83000B8D8AD84F2C0DFF18FCBC3A8B2B686966C
:10C84000C8C1CBC3F3B0B48898A821DB718D9D71AA
:10C85000859521D9ADF2FAD88597A828D9F408D8BA
:10C86000F28D29DAF405D9F285A4C2F2D8A88D9404
:10C8700001D1D9F411F2D88721D8F40AD8F28498DA
:10C88000A8C801D1D9F411D8F3A4C8BBAFD0F2DE47
:10C89000F8F8F8F8F8F8F8F8D8F1B8F6B5B9B08AB9
:10C8A00095A3DE3CA3D9F8D85CA3D9F8D87CA3D94A
:10C8B000F8D8F8F9D1A5D9DFDAFAD8B18530F7D9A7
:10C8C000DED8F830ADDADED8F2B48C99A32D557DE0
:10C8D000A083DFDFDFB591A0F629D9FBD8A0FC2922
:10C8E000D9FAD8A0D051D9F8D8FC51D9F9D879D9EA
:10C8F000FBD8A0D0FC79D9FAD8A1F9F9F9F9F9A0B7
:10C90000DADFDFDFD8A1F8F8F8F8F8ACDEF8ADDE52
:10C910008393AC2C547CF1A8DFDFDFF69D2CDAA0EA
:10C92000DFD9FADB2DF8D8A850DAA0D0DED9D0F8BC
:10C93000F8F8DB55F8D8A878DAA0D0DFD9D0FAF823
:10C94000F8F8F8DB7DF8D89CA88CF530DB38D9D026
:10C95000DEDFA0D0DEDFD8A848DB58D9DFD0DEA0EC
:10C96000DFD0DED8A868DB70D9DFDFA0DFDFD8F149
:10C97000A888902C547C98A8D05C38D1DAF2AE8C80
:10C98000DFF9D8B087A8C1C1B188A8C6F9F9DA36ED
:10C99000D8A8F9DA36D8A8F9DA36D8A8F9DA36D824
:10C9A000A8F9DA36D8F78D9DADF818DAF2AEDFD8EF
:10C9B000F7ADFA30D9A4DEF9D8F2AEDEFAF983A7E2
:10C9C000D9C3C5C7F1889BA77AADF7DEDFA4F88489
:10C9D0009408A797F300AEF29819A488C6A3948888
:10C9E000F632DFF28393DB09D9F2AADFD8D8AEF8AA
:10C9F000F9D1DAF3A4DEA7F1889B7AD8F38494AE58
:10CA000019F9DAAAF1DFD8A881C0C3C5C7A39283F8
:10CA1000F628ADDED9F8D8A350ADD9F8D8A378ADB3
:10CA2000D9F8D8F8F9D1A1DADEC3C5C7D8A1819465
:10CA3000F818F2B089ACC3C5C7F1D8B8B4B09786BE
:10CA4000A8319B069907AB9728889BF00C201440CF
:10CA5000B0B4B8F0A88A9A285078B79BA829517921
:10CA6000247059446938644831F1BBAB88002C54B8
:10CA70007CF0B38BB8A804285078F1B088B497261E
:10CA8000A85998BBABB38B02264666B0B8F08A9C17
:10CA9000A82951798B2951798A2470598B20587192
:10CAA0008A4469388B3940688A6448318B304960E0
:10CAB00088F1AC002C547CF08CA804285078F188C4
:10CAC0009726A85998AC8C02264666F0899CA8291E
:10CAD0005179247059446938644831A9880920592A
:10CAE00070AB11384069A8193148608CA83C415C92
:10CAF000207C00F187981986A86E767EA999882DEA
:10CB0000557DD8B1B5B9A3DFDFDFAED0DFAAD0DE67
:10CB1000F2ABF8F9D9B087C4AAF1DFDFBBAFDFDF32
:10CB2000B9D8B1F1A3978E60DFB084F2C8F8F9D913
:10CB3000DED89385F14AB183A308B5839A0810B76C
:10CB40009F10D8F1B0BAAEB08AC2B2B68E9EF1FBD9
:10CB5000D9F41DD8F9D90CF1D8F8F8AD61D9AEFBEC
:10CB6000D8F40CF1D8F8F8AD19D9AEFBDFD8F4162B
:10CB7000F1D8F8AD8D61D9F4F4ACF59C9C8DDF2B28
:10CB8000BAB6AEFAF8F40BD8F1AED0F8AD51DAAED1
:10CB9000FAF8F1D8B9B1B6A3839C08B9B1839AB5B4
:10CBA000AAC0FD3083B79F10B58B93F20202D1ABC0
:10CBB000DADED8F1B080BAABC0C3B284C1C3D8B199
:10CBC000B9F38BA391B609B4D9ABDEB0879CB9A3F6
:10CBD000DDF1B38B8B8B8B8BB087A3A3A3A3B28B1D
:10CBE000B69BF2A3A3A3A3A3A3A3A3A3A3F1B0877C
:10CBF000B59AA3F39BA3A3DCBAACDFB9A3A3A3A309
:10CC0000A3A3A3A3A3A3A3A3A3A3A3A3D8D8D8BB3D
:10CC1000B3B7F1AAF9DAFFD9809AAA28B48098A705
:10CC200020B79787A86688F07951F1902C870CA7D8
:10CC300081976293F071716085940129517990A573
:10CC4000F1284C6C870C95188578A38390284C6C40
:10CC5000886CD8F3A28200F210A8921980A2F2D9AF
:10CC600026D8F188A84DD948D896A83980D93CD87B
:10CC70009580A839A68698D92CDA87A72CD8A889B8
:10CC80009519A980D938D8A88939A980DA3CD8A8BB
:10CC90002EA83990D90CD8A8953198D90CD8A809C4
:10CCA000D9FFD801DAFFD89539A9DA26FFD890A89C
:10CCB0000D8999A810809821DA2ED88999A83180F9
:10CCC000DA2ED8A886963180DA2ED8A8873180DA75
:10CCD0002ED8A88292F34180F1D92ED8A882F319D8
:10CCE00080F1D92ED882ACF3C0A28022F1A62EA763
:10CCF0002EA92298A829DAACDEFFD8A2F22AF1A93F
:10CD00002E8292A8F23180A696F1D900AC8C9C0CB0
:10CD100030ACDED0DEFFD88C9CACD010ACDE809284
:10CD2000A2F24C82A8F1CAF235F19688A6D900D8B1
:10CD3000F1FF000000000000CF2E36BECF2E36BE21
:10CD4000EBAB8ABEEBAB8ABEC89FDB416A090FC062
:10CD5000531FBDC20CE76CC117B7D13817B7D13814
:10CD60000AD7A33B000000000000803F0000000045
:10CD70000000803F000000000AD7A33B0000000035
:10CD80000000803F000000000000803F0000000025
:10CD90000000803F00000000000000000000803F15
:10CDA0000000803F0AD7A3BB000000000000803FC6
:10CDB000FFE6DB2E0000000000000000FFE6DB2E97
:10CDC0000000803F000000000AD7A3BB0000803FA6
:10CDD0000000803F00000000000000000000803FD5
:10CDE0000000803F0AD7A3BB000000000000803F86
:10CDF000FFE6DB2E0000000000000000FFE6DB2E57
:10CE00000000803F000000000AD7A3BB0000803F65
:10CE1000555555555555C53F7D6FEB0312D6D4BFBB
:10CE20005544880E55C1C93F3B8F68B52882A4BFC1
:10CE300088B20175E0EF493F09F7FD0DE13D023F82
:10CE40004B2D8A1C273A03C0C88A599CE52A00400A
:10CE500059018D1B6C06E6BF82922EB1C5B8B33F57
:10CE6000000000000000F03F000000000000F83F5C
:10CE700000000000000000000000004003B8E23F96
:10CE8000000000000000000006D0CF43EBFD4C3E48
:10CE9000033333333333E33FFFAB6FDBB66DDB3F3D
:10CEA0004D268F515555D53F01411DA96074D13F85
:10CEB00065DBC9934A86CD3FEF4E454A287ECA3F7F
:10CEC0003E5555555555C53F93BDBE166CC166BF01
:10CED0002CDE25AF6A56113FF16BD2C541BDBBBEFA
:10CEE000D0A4BE726937663E4FBB610567ACDD3FBB
:10CEF000182D4454FB21E93F9BF681D20B73EF3F81
:10CF0000182D4454FB21F93FE2652F227F2B7A3CF8
:10CF1000075C143326A6813CBDCBF07A8807703CB1
:10CF2000075C143326A6913CC4EB98999999C9BF24
:10CF3000711623FEC671BCBF6D9A74AFF2B0B3BF59
:10CF40009AFDDE522DDEADBF2F6C6A2C44B4A2BF19
:10CF50000D5555555555D53FFF8300922449C23F85
:10CF60006E204CC5CD45B73F513DD0A0660DB13FB9
:10CF7000EB0D76244B7BA93F11DA22E33AAD903FCB
:10CF80000000803F0030983F0000B53F0040D73F91
:10CF900000000000320A7E397F661E395B991F3916
:10CFA0000000803FF037983FF304B53FFD44D73F82
:10CFB000000000000000000002400000000000A08F
:10CFC0000000000005400000000000C80000000054
:10CFD0000C4000000000409C0000000019400000D0
:10CFE0000020BCBE0000000034400000BFC91B8E02
:10CFF00000000004B5400000504BCFD06607E2CFE0
:10D00000010000006C4100003E8251AADFEEA7340F
:10D0100001000000D9420000DCB5A0E23A301F97C1
:10D02000FFFFFFFFB4450000FD25A0C8E9A3C14FE5
:10D03000FFFFFFFFFF3F0000000000800000000036
:10D04000FF3F0000000000800000000050726F648D
:10D0500075637420494420726561642061732030D7
:10D0600020696E64696361746573206465766963C1
:10D07000652069732065697468657220696E636FE5
:10D080006D70617469626C65206F7220616E204DF5
:10D090005055333035302E0D0A0000002B434F4ED3
:10D0A0004E454354494E473C3C30303A30303A309C
:10D0B000303A30303A30303A30300D0A000000005B
:10D0C0002B434F4E4E45435445440D0A000000008B
:10D0D0002B5041495241424C450D0A002B444953C3
:10D0E000433A535543434553530D0A002B52454190
:10D0F00044590D0A000000007B252E33663A252E88
:10D1000033663A252E33663A252E33663A252E337A
:10D11000663A252E33663A252E33663A252E336637
:10D120003A252E33663A252E33663A252E33663A53
:10D13000252E33663A252E33667D0D0A0000000049
:10D140007CD1000800000020340300006C010008BE
:10D1500000D20008340300200C290000C801000898
:10D160001C00000043000000F8FFFFFF0C0000005F
:10D170000E0000000F0000002E000000120112023D
:10D18000021501091416791E091C1F012529438265
:10D1900010031524F413F6C01B08EA0401206B14D5
:10D1A000C1240324803F5AFF0449C70B1C0142A835
:10D1B000120212031204120512061A07671209124C
:10D1C0000A120B120C120D120E8A0FC20119139CB7
:10D1D000D01B08C0041ADC041AEC041AD004014065
:10D1E000150AD7233C35C0414523B219028F0505E6
:10D1F000620AD7A33BCB803F0CE910094C500000DA
:0400000508000131BD
:00000001FF
