:020000040800F2
:10000000402C00202D02000871570008814600088E
:1000100021570008BD1800087D6800080000000096
:10002000000000000000000000000000E96000087F
:10003000B11B000800000000075F000831610008E4
:10004000470200084702000847020008470200086C
:10005000470200084702000847020008470200085C
:10006000470200084702000847020008470200084C
:10007000470200084702000847020008470200083C
:10008000470200084702000847020008470200082C
:10009000470200084702000847020008B31B000897
:1000A000470200084702000847020008470200080C
:1000B00047020008470200084702000847020008FC
:1000C00047020008470200084702000847020008EC
:1000D00047020008470200084702000819680008A4
:1000E00047020008470200084702000847020008CC
:1000F00047020008470200084702000847020008BC
:1001000047020008470200084702000847020008AB
:1001100049640008616400084702000847020008BB
:100120004702000847020008491900084702000872
:1001300000F002F800F06AF80AA090E8000C82448F
:100140008344AAF10107DA4501D100F05FF8AFF26C
:10015000090EBAE80F0013F0010F18BFFB1A43F0A5
:1001600001031847ECDC00000CDD00000A444FF0EE
:10017000000C10F8013B13F0070408BF10F8014B06
:100180001D1108BF10F8015B641E05D010F8016B4B
:10019000641E01F8016BF9D113F0080F1EBF10F8AF
:1001A000014BAD1C0C1B09D16D1E58BF01F801CBD2
:1001B000FAD505E014F8016B01F8016B6D1EF9D555
:1001C0009142D6D37047000000230024002500266A
:1001D000103A28BF78C1FBD8520728BF30C148BFAA
:1001E0000B60704766290BF0A881642900F08680B7
:1001F000002070471FB500F0DDFC04000020002146
:1002000009F0EEFFE0601FBD10B510BD00F0D6FD97
:100210001146FFF7EFFF08F073F900F0F4FD03B4A7
:10022000FFF7F2FF03BC06F045FC000009488047D9
:1002300009480047FEE7FEE7FEE7FEE7FEE7FEE7C8
:10024000FEE7FEE7FEE7FEE704480549054A064BE0
:1002500070470000AF61000831010008402600200F
:10026000402C00204028002040280020704710B576
:100270004C1084EA530404D54042C1F1000138BF58
:10028000491E1B4204D55242C3F1000338BF5B1E16
:1002900000F078F914F0804F04D04042C1F1000121
:1002A00038BF491E14F0004F04D05242C3F100037E
:1002B00038BF5B1E10BD00000FB4044910B503AA7F
:1002C000029800F065FC10BC5DF814FB780000207B
:1002D0000FB41CB5084B06AA7B44694600900598EC
:1002E00000F03DFC04460020694600F04BFC20462F
:1002F0001CBC5DF814FB0000A90800002DE9F041CA
:100300000646002410687529314616A510D0AFF3B3
:100310000080002802DA404213A507E031688A070E
:1003200001D512A502E0490704D511A5012401E079
:10033000AFF3008000210A2206F1240709E0B0FB98
:10034000F2FCB0FBF2F302FB1C003030785418468C
:10035000491C0028F3D123462A463046BDE8F04127
:1003600000F092B9000000002D0000002B000000FA
:10037000200000002DE9F0474FF0000A89460446AE
:10038000C0F820A02046E1688847002876D02528BC
:1003900006D0D4E901219047206A401C2062F1E791
:1003A000E168204600258847C4F81CA006460027BF
:1003B000C4F818A02A2E09D0304606F074FB38B3D2
:1003C00004EB8708303EC8F8186019E059F8041BA0
:1003D000204604EB87029161E1688847012F0646B9
:1003E00018D1E069002820DA25F020051DE0D8F8B2
:1003F000180000EB800006EB40003038C8F8180009
:100400002046E1688847064606F04DFB0028EED1FD
:10041000012F0AD02E2E08D12046E16888477F1C84
:100420000646022F45F02005C4DBA069002803DA48
:10043000404245F00105A061E80701D025F0100514
:10044000B6B1A6F14100192802D8203645F400655E
:100450004A463146204625604D46FFF7C3FE58B157
:10046000012806D0ED1D25F0070000F1080989E7F5
:1004700004E005F1040985E730468AE7206ABDE813
:10048000F08740EA010310B59B070FD1042A0DD372
:1004900010C808C9121F9C42F8D020BA19BA884265
:1004A00001D9012010BD4FF0FF3010BD1AB1D307A4
:1004B00003D0521C07E0002010BD10F8013B11F8DA
:1004C000014B1B1B07D110F8013B11F8014B1B1B03
:1004D00001D1921EF1D1184610BD02F0FF0343EA8C
:1004E000032242EA024200F002B84FF0000204295F
:1004F000C0F0128010F0030C00F01B80CCF1040C53
:10050000BCF1020F18BF00F8012BA8BF20F8022B86
:10051000A1EB0C0100F00DB85FEAC17C24BF00F82C
:10052000012B00F8012B48BF00F8012B70474FF05A
:10053000000200B5134694469646203922BFA0E833
:100540000C50A0E80C50B1F12001BFF4F7AF09073F
:1005500028BFA0E80C5048BF0CC05DF804EB890030
:1005600028BF40F8042B08BF704748BF20F8022B73
:1005700011F0804F18BF00F8012B7047704770478B
:100580007047704753EA020C00F069802DE9F04B88
:100590004FF00006002B1FBFB3FA83F503FA05F4F2
:1005A00024FA05F65E4012BF1643B2FA82F502FA4B
:1005B00005F4C5F120051EBF22FA05FC44EA0C042F
:1005C000203556EA044C4FEA144418BF641C4FF01F
:1005D00000084FF00009904271EB030C39D3002959
:1005E00019BFB1FA81F701FA07F6B0FA80F700FAFD
:1005F00007F6C7F120071EBF20FA07FC46EA0C06E3
:100600002037B6FBF4FCA7EB0507103F07F01F0BE4
:10061000CBF120060CFA0BFB2CFA06F644BFB346CE
:100620000026202FA4BF5E464FF0000B5BEA060CAD
:1006300008BF4FF0010B19EB0B09ABFB027C48EB39
:100640000608C01B06FB02CC0BFB03CC71EB0C01B4
:10065000C1E70B46024641464846BDE8F08B13B55C
:100660004FF000004FF00001AFF30080BDE81C40E8
:10067000704710B500F0A2FA006810BD10B504462E
:1006800000F09CFA046010BD2DE9F0470D46994634
:100690009246044600F124080168880604D5E06902
:1006A00021F01001216000E00120A84201DD471B7C
:1006B00000E00027A1697A1902EB0900081AA0617D
:1006C0002078C00602D42046AFF30080002608E060
:1006D000D4E901211AF806009047206A401C761CD4
:1006E00020624E45F4DB2078C0060AD52046AFF3E1
:1006F000008006E0D4E9012130209047206A401CA8
:100700002062381EA7F10107F4DC07E0D4E90121DB
:1007100018F805009047206A401C2062281EA5F1A9
:100720000105F3DC2046AFF300802078000602D5F7
:100730000220BDE8F0870120FBE770472DE9FF4F5D
:100740000C461E464FF0FF378BB0D2E90001DDF8B2
:1007500060800A908A46C1F30A5505B93D460021DA
:1007600008464FF00000BAF1000F00F4400005DA2F
:1007700000EB80004FF4400101EA50004FEA90592D
:10078000B9F1010F00DDB9460A9850EA4A000ED0CF
:1007900044F61050A5F2FF3545432F14B8F1000F71
:1007A0001ED07542291E1EDDC9F100021CE0B8F101
:1007B000010F4FF0000001D0302103E0F24305E0CB
:1007C0002154401CB042FBDB304600220021215462
:1007D0000B99C1F80880C1E900200FB0BDE8F08F87
:1007E000BD1B6D1CDEE74A4600DA694206A800F030
:1007F0006FFA06AB93E8070003AB83E807005046A7
:100800000A9900F049FB8DE80700A0F500501F3859
:1008100000900398002D09DD42F21F014A4608446A
:1008200003A90390684600F0A8FD08E0A0F5005079
:100830004A461F3803A90390684600F0B2FD8DE8D0
:1008400007000004000C03D04FF0FF30410800E027
:100850001046B8F1000F03D00022009215461EE0AA
:10086000751E05D400F0AEF9303262556D1EF9D513
:10087000B3460122084302D000227F1C04E0207806
:10088000302801D100227F1E002A099786D01DE062
:10089000112D07DA00F096F9303262556D1C50EADE
:1008A0000102F5D1084302D00098C8B10EE0002142
:1008B000681E05E0235C625C63542254401E491CA0
:1008C0008142F7DBAB46A81B401E0990002004F8CC
:1008D0000B000B98099AC0F80880C0E9002B7CE750
:1008E00011264FF0000859E72DE9F04F88460446DD
:1008F000D21D22F0070191B0D1E90001CDE90A0132
:1009000006F016F802460B98C00F01D02D2007E024
:100910002068810701D52B2002E0202101EAC000D8
:10092000032A099001D0072A05DB034641462046E9
:1009300000F08EF90BE12078800601D5E06900E037
:100940000620B8F1650F814606D0B8F1660F18D0C1
:10095000B8F1670F70D131E00020B9F1110F0090AC
:1009600001DB112301E009F101030AAA01A90CA886
:10097000FFF7E4FEDDE90C70002609F1010583466E
:1009800047E001204B4600904FF000470AAA01A91A
:100990000CA8FFF7D3FEDDE90DB00C995D460026EB
:1009A00010B909F101000D18B9EB050003D4C0F12D
:1009B000FF3609F10105A5EB09002BE0B9F1010FA4
:1009C00001DA4FF001090020B9F1110F00904846FB
:1009D00001DD112300E003460AAA01A90CA8FFF7D4
:1009E000ADFEDDE90C704D460026834620780007F9
:1009F0000AD4AB4500DA5D4601A8012D04DD41199A
:100A000011F8011C302907D04F4502DA17F1040F05
:100A100004DA012082460FE06D1EEEE7002F02DCB3
:100A2000ED1B3E4403E0781CA84200DD7D1CB81B92
:100A300000F1010A4FF000472078000703D4AA45CF
:100A400001DB4FF0FF3A0021B7F1004F0DF14308F1
:100A50008DF8431024D002202B23002F01DA7F428F
:100A60002D230A21021EA0F1010000DC5FB197FBDB
:100A7000F1FC97FBF1F201FB1C7C17460CF1300CEA
:100A800008F801CDEEE7A8F10100037021880905FF
:100A900001D5452100E06521A0F1010800F8011C05
:100AA00009980FA9A1EB0807FF1D00B1012041190A
:100AB00001EBEA70A1693844081A401EA061207851
:100AC000C00602D42046AFF30080099828B1D4E9CB
:100AD00001219047206A401C20622078C00622D560
:100AE0002046AFF300801EE0002E04DBB34502DD9C
:100AF00001A8805D00E03020D4E901219047206A00
:100B0000401C2062761CAAF101005FEA000A0AD1AB
:100B100000F050F8C0680168405CD4E901219047BA
:100B2000206A401C2062281EA5F10105DCDC07E0DC
:100B3000D4E9012118F8010B9047206A401C20627B
:100B4000381EA7F10107F3DC2046AFF30080032035
:100B500011B043E601694A1C02610878704700B58C
:100B60008FB0CDE901310021059105497944CDE9E6
:100B7000031011466846FFF7FDFB0FB000BD0000F3
:100B8000E5FFFFFF0A6802F8010B0A6070470000EA
:100B9000074B70B50D467B44FFF7E1FF044628463E
:100BA00000F004F910B14FF0FF3070BD204670BD69
:100BB000DB72000000487047FC25002000487047A9
:100BC000DC25002030B5B0F10A024FEA900E71F139
:100BD00000034EEA817EB0EB0E0061EB91014FEA1B
:100BE000101E4EEA017E10EB0E0041EB11114FEA90
:100BF000102E4EEA016E10EB0E0041EB11214FEA70
:100C0000104E4EEA014E10EB0E0041EB1141401820
:100C100041F100014FEAD00040EA41704FEAD101B2
:100C200010EB80054FEA810444EA907444EB010420
:100C30006D1944EB0404521BA3414FF0000348BF5D
:100C40000A3200D530BD401C41F1000130BD00002A
:100C50002DE9F0411F46044603260168072A01F4E6
:100C6000006004DB08B116A505E016A503E008B195
:100C700015A500E015A521F010002060A069C01E98
:100C8000A0610FB1401EA0612046AFF300804FB1BC
:100C9000D4E9012138469047206A401C2062C01CDC
:100CA000206206E0206AFAE7D4E9012115F8010B79
:100CB0009047761EF8D22046AFF30080BDE8F08161
:100CC0004E414E006E616E00494E4600696E6600F0
:100CD0002DE9F047814616468AB0334878440DC85E
:100CE0008DE80D0030487844801C03AC0DC884E8C2
:100CF0000D0041F69B300844372190FBF1F290FB48
:100D0000F1F5A5F1800501FB12041B3C02D56442FC
:100D1000012000E00020DFF890A080460027FA4480
:100D2000AAF1BE0A0DE0E00709D03246684607EB9B
:100D300047010AEB810100F034FB8DE807006410E5
:100D40007F1C002CEFD1184F7F44AC3F18E0E80720
:100D500014D007EB04100DF1180A90E80E008AE891
:100D60000E00C068F04201D198190890324606A9D9
:100D700003A800F016FB03AB83E807006D10641CAA
:100D8000002DE4D132466946B8F1000F03A802D025
:100D900000F0F3FA01E000F004FBC9E90001C9F832
:100DA00008200AB0BDE8F08764D00000007B00F0A6
:100DB0008000704700487047DC2500207546FFF72B
:100DC000F9FFAE4605006946534620F00700854608
:100DD00018B020B5FFF738FABDE820404FF0000604
:100DE0004FF000074FF000084FF0000B21F0070113
:100DF000AC46ACE8C009ACE8C009ACE8C009ACE856
:100E0000C0098D46704710B50446AFF300802046F8
:100E1000BDE81040FFF703BA4FF0013C50F8042B37
:100E200051F8043B9A4221D1A2EB0C03934313EAFD
:100E3000CC1317D150F8042B51F8043B9A4215D12A
:100E4000A2EB0C03934313EACC130BD150F8042B01
:100E500051F8043B9A4209D1A2EB0C03934313EAE5
:100E6000CC13DBD04FF00000704700BFD01A01BA9E
:100E7000B1FA81F101F0180122FA01F0CB40C1F181
:100E80002001DBB2C0B2C01A2CFA01F3D11A91438F
:100E900011EAC311E6D170475FEA400C08BF91F038
:100EA000000F4FEA8C234FEAC12243EA51514FEA27
:100EB0001C5018BF00F5F0404FEA300018BF41F059
:100EC00000415FEA6C5C00F02980BCF1FF3F08BF85
:100ED00040F080407047130C06BF12044FF0100C16
:100EE0004FF0000C130E04BF12020CF1080C130F8C
:100EF00004BF12010CF1040C930F04BF92000CF11B
:100F0000020CD30F04BF52000CF1010C11464FF03C
:100F10000002A0F11F00A0EB0C00704711F0004F81
:100F200008BF704731F000413FF4D5AF0B0C06BF4E
:100F300009044FF0100C4FF0000C0B0E04BF090217
:100F40000CF1080C0B0F04BF09010CF1040C8B0F02
:100F500004BF89000CF1020CCB0F04BF49000CF157
:100F6000010CCCF12003A0EB0C0022FA03F302FAEF
:100F70000CF241EA030100F10100704720F07F4CC0
:100F800080EA030023F07F47ACEB070303F57C53B3
:100F900000F0004003F1FF032DE980494FEA154BB3
:100FA00009B44FEA144325EA0B4E24EA03480FF232
:100FB000042606EB132749083E785FEA320203FB5A
:100FC0000667C7F5000707FB06F64FEA54374FEAF6
:100FD000D64606F1020607FB066CCCF1005C4FEA30
:100FE0001C472CEA074C07FB06F40CFB06F504EB48
:100FF00015464FEA961634BF00204FF000404FEAE6
:10100000D13706FB07FC4FEA1C4C0CFB0BF7D21B3D
:1010100003FB0CF761EB07010CFB0EF7B0EB07408D
:1010200072EB17420CFB08F734BFA2EB0742B2EB9E
:10103000074261EB17414FEA0C444FEA910706FB68
:1010400007FC4FEA1C4C0CFB0BF7B0EBC74072EBF4
:10105000573203FB0CF734BFA2EBC742B2EBC742D7
:1010600061EB57310CFB0EF7B0EBC70072EB577218
:101070000CFB08F734BFA2EBC702B2EBC70261EB6F
:101080005771039F4FEA816141EA921104EBCC044E
:101090004FEAD1374FEA826206FB07FC42EA901220
:1010A0004FEA80604FEA1C4C0CFB0BF7D21B03FB92
:1010B0000CF761EB07010CFB0EF7B0EB074072EB8E
:1010C00017420CFB08F734BFA2EB0742B2EB074212
:1010D00061EB17414FEA8C554FEA910704EB9C24D2
:1010E00006FB07FC4FEA1C4C0CFB0BF7B0EBC740B0
:1010F00072EB573203FB0CF734BFA2EBC742B2EBE3
:10110000C74261EB57310CFB0EF7B0EBC70072EB37
:1011100057720CFB08F734BFA2EBC702B2EBC70251
:1011200061EB577115EB4C254FEA816141EA921151
:101130004FEA82624FEAD13742EA901206FB07FC7F
:1011400044F100044FEA80604FEA1C4C0CFB0BF7A3
:10115000D21B03FB0CF761EB07010CFB0EF7B0EBA6
:10116000074072EB17420CFB08F734BFA2EB0742B3
:10117000B2EB074261EB174115EB1C154FEA8131C9
:1011800041EA92414FEA823242EA90424FEA80308D
:101190004FEA0C7644F1000448EA03434EEA0B4858
:1011A0004FF0000EB2EB080C71EB030724BF624650
:1011B00039464EEB0E0E4FF0000B001852414941DC
:1011C0004BEB0B0BB2EB080C71EB03077BF1000B45
:1011D00024BF624639464EEB0E0E4FF0000B00184E
:1011E000524149414BEB0B0BB2EB080C71EB03077F
:1011F0007BF1000B24BF624639464EEB0E0E51EADE
:10120000020718BF46F0010616EB0E7655F10002F4
:1012100054F1000103D5BDE88901BDE80088BDE8AF
:101220008901BDE80048B619524141EB0101A3F123
:101230000103704780807F7E7D7C7B7A797877762A
:1012400076757473727171706F6E6E6D6C6C6B6AA3
:101250006A69686867666665646463636261616041
:10126000605F5F5E5E5D5D5C5C5B5B5A5A595958BE
:101270005857575656555555545453535252525128
:10128000515050504F4F4F4E4E4D4D4D4C4C4C4B7E
:101290004B4B4A4A4A4949494848484747474746C5
:1012A0004646454545444444444343434342424201
:1012B00042414141002B26D4770021D01CB54FEA92
:1012C000370703B44FF010004FF010014FF000004B
:1012D0000FBCBDE810400BF1010BBBF1010F08BFC3
:1012E0005FEA170722BF12F1010211F101014FF06D
:1012F000004143F1000300F0004043EA0000704762
:10130000F9D35708DAE746EA064613F1400F4FEAE9
:1013100016461FDD13F1200FDFBF16430A460021DA
:1013200020335B42C8D0C3F1200746EA064602FAE2
:1013300007F74FEA164646EA0706C3F1200722FAE6
:1013400003F201FA07F721FA03F14FF0000342EA32
:101350000702B1E746EA020646EA06464FEA1646A3
:1013600046EA0106BCBF46EA0646360C4FF00003CB
:101370004FF000024FF000019EE72DE9C048934670
:1013800030B491E8380007C831EA400C48BF34EA6D
:10139000430C03D5FFF7F2FDFFF78CFFF0BCBDE86F
:1013A00000882DE9C048934630B491E8380007C85A
:1013B00010F0804F08BF13F0804F03D100F005F804
:1013C000FFF778FFF0BCBDE8008820F07F4780EA97
:1013D000030023F07F4C07EB0C03A3F57C5300F0D4
:1013E0000040A3F1FE0392F0000F00F0B38095F0EF
:1013F000000F00F077802DE901494FEA11404FEAD4
:10140000144621EA004800FB06FC24EA064708FBD4
:1014100006F607FB08F800FB07F718EB06484CEB4D
:10142000164C4FEA124B18EB07484FEA15464CEBA7
:10143000174022EA0B4E0BFB06FC25EA06470EFB83
:1014400006F607FB0EFE0BFB07F71EEB064E4CEBFA
:10145000164C4FF000061EEB074E4CEB174B18EBEB
:101460000B0840F1000018EB0E0B58EB000840F1A0
:1014700000008F1A4FF000013CBFC943661B14BF28
:10148000B5EB040C00213CBFC943F61B4FEA1744DF
:101490004EEA8E0E27EA04454FEA1C4704FB07621A
:1014A0002CEA074C05FB07F70CFB05F604FB0CFCCC
:1014B00016EB074642EB174216EB0C4642EB1C427A
:1014C0001BEB060658EB0202414146EA9E0601D597
:1014D000BDE80189B619524141EB0101A3F10103B5
:1014E000BDE801894FEA14454FEA114724EA054651
:1014F00021EA074C05FB07F406FB07F70CFB06F196
:1015000005FB0CFC11EB074144EB17444FEA124773
:1015100011EB0C4144EB1C4422EA074C05FB07F29B
:1015200006FB07F70CFB06F605FB0CFC16EB074663
:1015300042EB174216EB0C4642EB1C456A1854F17D
:10154000000148BF7047B619524141EB0101A3F1B8
:101550000103704795F0000F37D04FEA11424FEA70
:10156000144721EA024624EA074C02FB07F106FB76
:1015700007F70CFB06F402FB0CFC14EB074441EBF1
:1015800017414FEA154714EB0C4441EB1C4125EA87
:10159000074C02FB07F506FB07F70CFB06F602FB00
:1015A0000CFC16EB074645EB174516EB0C4645EBD6
:1015B0001C42121951F1000148BF7047B61952413F
:1015C00041EB0101A3F1010370474FEA14454FEAD3
:1015D000114724EA054621EA074C05FB07F106FB03
:1015E00007F70CFB06F24FF0000605FB0CFC12EBB4
:1015F000074241EB174112EB0C4251EB1C4148BF33
:101600007047921841EB0101A3F1010370470000FC
:1016100070B5044600688168C943C90717D181685D
:1016200021F00101816001F0A5FC05460AE000BF40
:1016300001F0A0FC401B022804D920688068C04348
:10164000C00706D020688068C043C007F0D00020E3
:1016500070BDA06A40F01000A062E06A40F0010096
:10166000E062012070BD0000F8B500260446009637
:1016700000688168C943C9072DD0816841F0010124
:101680008160164816490068B0FBF1F000E0401E8A
:1016900000900028FBD101F06DFC054616E000BF6C
:1016A00001F068FC401B022810D920688068C04304
:1016B000C0070BD0A06A40F01000A062E06A40F0C2
:1016C0000100E06284F824600120F8BD2068806891
:1016D000C043C007E4D10020F8BD0000880000200E
:1016E00040420F002DE9F04F3D48C9B0006809F0B5
:1016F00079FB82463B488B46006809F073FB8146C4
:1017000039480F91006809F06DFB07463748884655
:10171000006809F067FB054635480E46006809F089
:1017200061FB0E9033480C46006809F05BFBCDE985
:101730000C013148006809F055FBCDE90A012F483A
:10174000006809F04FFBCDE908012D48006809F059
:1017500049FBCDE906012B48006809F043FBCDE9C0
:1017600004012948006809F03DFBCDE90201274842
:10177000006809F037FBCDE900012548006809F051
:1017800031FB0B460F99CDE916ABCDE914910DF164
:101790003C09024689E8F0011E4918A8FEF798FDA9
:1017A00000281ADDC02800DDC0201B4E002218AB27
:1017B00044F62064371D0EE09D5C214600E0491E82
:1017C000D6F800C05FEA0C6C02D40029F7D101E022
:1017D00001B13D60521C8242EEDB49B0BDE8F08FA2
:1017E00000020020FC010020F8010020F40100208C
:1017F000F0010020380200203402002028020020DE
:1018000024020020140200200C02002048020020C4
:101810004402002008DE000800480040F0B52249DC
:101820000022CC7A8B7A27465B1C641C4D7ADBB293
:10183000E6B22B2812D085B30C7A01F1280C641C77
:10184000E4B20CEB850C0C725CF804CC1CF804C000
:1018500084450CD18B72222B06D01CE06D1C4D727E
:101860000A728B72CE7216E08A72CA7211E00E4B47
:10187000203303EB850353F8043C1B5D834203D004
:10188000012D0BD10D2F09D3CE722C2E03D1CA728C
:101890008A724A720A720120F0BD03E08A72CA722B
:1018A0004A720A720020F7E74401002002494FF40F
:1018B000004008607047000014080140FEE7000087
:1018C0002DE9F0410D4C0A4607460B4E10462168A3
:1018D00009F086FC216B09F0B1FA0146084809F0CD
:1018E0007FFC05463146384609F07AFC294609F066
:1018F000A5FA2063BDE8F0810AD7A33C600200206E
:1019000048E17A3F2DE9F0410D4C0A4607460B4E5F
:101910001046216809F064FC216E09F08FFA014637
:10192000084809F05DFC05463146384609F058FC88
:10193000294609F083FA2066BDE8F0810AD7A33C66
:101940006002002048E17A3F014800F01DBE00001F
:10195000AC05002030B590F840500124AC40C56B78
:101960006C60046863604368102B036803D099605F
:101970000068C26030BD9A600068C16030BD000080
:10198000F8B5374F002601200096387002466B46A6
:101990007521682006F02EFD32A0FEF78DFC9DF823
:1019A000000068280CD0BFF34F8F37480168374AD2
:1019B00001F4E06111430160BFF34F8F00BFFDE709
:1019C00006F0BEFE002848D1782007F077FB10B95A
:1019D00024A0FEF771FC782006F0E4FD10B92CA0DD
:1019E000FEF76AFCC82007F029FB10B932A0FEF709
:1019F00063FC05F033FE10B939A0FEF75DFC4548E5
:101A0000044606F059FD0546E01C06F055FD45EA82
:101A1000C005A01D06F050FD45EA801080B205F01B
:101A2000CDFF10B93CA0FEF747FC40F2731005F063
:101A3000EDFC10B942A0FEF73FFCC82005F026FFE0
:101A400010B949A0FEF738FC08F0BCFA012007F0F5
:101A50001BFA10B94DA0FEF72FFC3E70F8BD000038
:101A6000080000206D70755F7365745F73656E7339
:101A70006F7220636F6D706C657465202E2E2E2E34
:101A80002E2E0D0A000000000CED00E00400FA0507
:101A90006D70755F636F6E6669677572655F6669A5
:101AA000666F20636F6D706C657465202E2E2E2E10
:101AB0002E2E0D0A000000006D70755F7365745F57
:101AC00073616D706C655F7261746520636F6D70BA
:101AD0006C657465202E2E2E2E2E2E0D0A00000011
:101AE000646D705F6C6F61645F6D6F74696F6E5F62
:101AF0006472697665725F6669726D77617265207E
:101B0000636F6D706C657465202E2E2E2E2E2E0D3B
:101B10000A000000F8000020646D705F7365745F58
:101B20006F7269656E746174696F6E20636F6D703A
:101B30006C657465202E2E2E2E2E2E0D0A000000B0
:101B4000646D705F656E61626C655F66656174751A
:101B5000726520636F6D706C657465202E2E2E2E5D
:101B60002E2E0D0A00000000646D705F7365745FB7
:101B70006669666F5F7261746520636F6D706C6516
:101B80007465202E2E2E2E2E2E0D0A006D70755F80
:101B90007365745F646D705F737461746520636FE7
:101BA0006D706C657465202E2E2E2E2E2E0D0A0063
:101BB00070474FF4007001F0CFB872B6FEE7000036
:101BC0000EB50B2801D00F2800D100900120019004
:101BD000072002906946074800F0DCF9054800F04C
:101BE000B7FB0A21034800F015FB024800F050FA49
:101BF00080B20EBD340300202DE9F04100250E46D1
:101C000007462C4608E03846FFF7DAFF0544012076
:101C100005F0C4FB641CE4B2B442F4D3B5FBF6F0A7
:101C200080B2BDE8F08100002DE9FE4FDFF8089298
:101C3000DFF80882DFF808A2DFF808B2824D012839
:101C40007ED04421D02002F01CFD04464321D02048
:101C500002F017FD04EB00207C4C4621E081D020EF
:101C600002F00FFD06464521D02002F00AFD06EBEA
:101C7000002060824821D02002F003FD0646472163
:101C8000D02002F0FEFC06EB002020823C21D02078
:101C900002F0F7FC06463B21D02002F0F2FC06EBF6
:101CA000002020813E21D02002F0EBFC06463D21A1
:101CB000D02002F0E6FC06EB0020A0804021D020DE
:101CC00002F0DFFC06463F21D02002F0DAFC06EBF2
:101CD000002007B2E780B4F90E60704209F020FAE4
:101CE000C8F80000B4F9080008F005FDDFF86081CD
:101CF000584B424608F078FB08F088FA0290B4F995
:101D0000040008F0F8FC4246524B08F06DFB08F066
:101D10007DFA0190384608F0EEFC42464D4B08F043
:101D200063FB08F073FA0090304608F0E4FCDFF83B
:101D300028814FF066373A46434608F055FB00E0ED
:101D400016E008F063FA0646B4F9120008F0D3FC76
:101D50003A46434608F048FB08F058FA07463F4821
:101D6000DFF8FC800078022818D003283ED052E02B
:101D700004F0CAF83B4C2968C9F80010B4F9000017
:101D800009F0CEF9C8F80000B4F9040009F0C8F968
:101D9000CAF800003448B0F9040047E0DDE900105B
:101DA00086F0004202F090FE09F01CF8304E2F4AF7
:101DB000334608F019FB00222E4B08F003FD08F013
:101DC00025FA28603A460099029802F0A9FF09F026
:101DD00009F8264A334608F007FB0022254B08F095
:101DE000F1FC08F013FAC8F8000014E0B4F90A0096
:101DF00009F096F93146FFF763FD80F00040286056
:101E0000B4F90C0009F08CF93946FFF77BFD80F03E
:101E10000041C8F800102968C9F80010B4F9100092
:101E200009F07EF9CAF80000B4F9060009F078F963
:101E3000CBF80000BDE8FE8F6000002064000020A9
:101E40006800002070000020E4000020A4010020B1
:101E50008FC2F5285C1F9A40665E8D40000000200E
:101E6000E0000020EC000020F2000020F1D4C85374
:101E7000FB2109400080664010B50B20FFF7A0FE53
:101E800008F050FC4FF06632094B08F09BFC002232
:101E9000084B08F097FC0022074B08F093FC6FF00A
:101EA0000B0209F07EFBBDE8104008F0F5BB000016
:101EB00066660A400000264000005940F8B500253B
:101EC0000446009590F8240001280BD0012084F8E6
:101ED00024002046FFF79CFB2046FFF7C5FB0600C9
:101EE00002D050E00220F8BDA06A20F4885040F0F3
:101EF0000200A062022001F0DFF825490968B1FB69
:101F0000F0F0400000E0401E00900028FBD1206867
:101F1000816841F00801816001F02CF8074608E073
:101F200001F028F8C01B0A2803D920688068000740
:101F300015D4206880680007F2D42068816841F0D9
:101F40000401816001F016F8074612E001F012F872
:101F5000C01B0A280DD920688068400709D5A06AEF
:101F600020F0020040F01000A06284F8245001200C
:101F7000F8BD206880684007E8D4A06A20F002001D
:101F800040F00100A06284F824503046F8BD000003
:101F900088000020F8B50024009490F824202546FD
:101FA000012A12D0012280F824204A681F23072A20
:101FB0000DD20668776B521E02EB820293409F435C
:101FC0000B6893401F43776319E00220F8BD066851
:101FD0000D2A0AD2376BD21F02EB820293409F4335
:101FE0000B6893401F43376309E0F76A0D3A02EB31
:101FF000820293409F430B6893401F43F7620A6835
:10200000072306680A2A0AD3F7680A3A02EB420253
:1020100093409F438B6893401F43F76008E0376904
:1020200002EB420293409F438B6893401F4337610A
:102030000A68102A01D0112A20D1124B02689A4254
:1020400017D193681B0219D4936843F4000393607B
:102050000968102912D10C490C4A0968B1FBF2F148
:1020600001EB8101490000E0491E00910029FBD1EC
:1020700004E0816A41F020018162012480F824504B
:102080002046F8BD002401408800002040420F0097
:102090000068C06C704700002DE9F04104004FF06B
:1020A000000514D0A06A002628B9E66284F82460EE
:1020B000204600F083F82046FFF7AAFAA16A01F053
:1020C0001001014304D0A06A40F01000A0626BE050
:1020D000A16A21F4885141F00201A16233492368C9
:1020E0008B42E16904D1B1F5402F01D14FF40021B9
:1020F000277B4FF4807C41EA470261680A43A1686C
:10210000614509D0012907D05FF0000194F814E07F
:10211000BEF1010F02D00AE06146F7E7C7B1A76A36
:1021200047F02007A762E76A47F00107E7625F68A8
:1021300027F469470F435F60236899681C4F394053
:1021400011439960A16861450BD0012909D00CE0C9
:10215000DFF860E0A7690EEB47370F4347F40061F3
:10216000E5E7218A0D05A5F580152168CB6A23F4E2
:1021700070032B43CB62216889680F4B1940914251
:1021800008D1E662A16A21F0020141F00101A162D9
:10219000BDE8F081A06A20F0020040F01000A062CB
:1021A000E06A40F00100E0620120F1E7003C0140FC
:1021B000FDF7E1FF00E0FFFFFE0E1FFF00B585B059
:1021C0000021009101910291039100680E4988421B
:1021D00018D10E48816941F480618161816901F4FF
:1021E00080610491816941F01001816180696946D3
:1021F00000F0100004902220009003200190044879
:1022000000F0B6FD05B000BD0028014000100240FE
:10221000001001402DE9F84300270D4604460097C1
:1022200000F0A8FE804620688168C90508D5A06A2C
:1022300040F02000A06284F824700120BDE8F883FB
:102240004168C90503D4C06A10F4700F2AD0022077
:1022500000F032FF3B490968B1FBF0F620680369E2
:1022600039490B424FEA61014FEAA1121FD1C368FD
:102270004FEA611C13EA0C0F19D103690B4225D1F7
:10228000C068104222D1142023E0681C0AD02DB16E
:1022900000F070FEA0EB0800A84203D92068006897
:1022A000800725D5206800688007EED52DE00369FA
:1022B0000B4202D1C168114206D0026923490A4289
:1022C00006D1C068084203D1542002E0292000E072
:1022D000FC204643009816E0681C11D02DB100F098
:1022E00049FEA0EB0800A8420AD90098B04207D2E4
:1022F000A06A40F00400A06284F8247003209DE7E7
:102300000098401C0090B042E6D321686FF01200A4
:102310000860A06A40F40070A06220688068C0F382
:10232000424007280CD1207B50B9A06A20F480706D
:10233000A062A06AC00403D4A06A40F00100A062B9
:1023400000207BE788000020244992244992240041
:1023500070B5044690F8240001280DD0012084F8BF
:1023600024002046FFF780F902004FF0000005D05E
:1023700084F82400104670BD022070BDA16A40F2AE
:102380000123994341F48071A1621F4D23681F49C5
:10239000AB4218D10E6816F4702F14D0A66A46F41A
:1023A0008016A6620E68760505D5A66A26F4005644
:1023B00046F48056A662A66AF6040AD5E66A26F0B6
:1023C0000606E66206E0A66A26F48016A6625E6845
:1023D000E9E7E06284F824006FF0020018602068EA
:1023E0008368C3F34243072B05D1A84208D109688B
:1023F00011F4702F04D0816841F480118160B9E735
:10240000816841F4A001F9E700280140042401405B
:1024100010B590F821100022022905D00421816313
:1024200080F82020012010BD01680B6823F00E0306
:102430000B6001680B6823F001030B6090F84030DB
:10244000C46B012101FA03F3636080F8211080F866
:102450002020104610BD00002DE9F05F90F82110FB
:102460000024022903D004218163012485E001684E
:102470000A6822F00E020A6001680A6822F001026E
:102480000A603F4E3E4FB215DFF8F4C0DFF8F0901F
:10249000DFF8ECA0DFF8E8B0DFF8E4E00168783FAF
:1024A00013011502ACF1640CA9F15009AAF13C0A20
:1024B000ABF1280BAEF1140E4FF48018B14227D9BE
:1024C000B9420ED0614512D049451DD0514518D0B2
:1024D000594518D0714501D1424615E0294EB14207
:1024E00001D1012210E0274E1436B14201D1102251
:1024F0000AE0244E2836B14206D0224A3C329142AC
:1025000001D11A4600E02A461E49091F0A602BE045
:10251000B94213D0614517D0494522D051451DD04D
:1025200059451DD0714501D142461AE0B14202D150
:102530004FF0807215E0134EB14201D1012210E03C
:10254000104E1436B14201D110220AE00D4E283649
:10255000B14206D00B4A3C32914201D11A4600E00A
:102560002A46074980394A60012180F8211000215C
:1025700080F82010416B01B188472046BDE8F09FEC
:1025800080000240080402402DE9F05FC16B0A6838
:1025900001680B68046C4FF0040808FA04F8844DD5
:1025A000844E854FDFF814C2DFF81492DFF814A2CE
:1025B000DFF814B2DFF814E218EA020F65D05FEA20
:1025C000437862D50A68920603D40A6822F00402AE
:1025D0000A60DFF8F0814FF48062016808F11408A6
:1025E00013011402414524D9A9420DD0B1420FD0A4
:1025F000B9421AD0614515D0494515D0514501D190
:10260000120312E0594501D104220EE0714501D1B7
:1026100040220AE06D4D1435A94206D06B4A28329B
:10262000914201D11A4600E022466749091F0A601B
:1026300029E0A94213D0B14215D0B94220D061455A
:102640001BD049451BD0514502D14FF4800217E001
:10265000414502D14FF0806212E0594501D1042278
:102660000EE0714501D140220AE0584D1435A942CF
:1026700006D0564A2832914201D11A4600E022463D
:102680004B4908394A60C16A71E04FF0020808FA04
:1026900004F818EA020F70D05FEA83786DD50A68F3
:1026A000920606D40A6822F00A020A60012180F824
:1026B0002110DFF810814FF40072016808F114084E
:1026C00013011402414524D9A9420DD0B1420FD0C3
:1026D000B9421AD0614515D0494515D0514501D1AF
:1026E000120312E0594501D102220EE0714501D1D9
:1026F00020220AE0354D1435A94206D0334A28324B
:10270000914201D11A4600E022462F49091F0A6072
:1027100029E0A94213D0B14215D0B94220D0614579
:102720001BD049451BD0514502D14FF4001217E090
:10273000414502D14FF0007212E0594501D1022209
:102740000EE0714501D120220AE0204D1435A94246
:1027500006D01E4A2832914201D11A4600E0224694
:10276000134908394A60002180F82010816A002945
:102770001CD0BDE8F05F0847FFE70825A5401542DB
:1027800014D01A0712D50A6822F00E020A6090F8D7
:102790004020C36B012101FA02F25A60816380F884
:1027A0002110002180F82010016BE0E7BDE8F09FC8
:1027B000080002401C000240300002404400024079
:1027C000580002406C000240080402401C04024011
:1027D00030B560B11A4B026814219A4209D2194BE4
:1027E0001344B3FBF1F18900016417490AE00120A9
:1027F00030BD134B5B421344B3FBF1F1890001641C
:102800000F490839C163022180F82110136843F68B
:10281000F0718B43F0E901142143D0E902452C43C8
:1028200021430469214344692143846921431943B5
:10283000116000214163012242770177084630BDD3
:1028400008040240F8FFFDBF0000024070B50446D6
:1028500090F82000002501280CD0012084F82000E9
:1028600094F821600020012E06D084F82000022573
:10287000284670BD022070BD022684F82160A06346
:102880002068066826F0010606602046FFF762F819
:10289000E06A00282068016802D041F00E0106E0DD
:1028A00021F0040101602068016841F00A01016023
:1028B0002068016841F001010160D9E72DE9F04F7E
:1028C00089B0B0F5007F44D1042003F0F5FBF84D4A
:1028D0002860082003F0F0FBF64F40421E213860CC
:1028E0000F20FFF789F9F449F44C0880A078E8B18B
:1028F0000020A070F2480078FFF796F92078401C7D
:10290000207002F00FFFEF480168B1F57A7F02DA1C
:102910000168491C0160A0780026012808D0EA4916
:102920000868642818DBE948066017E00120E0E742
:10293000FFF7A2FA2063616B491C6163A26B6429F3
:102940001044A06305D190FBF1F1E1480160A6635A
:10295000666309B0BDE8F08F401C0860286808F085
:10296000DFFBDC4908F0DEFA08F03CFADA4ADB4B20
:1029700007F028FF012208F014FE4FF08042D84BE8
:1029800007F032FD07F042FC0546A06708F02AFA7E
:102990000022D44B07F016FF4FF0FF3208F001FE83
:1029A00007F034FCD049DFF8449383460860494679
:1029B000284608F015FCC14D8035296808F03EFA1C
:1029C00082462860386808F0ABFBC24908F0AAFAD2
:1029D00008F008FAC04AC14B07F0F4FE012208F0E3
:1029E000E0FD4FF08042BE4B07F0FEFC07F00EFC0E
:1029F0008046E06708F0F6F90022BA4B07F0E2FEE5
:102A00004FF0FF3208F0CDFD07F000FCB849074653
:102A100008604946404608F0E3FB696808F00EFA92
:102A2000814668603946584608F008FA08F0DAF935
:102A3000B04AAB4B07F0C6FE4FF0FF3208F0B1FDD5
:102A4000DFF8B4B207468846DBF8000008F0CAF9A0
:102A50003A46434607F00CFC07F0D8FBCBF80000E1
:102A6000A748A6490068009008F05CFA08F0BAF997
:102A7000994A9A4B07F0A6FE07F0C8FB2862A248C5
:102A8000A049006808F04EFA08F0ACF99F4AA04B44
:102A900007F098FE07468846686A08F0A3F93A46A8
:102AA000434607F0E5FB07F0B1FB804668629948B2
:102AB0000068012768B1984D286850B95046E16C0C
:102AC00008F0C6FC60624846216D08F0C1FCA062B7
:102AD0002F60207802287CD1784D504605F1800483
:102AE0002E70A16808F0B4FC69698B4608F01AFAE8
:102AF000C4F808A020614846E16808F0A9FC5946DE
:102B000008F010FAC4F80C9060614FF0FF314046B5
:102B100008F075FD60626848008808F019FBA96933
:102B200008F08CFC7D4908F05BFB009908F086F901
:102B3000724908F0F7F908F055F9674A674B07F052
:102B400041FE07F063FBA8668246E96E08F080FC50
:102B5000594608F0E7F98346686F08F043F94FF0EB
:102B600033326F4B07F02EFE80468946584608F0F8
:102B700039F96C4A6C4B07F025FE42464B4607F08C
:102B800077FB07F043FB2867C5F86CA0686702F085
:102B9000F1FD2068009060680190206902906069F2
:102BA0000390206A0490606A0590A86E0690286FD2
:102BB0000790684608A905F085FB5C4DDDF820808C
:102BC0004FF07E542946404608F0D6FA02D22C46F1
:102BD00006E033E02146404608F0CEFB00D34446F1
:102BE00020465349089408F0FBFA344D514A05F148
:102BF000800428666866216A91421BDC4E4A914235
:102C000018D2696908F0ECFA8146216908F016F9D2
:102C1000A06180464846616908F010F9E0614146CC
:102C2000A86F01F0D9FEA062E169E86F01F006FF2C
:102C3000E06202E06F70A662E66266623F4800787A
:102C400038B3002002F09CF93D4C1C4B65428033A8
:102C500022462946986A03F04FF99862224629468F
:102C6000D86A03F049F90146D86236489A6A026088
:102C700035480160104603F039FA3448D0F8340181
:102C8000134AC1B23248017012680A2A03DA077087
:102C900004E06420D6E700293FF45BAE2D480660CF
:102CA000001D0660001D0660001D066051E6000064
:102CB0004C000020500000201C000020A401002037
:102CC0000000002034000020280000202400002004
:102CD0005C00002000606A47F1D4C853FB21094022
:102CE000E17A743F00C05040540200200AD7A33B51
:102CF000580200207B14AE475C02002000003443E1
:102D000060000020333383416400002012E7FAA101
:102D100046DF913F3000002074000020EA04B43DFB
:102D20003333E33F9A9999999999D93F000080BF2D
:102D300000004843F90F493FF90F49BF190000202F
:102D40000CE5FFFF54000020580000200000224244
:102D50000400002034040040044910B50A6802420F
:102D600002D00860FFF7AAFD10BD00001404014066
:102D70002DE9F84FDFF8C8910024A9F1040B234690
:102D80000F2709F1040AABF1040ED1E00125A5409B
:102D900006EA0502AA4276D1DFF8A8C14E68A6EB82
:102DA0000C0866452BD00DDC032E34D005DC36B381
:102DB000012E19D0022E2FD11BE0112E16D0122E6B
:102DC0002AD119E0B8F5881F19D006DCB8F5803F84
:102DD00015D0B8F5801F1FD111E0B8F5001F0ED037
:102DE000B8F5041F18D10AE0CB6815E0CB681B1DAD
:102DF00012E0CB6808330FE0CB680C330CE08B6833
:102E00002BB1012B4FF0080303D0456104E00423EC
:102E100002E0056100E00023FF2A01D8064601E038
:102E200000F104064FEA840501D9A5F12005D6F882
:102E3000008007FA05FC28EA0C0803FA05F548EAC1
:102E40000508C6F800804D68ED0070D53E4DAE69AE
:102E500046F00106AE61AD6924F0030605F00105F8
:102E600000953A4D06EB050CDCF80850A607360F26
:102E700007FA06F825EA0805DFF8D480404503D1B3
:102E80004FF0000825E052E0DFF8C880404502D14D
:102E90004FF001081DE0DFF8C080404502D14FF03F
:102EA000020816E0DFF8B480404502D14FF0030875
:102EB0000FE0DFF8AC80404502D14FF0040808E095
:102EC000DFF8A080404502D14FF0050801E04FF047
:102ED000060808FA06F848EA0508CCF808804D68A4
:102EE000D9F80060ED024D4601D5164300E0964347
:102EF0002E604D68DAF80060AD02554601D51643E4
:102F000000E096432E604D68DBF80060AD035D463F
:102F100001D5164300E096432E604D68DEF8006050
:102F2000ED03754601D5164300E096432E60641C00
:102F30000A681646E2407FF429AFBDE8F88F00002A
:102F40000804014000001110001002400000014080
:102F500000080140000C0140001001400014014035
:102F600000180140001C01400AB1016170470904CA
:102F7000FBE7000001488068704700007C000020EB
:102F80000248816802781144816070477C0000200B
:102F9000074810B5016841F010010160032000F0FE
:102FA00079F8032000F006F800F024F8002010BDA6
:102FB0000020024070B50D4D04464FF47A71287818
:102FC000B1FBF0F00A490968B1FBF0F000F0B2FB88
:102FD00048B9102C07D200222146501E00F03AF8C2
:102FE00000206C6070BD012070BD00007C000020DE
:102FF000880000200E4808B5816941F00101816117
:10300000816901F001010091C16941F08051C16104
:10301000C06900F080500090052000F03BF80548A2
:10302000416821F0E06141F00071416008BD00009D
:103030000010024000000140002809DB00F01F02E0
:10304000012191404009800000F1E020C0F800110A
:1030500070470000F0B40E4B1B680C46C3F302230C
:10306000C3F10705042D00D90425191D072901D234
:10307000002300E0DB1E012606FA05F1491E21406F
:1030800099409E40761E16403143F0BC03F077BC59
:103090000CED00E0064900F0070208684FF6FF0358
:1030A000184040EA0220034A1043086070470000BD
:1030B0000CED00E00000FA0510B501460020284C98
:1030C00004292FD00BDC012930D0022929D100F0AE
:1030D0006BF96168C1F38131491C49001FE008297F
:1030E00020D010291DD161682268D20119D51D4850
:1030F000C1F38342C903805C0AD56168194AC1F3F0
:103100004041921E515C184AB2FBF1F1484301E084
:10311000164948436168490203D440000321B0FBCB
:10312000F1F010BDBDE8104000F04EB9226AC2F3C4
:103130000121012903D1920701D5C80310BD02293D
:1031400005D1626A920702D549F6404010BD0329B5
:10315000FCD121688903F9D54FF2244010BD00004D
:10316000001002408EB6000800127A0000093D00EF
:103170002DE9F84305460078354CC00754D0E06986
:103180000026C00008D4E06940F08050E061E069AA
:10319000012600F0805000902E480168C90512D425
:1031A0000168804641F480710160FFF7E3FE074645
:1031B00005E000BFFFF7DEFEC01B642823D8D8F867
:1031C0000000C005F6D5206A10F4407021D0A9880F
:1031D00001F4407181421CD0206A1F49012220F471
:1031E00040700A6000220A602062C00711D0FFF719
:1031F000C1FE074641F2883808E000BFFFF7BAFE7B
:10320000C11B414502D90320BDE8F883206A80072D
:10321000F4D5206A696820F44070084320621EB12A
:10322000E06920F08050E0612878800705D560686B
:10323000A96820F44040084360602878C00605D59E
:103240006068696920F48000084360600020DBE763
:103250000010024000700040400442422DE9F04757
:103260000F46050061D0434E306800F00700B842B9
:1032700009D2306820F0070038433060306800F031
:103280000700B84251D128683B4C810712D540074E
:1032900003D5606840F4E06060602878000703D5DB
:1032A000606840F4605060606068A96820F0F000D9
:1032B000084360602878C00728D06868012810D0CB
:1032C0002168022810D0890700292EDA616821F0D0
:1032D000030101436160FFF74DFE804641F28839EA
:1032E0000DE021688903EFE78901EDE7FFF742FE72
:1032F000A0EB0801494502D90320BDE8F0876068CA
:10330000696800F00C00B0EB810FEFD1306800F07D
:103310000700B8420BD9306820F00700384330600E
:10332000306800F00700B84201D00120E5E72878B6
:10333000400705D56068E96820F4E06008436060F4
:103340002878000706D56068296920F4605040EAB3
:10335000C100606000F038F86168084AC1F30311E9
:10336000515CC8400649086006480068FFF722FE25
:103370000020C2E700200240001002409EB6000874
:103380008800002080000020044805490068496842
:10339000044AC1F30221515CC840704788000020F4
:1033A00000100240AEB600080448054900684968AC
:1033B000044AC1F3C221515CC84070478800002014
:1033C00000100240AEB600080E4A51680E4801F0E7
:1033D0000C03042B11D0082B0FD10C48C1F38343ED
:1033E000C903C05C0AD55168084AC1F34041921E26
:1033F000515C054A5043B0FBF1F070470449484323
:10340000704700000010024000127A007CB60008ED
:1034100000093D002DE9F84F040070D02078C04D20
:10342000C00749D06868C0F38100012807D06868E8
:10343000C0F38100022809D16868C00306D5286856
:10344000800339D560680028E7D035E06068B0F5C2
:10345000803F0BD010B1B0F5A02F11D0286820F418
:1034600080302860286820F4802002E0286840F43A
:1034700080302860606890B1FFF77CFD06460AE066
:10348000286840F480202860F0E700BFFFF772FD55
:10349000801B642873D828688003F7D50CE0FFF7F9
:1034A00069FD064605E000BFFFF764FD801B642848
:1034B000F0D828688003F7D420789A4E80074FF020
:1034C00001094FF0000839D5686810F00C0F07D0DB
:1034D0006868C0F38100022809D16868C00306D477
:1034E0002868800714D52069012808D110E02069D8
:1034F000B0B1C6F80090FFF73DFD074605E00AE1D0
:10350000FFF738FDC01B0228C4D828688007F7D50C
:103510002868616920F0F80040EAC10028600DE0E9
:10352000C6F80080FFF726FD074604E0FFF722FDFE
:10353000C01B022823D828688007F7D4207800070A
:103540002CD57948A169D9B1C0F80090FFF712FDD8
:10355000074604E0FFF70EFDC01B02280FD8686A7B
:103560008007F7D571484FF4FA510068B0FBF1F0CD
:10357000009000BF0098411E0091FAD20EE080E05A
:10358000C0F80080FFF7F6FC074604E0FFF7F2FC06
:10359000C01B022875D8686A8007F7D420784007D6
:1035A00060D5E8690027C00008D4E86940F0805081
:1035B000E861E869012700F0805000905C480168EC
:1035C000C90513D40168834641F480710160FFF797
:1035D000D1FC824606E000BFFFF7CCFCA0EB0A005E
:1035E00064284ED8DBF80000C005F5D5E068012856
:1035F0000AD008B1052813D0286A20F001002862FB
:10360000286A20F0040002E0286A40F001002862E5
:10361000E06841F2883B98B1FFF7ACFC82460BE0D2
:10362000286A40F004002862EEE700BFFFF7A2FC22
:10363000A0EB0A0159455AD8286A8007F6D50CE054
:10364000FFF798FC824605E0FFF794FCA0EB0A0127
:1036500059454CD8286A8007F6D41FB1E86920F094
:103660008050E861E06988B36968C1F3810102298B
:1036700044D00228C6F8608004D0FFF77BFC0446E3
:1036800038E034E0FFF776FC074604E0FFF772FC11
:10369000C01B02282BD828688001F7D4206AB0F517
:1036A000803F05D16868A16820F400300843686055
:1036B000D4E908010843696821F47411084368607B
:1036C000C6F86090FFF756FC044606E025E000BF10
:1036D000FFF750FC001B022809D828688001F7D5A5
:1036E0001BE000BFFFF746FC001B022802D90320A5
:1036F000BDE8F88F28688001F4D40EE00128F7D0E7
:103700006868226A00F48031914204D1616A00F451
:103710007010884201D00120EAE70020E8E70000AD
:103720000010024000004242800442428800002013
:103730000070004010B5401EB0F1807F01D3012021
:1037400010BD4FF0E02460610F21601703F017F9FE
:103750000020A06107202061002010BD70B590F806
:103760003C20012A2CD0012480F83C40022280F821
:103770003D2003685A689D6822F070060A6832434B
:103780005A60104B02689A420ED00F4B9A420BD0EF
:10379000B2F1804F08D00D4B9A4205D00C4B9A42A3
:1037A00002D00C4B9A4204D1496825F0800319439A
:1037B000916080F83D40002180F83C10084670BDC3
:1037C000022070BD002C0140003401400004004084
:1037D00000080040000C004010B5040003D094F82D
:1037E0003D0010B107E0012010BD002084F83C002E
:1037F000204600F01FF8022084F83D00211D2068BB
:1038000002F0D6FC012084F8460084F83E0084F8DB
:103810003F0084F8400084F8410084F8420084F8B6
:10382000430084F8440084F8450084F83D000020FB
:1038300010BD000008B500680649884208D1064856
:10384000C16941F00201C161C06900F0020000904D
:1038500008BD0000000400400010024070B504469E
:1038600090F83C000025012817D0012684F83C6020
:10387000022084F83D002068826822F0770222F45A
:103880007F4282600868502838D00DDC20284FD055
:1038900005DC90B3102811D14AE0022070BD302819
:1038A00046D040280AD13BE060282FD070280DD0A8
:1038B000B0F5805F03D0B0F5005F12D0012584F829
:1038C0003D60002084F83C00284670BDCB68D1E9FB
:1038D0000121206802F0BFFC2068816841F0770177
:1038E00009E0CB68D1E90121206802F0B4FC20682E
:1038F000816841F480418160E1E719E0CA68496864
:10390000206802F07DFD5021206806E0CA68496801
:10391000206802F086FD6021206802F0A6FCCEE758
:10392000CA684968206802F06BFD40212068F4E70E
:10393000226801461046F0E72DE9F0410D460400EB
:1039400003D094F83D0018B108E00120BDE8F081F3
:10395000002084F83C00204600F040F8022084F863
:103960003D002068816844F2070291438160211D77
:10397000206802F01DFC226890689169166A2B6825
:10398000AF69034340F20330814341EA0721A8684D
:10399000EF6908434FF6FC418843E96840EA072095
:1039A000014328692F6A000140EA0730084369682B
:1039B0006D6926F0220646EA0515294393602268C0
:1039C000906154F8460B0162012004F81F09E0756C
:1039D0002076E0762077A0750020B7E700B585B0A7
:1039E000002100910191029103911A4B02681A483B
:1039F000C0219A4213D1C26942F00402C261C26975
:103A000002F004020492826942F008028261806935
:103A1000009100F0080004906946104815E0104B32
:103A20009A4214D1826942F400528261826902F49E
:103A300000520492826942F0100282618069009112
:103A400000F01000049069460648FFF791F905B0B0
:103A500000BD00000008004000100240000C0140C2
:103A6000003401400010014070B590F83E600446FB
:103A700090F83F5090F8423090F84320022021B156
:103A800004290ED0012E1BD114E0012E18D1012BD8
:103A900016D184F83E0084F84200012200212068FB
:103AA00020E0012D0CD1012A0AD184F83F0084F8CE
:103AB000430014E0012D03D1012B01D1012A01D0D3
:103AC000012070BD84F83E0084F83F0084F8420075
:103AD00084F8430001220021206802F0AFFB01229C
:103AE0000421206802F0AAFB2068016841F001016E
:103AF0000160002070BD000010B586B0002100916B
:103B000001910291039100681349884221D1134821
:103B1000816941F004018161816901F0040104912E
:103B2000816941F0080181618069022400F0080088
:103B30000490C020CDE90004694609480394FFF7CA
:103B400017F90320CDE90004694606480394FFF7FE
:103B50000FF906B010BD0000000400400010024044
:103B600000080140000C014070B5044690F83C008C
:103B700000260D4601280FD0012084F83C006AB1D0
:103B8000042A1DD0082A2FD00C2A3FD0012600205D
:103B900084F83C00304670BD022070BD206802F001
:103BA0006DFB2068816941F00801816120688169AD
:103BB00021F004018161206881692A69114311E0C3
:103BC000206802F08BFB2068816941F4006181610B
:103BD0002068816921F480618161206881692A6996
:103BE00041EA02218161D2E7206802F0ADFB206842
:103BF000C16941F00801C1612068C16921F0040177
:103C0000C1612068C1692A69114311E0206802F08E
:103C1000CFFB2068C16941F40061C1612068C169BE
:103C200021F48061C1612068C1692A6941EA0221E9
:103C3000C161ACE710B5040003D094F83D0010B1A9
:103C400007E0012010BD002084F83C00204600F071
:103C50001EF8022084F83D00211D206802F0A8FA19
:103C6000012084F8460084F83E0084F83F0084F880
:103C7000400084F8410084F8420084F8430084F84E
:103C8000440084F8450084F83D00002010BD7047D2
:103C900010B50446022249B104290ED0082913D0D8
:103CA00094F84100012816D0012010BD94F83E0080
:103CB0000128F9D184F83E200FE094F83F00012854
:103CC000F2D184F83F2008E094F840000128EBD1BD
:103CD00084F8402001E084F841200122206802F0AD
:103CE000ADFA13492068134A884201D0904203D1AB
:103CF000436C43F400434364206888420DD09042F3
:103D00000BD0B0F1804F08D00B49884205D00B4949
:103D1000884202D00A49884204D1816801F0070133
:103D2000062903D0016841F001010160002010BDA7
:103D3000002C014000340140000400400008004015
:103D4000000C0040704710B504460068406994F8C4
:103D50004110C0F3C010212911D180B12068143066
:103D600050E8001F21F0800140E80012002AF5D140
:103D7000A06B08B1FEF74CFB204602F01DFC20684A
:103D8000406994F84210C0F38010222911D180B10B
:103D90002068143050E8001F21F0400140E8001274
:103DA000002AF5D1E06B08B1FEF732FB204602F0A5
:103DB000DCFB002010BD7047F8B5016804460868B8
:103DC000CA684B6910F00F0F4FF000055AD003F08E
:103DD000010602F49077374365D0C10705D0D105BD
:103DE00003D5616C41F001016164410705D5D90734
:103DF00003D0616C41F002016164810705D5D907E8
:103E000003D0616C41F004016164010707D502F041
:103E10002001314303D0616C41F008016164616CA1
:103E200000293BD0800604D5900602D5204602F03A
:103E3000D1FB20684069616CC0F3801001F008017B
:103E4000014320462BD002F090FB206840694006D9
:103E500021D52068143050E8001F21F0400140E8CF
:103E60000012002AF5D1E06BA8B16D494163E06B07
:103E7000FEF7F2FA002811D0E06B416B01B0BDE80B
:103E8000F040084783060ED593060CD52046BDE8C2
:103E9000F84002F09FBB2046FFF78DFFF8BDFFF70B
:103EA0008AFF6564F8BD266B2023012E7CD1C606EF
:103EB0007AD5D60678D508684868009048694FF0EA
:103EC0000206400640D5E16B086840680004000C1B
:103ED000E8D0A28D8242E5D9E085886920282DD0DE
:103EE00020680C3050E8001F21F4807140E8001277
:103EF000002AF5D12168143151E8000F20F00100AB
:103F000041E80002002AF5D12068143050E8001F73
:103F100021F0400140E80012002AF5D184F8423037
:103F2000256320680C3050E8001F21F0100140E8A4
:103F30000012002AF5D1E06BFEF76AFA6663A08DE5
:103F4000E18D401A81B22AE0A08DE18D401A81B244
:103F5000E08D0028A6D00029A4D022680C3252E8B7
:103F6000000F20F4907042E80007002FF5D1206880
:103F7000143050E8002F22F0010240E80027002F03
:103F8000F5D184F84230256320680C3050E8002FCA
:103F900022F0100240E80023002BF5D16663204692
:103FA000FFF7D0FEF8BDFFE705062BD5150629D58E
:103FB00094F841002128F5D1A068B0F5805F01D1C7
:103FC0002069B0B1206A411C2162216800784860F4
:103FD000E08C401E0004000CE084E3D12068C1683E
:103FE00021F08001C1602068C16841F04001C160DA
:103FF000D8E7206A0088C0F308004860206A801C67
:104000002062E5E74006CDD55006CBD5CA682046EC
:1040100022F04002CA6084F8413000F030FBC1E772
:104020006D64000870B5040004D094F841000025C8
:1040300010B106E0012070BD84F84050204600F029
:1040400023F8242084F841002068C16821F400513D
:10405000C160204602F020FB2068016921F49041F4
:1040600001612068416921F02A0141612068C1682D
:1040700041F40051C1606564202084F8410084F857
:1040800042006563002070BDF0B585B00024009447
:104090000194029403940546D0F800C06748DFF805
:1040A00098E1061502210322654BC714F4453FD160
:1040B000D0F81CC04CF4002CC0F81CC0D0F81CC0B8
:1040C0000CF4002CCDF810C0D0F818C04CF0100C37
:1040D000C0F818C08069CDE9006100F01000CDE99A
:1040E000032069461E461846FEF742FECDE90074DD
:1040F000694630460294FEF73BFE534E5148C6E9EE
:1041000000048020C6E9024020203461C6E9054051
:104110003046F461FEF75CFB08B1FDF74EFDEE633F
:104120000122114634207562FEF794FF342031E0FD
:10413000464DAC4532D1C56945F48015C561C569A8
:1041400005F480150495856945F01005856185693C
:1041500005F010050495856945F0200585618069A5
:10416000039200F0200004904FF48050CDE900014C
:1041700069461846FEF7FCFD0420CDE900046946B7
:1041800033480294FEF7F4FD012211463520FEF774
:1041900061FF3520FEF750FF05B0F0BD2D4B9C456B
:1041A00021D1836943F480438361836903F48043AD
:1041B0000493836943F0040383618069264D00F012
:1041C000040004904FF40070CDE9000103926946A9
:1041D0002846FEF7CDFDCDE90064694628460294E5
:1041E000FEF7C6FDD8E71D4B9C45D5D1C36943F406
:1041F0008023C361C36903F480230493836943F07C
:10420000080383618069CDE9006100F00800CDE911
:104210000320134D69462846FEF7AAFDCDE9007438
:10422000694628460294FEF7A3FD01221146272085
:10423000FEF710FF2720ADE7004C004000100240C1
:104240000010014030040240AC0500200050004046
:1042500000140140003801400008014000480040BF
:10426000000C014090F84230202B01D00220704712
:1042700021B11AB10023036302F06ABA012070472A
:1042800090F84230202B01D00220704721B11AB1A2
:104290000023036302F0A4BA012070472DE9F14F17
:1042A000E1490098012600240068E04D4FF0020A21
:1042B00088427FD1AC466F789CF802109CF80E00C3
:1042C0009CF803B0DA4A0BEB4B0C0B180CEB020911
:1042D00007F1010CDBB20CF0FF0C3A2F6AD2DFE8D9
:1042E00007F01D232B34373B3E41444A41444A41A9
:1042F000444A41444A41444A41444A41444A41446F
:104300004A41444A41444A41444A41444A41444A58
:1043100041444A41444A41444A53575BA52848D145
:1043200010706E70A53105E05A2807D1507085F8DD
:1043300001A05A31A9703DE03A2801D06C7038E0F4
:104340009070032068703A31F4E7D070042001E0E7
:104350001071052068700CE050710620FAE790712A
:104360000720F7E789F8070001E089F8080085F8D9
:1043700001C0AB701EE089F8090085F801C0AB7080
:104380000BF10100E87015E082F837003820E1E712
:1043900082F838003920DDE782F839006C70EC7063
:1043A000884202D102F0D0FE03E03A21A048FCF797
:1043B0009CF8AC7000989F490068884279D19E4A69
:1043C0009A4928790C3102F1320310B101280BD03F
:1043D00026E00878AA2823D12E7142F8324F546083
:1043E000148118702E701BE028780F781F54401C21
:1043F000C0B228700A2813D30027384613F800C02B
:10440000401C6744FFB20928F8DB587AB84206D14D
:1044100052F8330F286150686861884806702C7123
:104420000878A8616873FDF7F9F900BBA8698449A9
:1044300053280BD0732809D0502809D0702807D0F2
:1044400080480068B0F57A7F04D010E00E70E0E09C
:104450000C70DEE07C4802687C49032A04DA0268BA
:10446000521C02600C6002E0642202600E60A946E9
:10447000A869774F7749784A784B794D592819D0F0
:1044800058281AD062281AD00A2827DD5A2839D08D
:1044900041284DD045283ED0422840D043283ED028
:1044A00044283CD046283FD047283DD048283BD020
:1044B00010E0B6E0A7F800A00CE03E800AE0DFF8CC
:1044C000A4C1DCF80080B8F1000F1DD04FF0000847
:1044D000CCF800800C8014801C802C800A282DDAF7
:1044E0003E8078B1012823D0052814D0022821D09D
:1044F00003281FD004281DD006282DD007282BD034
:10450000082829D00C8002E04FF00108E0E7148071
:1045100003E02C8012E00C8016801C80F9E70C80F0
:1045200014801C802E80D9E70C8014801E80D4E774
:104530000E80ECE70C8014801C802E8099F80D20F2
:104540003D484D467B2A0BD07D2A10D06979012940
:1045500007D002290DD05CE00C8014801E80D8E7C3
:104560006E71A9794254491C89F8061051E085F80A
:1045700005A0C178502906D04178232941D0A979D6
:10458000E971814628E0384806703AE0A979081AAE
:1045900006F0B1F802460B460020344905F026F833
:1045A000EF79064609EB0700884610F8010C303811
:1045B00006F0A1F83246434606F004F980460E465E
:1045C000E86906F00FFC4246334605F051FE05F05F
:1045D0001DFE7F1EE861EF71E8790428D6D299F8B4
:1045E0000100303802280CD2DFE800F00106E8694B
:1045F00006F05AFD1E4903E0E86906F055FD1D4925
:1046000008606C71AC71EC7132210B48EC61FBF706
:104610006CFFBDE8F84F054901220C311648FFF741
:104620002FBEBDE8F88F000000500040440100207C
:10463000E417002000480040090A0020380000204C
:1046400039000020340000202C0000203000002021
:10465000020000203A0000203C0000203E00002024
:1046600040000020200000206C00002000002440BA
:10467000C4010020C001002064050020704770477D
:10468000FEE770B50D46044600F0C0F8204600F085
:104690008DF800F003F9284600F088F800F0FEF8E5
:1046A00000F0B4F8641CE0B200F080F800F0F6F816
:1046B000002000F045F8044600F0D0F8204670BD18
:1046C00070B50D4C0025C4F8B8510C48016821F0B4
:1046D00070410160016841F040510160C4F8BC5173
:1046E000012004F5DC7402F059FE0120206002F084
:1046F00055FE256070BD000000802142040C014081
:1047000070B50D4C0025C4F8B8510C48016821F073
:1047100070410160016841F0405101600126C4F818
:10472000BC61304604F5DC7402F038FE26600120DE
:1047300002F034FE256070BD00802142040C01406F
:104740002DE9F047814617480024016821F07041A7
:104750000160016841F000410160134E2546274683
:104760004FF00108C6F8B871022002F017FEC6F833
:10477000B8816006040ED6F83C0108B1641CE4B2AE
:10478000022002F00BFE6D1CEDB2082DEAD3B9F148
:10479000000F02D0FFF794FF01E0FFF7B1FF2046C2
:1047A000BDE8F087040C0140008021422DE9F04172
:1047B00006461448016821F070410160016841F02B
:1047C00040510160104C0027C4F8B8713D464FF0CD
:1047D0000108F009C4F8BC017006060E012002F0C1
:1047E000DDFDC4F8B881012002F0D8FDC4F8B8712D
:1047F000012002F0D3FD6D1CEDB2082DE9D3BDE818
:10480000F0810000040C01400080214270B5114885
:10481000016821F070410160016841F04051016080
:104820000D4C0120C4F8BC01D4F83C1149B1C4F8C6
:10483000B80102F0B3FD0025C4F8BC51D4F83C0126
:1048400008B1002070BD012002F0A8FDC4F8B851E5
:10485000012070BD040C0140008021420D4810B5BC
:10486000016821F070410160016841F04051016030
:10487000094C0020C4F8B801C4F8BC01012004F5BB
:10488000DC7402F08BFD012020606060BDE8104008
:1048900002F084BD040C01400080214270B5134831
:1048A0000024016821F070410160016841F000417D
:1048B00001600F4D0126C5F8BC61304602F06EFD67
:1048C000C5F8B86107E0641CE4B2322C03D9FFF7E5
:1048D000C5FF002070BD012002F060FDD5F83C014D
:1048E0000028F0D1C5F8B801012070BD040C0140CA
:1048F0000080214210B51446FFF7C3FE207001204E
:1049000010BDF8B515461C460E4607466A46FFF729
:10491000F1FF01209DF80010A8400CB1084301E010
:1049200021EA0000C2B28DF800203146384600F07E
:104930002BF8F8BD2DE9F84314461D460F46804676
:104940006A46089EFFF7D6FF00281BD0611CFF2097
:10495000C4F1080200FA01F12A44521ED04001437A
:10496000C5F108008640F2B2C4F10700C2409DF8CC
:104970000000084010438DF80000C2B2394640469E
:1049800000F002F8BDE8F88307B502AB012200F0A1
:1049900001F80EBD2DE9F0411E4615468846074632
:1049A0000024FFF733FF3846FFF700FFFFF776FFDD
:1049B0004046FFF7FBFEFFF771FF06E0305DFFF7B3
:1049C000F5FEFFF76BFF641CE4B2AC42F6D3FFF7D1
:1049D00045FF0120BDE8F08170B506F02FFD154CB4
:1049E0000546E16B06F034FD0646206A06F098FBAA
:1049F000314606F0F5FB0646E06906F091FB2946D4
:104A000006F0EEFB314606F019FA0646206C06F079
:104A100087FB314606F012FA06F046FBC4E90F5058
:104A2000054861780078084302D000202064607057
:104A3000206C70BDA40100200400002070B506F0B9
:104A4000FDFC154C0546616C06F002FD0646206A29
:104A500006F066FB314606F0C3FB0646E06906F049
:104A60005FFB294606F0BCFB314606F0E7F9064637
:104A7000A06C06F055FB314606F0E0F906F014FB99
:104A8000C4E91150054861780078084302D000203D
:104A9000A0646070A06C70BDA40100200400002020
:104AA00041060748826942F0010282610548426876
:104AB00022F0E062426042680A43426070470000B0
:104AC00000100240000001402DE9F04F04469148DB
:104AD000ABB011AFB0E86810299287E868106CC8D5
:104AE0000DAF87E86C0050E91423CDE9272350E986
:104AF0001223CDE9252350F8588900F15C031FAF3C
:104B000093E80C109346199350F8682B2A926CC8BE
:104B100087E86C0050E91820CDE923200020079099
:104B200008900490059006901B901C9009900A90A4
:104B30000B9003900C901D901E901A90E246084630
:104B400006F050F905460E4684F0004006F04AF99A
:104B50002A46334602F038FA05F058FB6E4F15909E
:104B60000DAC0222CDE9004707AE012311460296A3
:104B7000104604F029FB1BAA29A927A88DE80700E5
:104B800001231A461946022004F01EFB1B990798C0
:104B900006F054F907F1080528601C99089806F0FA
:104BA0004DF968600DF10C0905F12801009402230C
:104BB000CDE901191A461946184604F005FB09A962
:104BC0001FAACDF80090CDE9012102231A4619460B
:104BD000184604F0F9FA4146099806F02FF94F4CAF
:104BE000594620600A9806F029F9606019990B98D7
:104BF00006F024F9A06051460C9806F01FF9E06019
:104C00000DF1940A0223CDE900A40DF1740B1A46AC
:104C1000CDF808B01946012004F0D6FA0DF1680865
:104C200023A9CDF800B0CDE90118012302221146D5
:104C3000184604F0C9FA2A991A9806F0FFF80146B6
:104C40004FF07E5006F06EF91A9023A8CDE900408F
:104C50000222012311460296104604F0B5FA05F12E
:104C6000080B01238DE840091A461946022004F07A
:104C7000ABFACDF800A0CDE901580123022211467C
:104C8000184604F0A1FA1A99159806F0E1FB1A905B
:104C9000CDF800B00123CDE901861A46194602205D
:104CA00004F092FA0799286806F0C8F83860089965
:104CB000686806F0C3F87860CDF800B0CDE901A9C6
:104CC000022301221146184604F07EFA0399119836
:104CD00006F0BEFB03900499129806F0B9FB04900D
:104CE0000599139806F0B4FB05900699149806F000
:104CF000AFFB069005F12800CDF800900223CDE926
:104D000001401A461946184604F05EFA38682BB07E
:104D1000BDE8F08FA0DA0008E4020020BC250020E6
:104D20002DE9F04F04469348ABB000F178030F46ED
:104D300093E8681011A9299281E8681000F18805AC
:104D40000DF134084ECD88E84E00D0E90812CDE9C7
:104D50002712D0E90A12CDE92512B5E80E108846CF
:104D6000CDF858C0416892469B462A912ECD1FAE81
:104D700086E82E00D0E90C10CDE923100020079022
:104D800008900490059006901B901C9009900A9042
:104D90000B9003900C901D901E901A90384606F0D0
:104DA00021F806460D4684F0004006F01BF8324616
:104DB0002B4602F009F905F029FA6F4F15900DAC5A
:104DC0000222CDE9004707AE0123114602961046A4
:104DD00004F0FAF91BAA29A927A88DE807000123E6
:104DE0001A461946022004F0EFF91B99079806F0BD
:104DF00025F807F1080528601C99089806F01EF8A8
:104E000068600DF10C0905F1200000940223CDE942
:104E100001091A461946184604F0D6F909A91FAA2D
:104E2000CDF80090CDE9012102231A461946184613
:104E300004F0CAF94146099806F000F84F4C514673
:104E400020600A9805F0FAFF606059460B9805F05B
:104E5000F5FFA06016990C9805F0F0FFE0600DF1E9
:104E6000940A0223CDE900A40DF1740B1A46CDF883
:104E700008B01946012004F0A7F90DF1680823A92C
:104E8000CDF800B0CDE901180123022211461846E1
:104E900004F09AF92A991A9805F0D0FF01464FF0CC
:104EA0007E5006F03FF81A9023A8CDE90040022278
:104EB000012311460296104604F086F905F1080B0D
:104EC00001238DE840091A461946022004F07CF9B6
:104ED000CDF800A0CDE90158012302221146184661
:104EE00004F072F91A99159806F0B2FA1A90CDF8F2
:104EF00000B00123CDE901861A461946022004F0CC
:104F000063F90799286805F099FF3860089968687F
:104F100005F094FF7860CDF800B0CDE901A9022337
:104F200001221146184604F04FF90399119806F032
:104F30008FFA03900499129806F08AFA0490059962
:104F4000139806F085FA05900699149806F080FAF1
:104F5000069005F12001CDF800900223CDE9014132
:104F60001A461946184604F02FF938682BB0BDE8E8
:104F7000F08F000068DA0008FC020020CC25002039
:104F8000094A68B109490B685B1C0B60834206D172
:104F9000D2F88801C043C2F8880100200860704739
:104FA0000120C2F888017047000022428C000020D6
:104FB0002DE9F05F0024DFF89090DFF890A0DFF893
:104FC000908026462546274608EBC400406800EB43
:104FD000090353451ED338F834B0ABF10101B1F5E4
:104FE000E07F17D81849761C4942F6B2884202DAA7
:104FF0000146284606E01749884206DD164906F0B4
:1050000027FA294605F01AFF0546BBF1FA0F01D22F
:105010007F1CFFB2641CE12CD6DB082E12D90F488E
:10502000006801280ED10E48006858B1082F02D33D
:105030000320BDE8F09FB5F5000F01DB0120F8E784
:105040000220F6E70020F4E70000B8BD010053019C
:105050002018002000009B430000B44320000020E3
:10506000240000202DE9F05F0025DFF824A1DFF8FF
:1050700024813A270AF69C59AB4605EB4500C0EB64
:10508000451100240AEB410694FBF7F107FB11419F
:10509000305D3A2972D2DFE801F01D20282B2E3135
:1050A000343740493740493740493740493740490C
:1050B00037404937404937404937404937404937F9
:1050C00040493740493740493740493740493740E0
:1050D00049595C6089F800003DE089F801003AE038
:1050E0004A78104488F8010048E089F8020032E06C
:1050F00089F803002FE089F804002CE089F8050006
:1051000029E089F8060026E098F80220414602EBE3
:10511000420303EB0902D071E2E798F8022041460E
:1051200002EB420303EB09021072D9E798F8022060
:1051300002EB420C0CEB0903521C587298F8013038
:10514000184488F8010088F8022017E089F8370031
:1051500001E089F838004146C2E789F8390088F84B
:1051600002B098F80110884202D101F0EDFF03E08F
:105170003A210948FBF7DBF988F801B0641C3A2CA6
:1051800082DB6D1C1D2DFFF678AFBDE8F09F00009F
:10519000480A002078010020E417002030B5114AA9
:1051A000114C0021506AA4F5A75500EB4003C3EB56
:1051B000401305EB4303655C5D54491C3A29FADB57
:1051C0001C2806D1094B012151601960084B0021B0
:1051D00019601D21401C90FBF1F301FB130050628C
:1051E00030BD000078010020281F0020240000208E
:1051F0002800002010B5022000F011F8032000F074
:1052000020F8002000F014F8002000F02FF8002013
:1052100000F026F8BDE81040002000F01BB808B5EB
:105220000323009002226B21D020FFF783FB08BDEF
:1052300008B50223009004221C21D020FFF77AFB3E
:1052400008BD08B50223009004221B21D020FFF7DF
:1052500071FB08BD034601223721D020FFF751BB67
:10526000034605226A21D020FFF74BBB03460622E6
:105270006B21D020FFF745BB0C4810B50A490160EF
:1052800000218160017301754FF46022C2614160A9
:1052900001210161FCF700FF08B1FCF78EFCBDE8BD
:1052A00010400248FCF70ABE0028014034030020E9
:1052B000094808B5416941F0020141614069002295
:1052C00000F00200009011463A20FDF7C3FEBDE851
:1052D00008403A20FDF7B0BE001002402DE9F04F23
:1052E00085B000245148009401940294039481698C
:1052F00041F010018161816901F01001049181691F
:1053000041F020018161816901F0200104918169EE
:1053100041F004018161816901F004010491816916
:1053200041F0080181618069414F00F0080004905C
:10533000002244F210313846FDF716FE0122042106
:105340003846FDF711FEDFF8ECB04FF4404801227B
:1053500041465846FDF708FEDFF8DCA04FF400494F
:10536000002249465046FDF7FFFD002238215846ED
:10537000FDF7FAFD7814CDE9000469463846029439
:10538000FDF7F6FC01254FF48040CDE900056946A4
:105390003846CDE90245FDF7EBFC4FF44570032696
:1053A000CDE90005CDE9024669463846FDF7E0FC47
:1053B000CDE900540227694650460297FDF7D8FC14
:1053C000CDF800800396CDE9015469465846FDF7B3
:1053D000CFFCCDF800900397CDE9015469465046C3
:1053E000FDF7C6FC3820CDE9000569465846CDE9F1
:1053F0000245FDF7BDFC28028DE83100694658469C
:10540000FDF7B6FC680200900C48CDE9010569463D
:105410005846FDF7ADFC012202211720FDF71AFEC8
:105420001720FDF709FE05B0BDE8F08F001002401F
:1054300000100140000C0140000801400000211054
:1054400010B58EB000240794089409940A940B9424
:105450001C2168460C94FBF76AF832483049C0E9D1
:10546000001441F61F41C0E90241802104618161BD
:10547000FEF7B2F908B1FCF7A0FB4FF4805007909B
:1054800007A92848FEF7EAF908B1FCF796FB25487A
:10549000FEF7D0FB08B1FCF790FB0B940BA9214859
:1054A0000C94FEF75BF908B1FCF787FB6020CDE9AF
:1054B00000040294002269461A480494FEF754FB43
:1054C00008B1FCF77AFB042269461648FEF74CFB4C
:1054D00008B1FCF772FB082269461248FEF744FB4C
:1054E00008B1FCF76AFB0C2269460E48FEF73CFB4C
:1054F00008B1FCF762FB00210A48FEF7C9FB042152
:105500000848FEF7C5FB08210648FEF7C1FB0C2141
:105510000448FEF7BDFB0348FEF7EEFA0EB010BDDF
:10552000000400406403002010B58CB024216846BC
:10553000FAF7FDFF00241848099416490A94C0E9B7
:1055400000144FF6FF71C0E9024104618461032039
:10555000CDE900040120CDE902040A210491CDE93E
:105560000540CDE9074169460B48FEF7E5F908B16A
:10557000FCF723FB099409A907480A94FEF7EEF803
:1055800008B1FCF71AFB3C210348FEF76DFA0CB09A
:1055900010BD000000080040AC03002010B58CB026
:1055A00024216846FAF7C3FF0024184809941649D5
:1055B0000A94C0E900144FF6FF71C0E9024104618A
:1055C000446184610320CDE900040120CDE9020497
:1055D0000A210491CDE90540CDE9074169460B4810
:1055E000FEF7AAF908B1FCF7E8FA099409A90748F7
:1055F0000A94FEF7B3F808B1FCF7DFFA3C21034840
:10560000FEF732FA0CB010BD00340140F403002064
:1056100010B5114C0F480C2120604FF461306060D0
:105620000020A060E060C4E90401A061E0612046C0
:10563000FEF7F8FC08B1FCF7C0FA2068C16841F039
:105640001001C160BDE81040FF2204490248FEF786
:1056500009BE0000004C00408C040020281F0020E0
:105660000E4810B50C4901604FF4613141600021D2
:1056700081600C22C160C0E904128161C161FEF742
:10568000D1FC08B1FCF799FABDE8104001220449A9
:105690000248FEF7F5BD000000500040D404002091
:1056A000520100200C4810B50A4901604FF4E13165
:1056B0004160002181600C22C160C0E90412816157
:1056C000C161FEF7AFFC002803D0BDE81040FCF735
:1056D00074BA10BD003801401C0500200E4810B5FA
:1056E0000C4901604FF4E1314160002181600C22DE
:1056F000C160C0E904128161C161FEF793FC08B189
:10570000FCF75BFABDE81040012204490248FEF7AD
:10571000B7BD000000480040640500205001002093
:10572000FEE7000000B501F0ABF80E4901280CD0EF
:1057300002280DD0032807D10878002804D10A4890
:10574000016869B10021016000BD0020087000BD42
:105750000648017811B10021017000BD0121FBE76D
:105760000121F0E71900002020000020080000209F
:10577000FEE700002DE9F0477948007800287BD14A
:1057800078480068784E0025A6F18004002873D080
:10579000E16C306805F05CFE0746E06A05F0C0FC8D
:1057A000616A05F04BFE394605F0E6FC4AD8E06A2E
:1057B00005F0B6FC616A05F041FB0746E16C306814
:1057C00005F046FE394605F0D7FCEFD8216D70682C
:1057D00005F03EFE0746E06A05F0A2FCA16A05F06E
:1057E0002DFE394605F0C8FC2CD8E06A05F098FC7F
:1057F000A16A05F023FB0746216D706805F028FEBD
:10580000394605F0B9FC1DD8FFF7D2FB574E584F6B
:10581000584910B90A88012A15D0574A1288012A16
:105820002BD0564A564E574F1288DFF85C81DFF86E
:105830005C91012A3BD0564A1288012A50D009882F
:10584000012965D06BE0E06C05F0CCFA32463B46AE
:1058500004F00EFD04F0DAFCE064206D05F0C2FAFD
:1058600032463B4604F004FD04F0D0FC2065494874
:105870006065A065484818E054E0E06C05F0B2FAB5
:1058800032463B4605F0C4F904F0C0FCE064206DEC
:1058900005F0A8FA32463B4605F0BAF904F0B6FC2A
:1058A00020653E486065A0653D48E06537E0E06CF6
:1058B00005F098FA32463B4605F0AAF904F0A6FC3A
:1058C000E064206D05F08EFA32463B4604F0D0FCD1
:1058D00004F09CFC04F15001E56581E801031EE041
:1058E000E06C05F07FFA32463B4604F0C1FC04F060
:1058F0008DFCE064206D05F075FA32463B4605F0FC
:1059000087F904F083FCC4E91409C4E9168506E0AC
:1059100028B10128CBD00228E2D0032804D0656545
:10592000A565E565BDE8F087E06C05F05BFA1D4E06
:105930001D4F32463B4605F06BF904F067FCE0640E
:10594000206D05F04FFA32463B4605F061F904F050
:105950005DFC206515486065A0651548A5E7000059
:105960001900002030000020240200209A99999903
:105970009999A93F3A0000203C0000203E000020F9
:105980007B14AE47E17A943F6F1203BB6F12033B67
:10599000400000206F12033C4DF30E3D0AD7A3BB1D
:1059A0004DF30EBDCDCCCC4CE17AA43F6F1283BB3E
:1059B0004DF38EBD10B40021084B0A465FF0000085
:1059C00003EBC004401CC0B262548028F8D3491CC9
:1059D000C9B20829F2D310BC00F09CB8F005002031
:1059E00010B57F2816D83F2914D80723A3EBD1037D
:1059F00001F00701C1F107040121A140064CDBB20F
:105A000004EBC000002AC25CC9B201D00A4300E026
:105A10008A43C25410BD0000F005002010B50220DA
:105A2000FFF73EF80120FFF73BF8394C0020C4F89F
:105A30009001642004F5C87401F096FC01202060F8
:105A40000021AE2000F030F90021D52000F02CF923
:105A50000021502000F028F90021A82000F024F9AE
:105A600000213F2000F020F90021D32000F01CF994
:105A70000021084600F018F90021402000F014F938
:105A800000218D2000F010F90021142000F00CF905
:105A90000021202000F008F90021022000F004F984
:105AA0000021A12000F000F90021C02000F0FCF846
:105AB0000021DA2000F0F8F80021122000F0F4F8BC
:105AC0000021812000F0F0F80021EF2000F0ECF838
:105AD0000021D92000F0E8F80021F12000F0E4F8DE
:105AE0000021DB2000F0E0F80021302000F0DCF89D
:105AF0000021A42000F0D8F80021A62000F0D4F85E
:105B00000021AF2000F0D0F8BDE81040FFF752BFF1
:105B10000080214270B5114E002400BF04F1B00096
:105B2000C0B2002100F0C0F80021084600F0BCF827
:105B30000021102000F0B8F85FF0000506EBC5006A
:105B40000121005D00F0B0F86D1CEDB2802DF5D3A1
:105B5000641CE4B2082CE1D370BD0000F005002005
:105B60002DE9FF4F203A1F460C46894602F0FF0AF6
:105B70000025DDF834B032E00C2F09D01A4901EBD2
:105B80000A104FF00008465D300607D55A4609E076
:105B900016490AEB4A0001EB8000F2E7BBF1000F67
:105BA00012D0002221460098FFF71AFF7006641CED
:105BB000060EE4B2A4EB0900B84207D100984C46A7
:105BC000401CC0B2009008E00122EBE708F10100A0
:105BD00000F0FF08B8F1080FD6D36D1CEDB2BD423E
:105BE000CAD3BDE8FF8F00002ABB0008B6B6000884
:105BF0002DE9FF4F81B00026DDF838A01D46934601
:105C0000814634464FF001084FEA5A0727E0281B27
:105C1000401EC1B20A2003F026FBBBFBF0F00A21B4
:105C2000B0FBF1F201FB120026B9691E8C4201DAC9
:105C300048B101263030C2B207FB0490C0B25346CF
:105C4000CDF8008006E007FB0490C0B25346202246
:105C5000CDF800800299FFF783FF641CE4B2AC42E8
:105C6000D5D305B0BDE8F08FF8B516460D4604460D
:105C7000012714E07A2C02D900241035EDB23A2D18
:105C800003D900242546FFF795FE009732780C23B0
:105C900029462046FFF764FF0834E4B2761C3078CA
:105CA0000028E7D1F8BD000070B500250E4A012399
:105CB00011B1C2F88C3101E0C2F88C510B4C0021BB
:105CC000C4F8B851060602D5C2F8943101E0C2F812
:105CD0009451C4F8B8314006491C000EC9B20829D5
:105CE000EED3C2F88C3170BD008021420000224208
:105CF0000020044902460A54401CC0B20928FAD3C5
:105D000070470000000A00202DE9F84F0124824668
:105D1000ADF800401D4800254570ADF800401C4E10
:105D20001C4F81464FF6FF7826E000BFBDF80010FB
:105D300011EA0A0F02D0C6F8A44101E0C6F8A45146
:105D4000C6F8A041052001F029FBC6F8A0510520A6
:105D500001F024FBC6F8A041D7F8200130B199F832
:105D60000110BDF80020114389F80110BDF80000B2
:105D700008EA4000ADF80000BDF80000FF28D5D9C2
:105D8000BDE8F84F102001F009BB0000000A002018
:105D9000000022420080214270B5FFF7A9FF00F009
:105DA0004FF80B480B4BB0F803100A4820338180A2
:105DB0000020012413F8105000F101006D1E04FAB8
:105DC00005F20A42C0B202D01028F3D3002070BD01
:105DD000000A00200401002010B5FFF7DDFF114983
:105DE000114AC861D379CB60137A0B6154794C6145
:105DF00092798A6101240D4A042801D1107878B182
:105E0000886800280BD0762B09DA1078002806D194
:105E1000084914700648086008490748086010BD22
:105E20008C60F0E704010020000A00201800002028
:105E30000000964344000020000048444800002031
:105E40002DE9FC4700248DF800400125ADF80450F1
:105E5000254EC6F89041254F3878FFF755FF7878E2
:105E6000FFF752FF02208DF80000214FDFF88490E9
:105E70004FF6FF7830E000BFADF8045020E000BFDF
:105E8000C6F8A051052001F089FAC6F8A041052006
:105E900001F084FAC6F8A051D7F8200150B19DF85E
:105EA0000010BDF8042019F8011011439DF80020DE
:105EB00009F80210BDF8041008EA4100ADF804002A
:105EC000BDF80400FF28DBD9102001F067FA9DF827
:105ED0000000401C8DF800009DF800000928CBD37D
:105EE000C6F89051BDE8FC87000022420601002060
:105EF00000802142000A0020884200DD08469042CE
:105F000000DA1046704770472DE9F04F89B0684CB1
:105F100007A8CDE9004004F1260106AB02AA881FBC
:105F200001F0A6FB2088C0057ED5029805F0F8F8A0
:105F30006FF01D06314605F062FB804660600398F5
:105F400005F0EEF8314605F05AFB0746A0600498CC
:105F500005F0E6F8314605F052FB0546E06005988D
:105F600005F0DEF8314605F04AFB064620610121C6
:105F7000404605F044FB294605F032F905464FF04E
:105F800040484146384605F02BF9314605F028F9DE
:105F9000294604F053FF04F025FF00F0CDFDDFF8A3
:105FA00014A14FF066394A46534604F00BFC04F046
:105FB0002DF96061E0680121054605F020FB83466C
:105FC000294605F00DF90546A0684146064605F04C
:105FD00007F9314605F004F9294605F039FA4FF082
:105FE0007E5104F02BFF04F0FDFE07460D46012113
:105FF000606805F004FB314605F0F2F806465846A5
:10600000216905F0EDF8314604F018FF04F0EAFECE
:106010003A462B4600F0D8FF4A46534604F0D2FBDE
:1060200004F0F4F8A06100E03FE021690191084626
:1060300005F0D6F8E16807460846009105F0D0F86B
:10604000A16806468B46584605F0CAF861680546C1
:106050008846404605F0C4F8294604F0EFFE314674
:1060600005F0F6F9394605F0F3F904F0BBFE0646F3
:106070000D464046019905F0B3F807465846009989
:1060800005F0AEF8394604F0D9FE012105F0B7FA63
:1060900004F0A8FE32462B4600F096FF4A465346CF
:1060A00004F090FB04F0B2F8E06109B0BDE8F08FB5
:1060B000CC00002066A64C400021032805D004280F
:1060C00005D0082805D000207047044A02E0044AA1
:1060D00000E0044A1068116000B2704724040040D8
:1060E00024080040243401407047000010B50F4BD5
:1060F0004FF4E1521C1D002804DD1A60C0F5E15088
:10610000206003E000F5E15018602260074B08337F
:10611000181D002904DDC1F5E1511960026010BDB0
:106120001A6001F5E151016010BD00003404004027
:10613000FCF726BF30B595B028216846FAF7F7F985
:1061400014210AA8FAF7F3F918210FA8FAF7EFF9C2
:1061500001210804CDE900100025029502240491D4
:10616000CDE907404FF4E01009906846FDF752F979
:1061700008B172B6FEE70AA90F2081E831004FF49A
:106180008060CDE90D0502210AA8FDF767F808B186
:1061900072B6FEE74FF4004011900F940FA8FCF781
:1061A000E7FF002801D072B6FEE715B030BD70479A
:1061B000F0B502681C4B1D4D1D4E1E4F1E4C4FF07E
:1061C000804C984209D0A04207D0604505D0A84233
:1061D00003D0B04201D0B84204D122F0700E4A6818
:1061E00042EA0E02984209D0A04207D0604505D08D
:1061F000A84203D0B04201D0B84203D122F4407586
:10620000CA682A434D6922F080022A4302608A68E4
:10621000C2620A688262984201D0A04201D1096933
:10622000016301214161F0BD002C014000040040E8
:1062300000080040000C00400034014010B501F09F
:106240001F030121046A99408C430462016A9A4049
:106250001143016210BD10B5846842EA032224F4A0
:106260007F440A432243826010BD826822F070029C
:106270000A4342F00701816070470000F0B5036AED
:10628000026A22F00102026242688469124E24F01E
:1062900073050C682C4323F002058B682B430D4DCE
:1062A000A84201D0B04205D123F00807CB683B4398
:1062B00023F00403A84201D0B04205D14D6922F475
:1062C000407215438A692A43426084614968416388
:1062D0000362F0BD002C014000340140F0B5026AB9
:1062E000036A23F010030362436884690D6824F491
:1062F000E64444EA05248D6822F0200242EA0512B1
:106300000F4D104EA84201D0B04206D1CF6822F006
:10631000800242EA071222F04002A84201D0B042B5
:1063200007D14D6923F4406343EA85038D6943EA4D
:10633000850343608461496881630262F0BD0000A7
:10634000002C014000340140F0B5026A036A23F4D6
:10635000807303624368C46922F4007224F07305F9
:106360000C68124E2C438D6842EA05220E4DA8425D
:1063700001D0B04206D1CF6822F4006242EA07227F
:1063800022F48062A84201D0B04207D14D6923F4C3
:10639000405343EA05138D6943EA05134360C46122
:1063A0004968C1630262F0BD002C01400034014025
:1063B00030B5046A026A22F4805202624268C369FC
:1063C0000D6823F4E64343EA05238D6824F4005462
:1063D00044EA0534084DA84202D0084DA84204D131
:1063E0004D6922F4804242EA85124260C3614968E5
:1063F0000164046230BD0000002C01400034014003
:1064000010B5036A046A24F001040462846924F06C
:10641000F00444EA021423F00A020A43846102628F
:1064200010BD10B5036A046A24F010040462846984
:1064300023F0A00324F4704444EA023243EA011139
:106440008261016210BD000010B50448FDF7B4FC84
:10645000BDE81040014800F0E5B900008C040020C0
:106460000148FDF7A9BC0000D404002010B5406A23
:106470000021C185C184FDF79EFC10BD70B5446A42
:106480002068406994F84110C0F3C010002521290C
:1064900004D118B1E584204600F08EF820684069E8
:1064A00094F84210C0F38010222904D118B1E58578
:1064B000204600F05AF8606C40F0100060642046FE
:1064C000FDF779FC70BD10B50146406A096809689E
:1064D0004FF0000289062ED4C28501680C3151E8C4
:1064E000003F23F4807341E80034002CF5D10168AB
:1064F000143151E8003F23F0010341E80034002C3F
:10650000F5D10168143151E8003F23F0400341E820
:106510000034002CF5D1202180F84210016B0129B4
:1065200009D101680C3151E8003F23F0100341E824
:106530000034002CF5D14263016B012902D0FDF734
:10654000ADFE10BD818DFDF7FDFB10BD10B5406A9D
:1065500001214163016B012902D0FEF78FF810BDC4
:10656000818D4908FDF7EEFB10BD01680C3151E843
:10657000002F22F4907241E80023002BF5D101682E
:10658000143151E8002F22F0010241E80023002BD2
:10659000F5D1016B012909D101680C3151E8002FB7
:1065A00022F0100241E80023002BF5D1202180F8D1
:1065B000421000210163704701680C3151E8002F3F
:1065C00022F0C00241E80023002BF5D1202180F801
:1065D0004110704708B590F84210222901D00220DE
:1065E00008BD82684FF480539A4201D1016921B1FC
:1065F000816A9A421BD04AB10AE00268816A5268F5
:10660000C2F308020A80816A891C08E0026972B13B
:106610000268526802F07F020A70816A491C816236
:10662000C18D491E0904090CC18503D01BE0026815
:106630005268F1E70168CA6822F02002CA60016866
:10664000CA6822F48072CA6001684A6922F00102B5
:106650004A61202180F8421000214163026B012A27
:1066600003D0FDF71BFE002008BD016301680C315B
:1066700051E8002F22F0100241E80023002BF5D151
:1066800001680A68D20602D50A6849680091818DBE
:10669000FDF758FBE7E7000070B5044600680169A4
:1066A000E26821F44051114301612169A068084367
:1066B000616908432168CA6841F20C639A43024346
:1066C000CA6020684169A26921F4407111434161A7
:1066D0001E492068884202D1FCF766FE01E0FCF703
:1066E00053FE00EBC00101EB0012606864218000E2
:1066F000B2FBF0F3B3FBF1F36FF018067343B2FB98
:10670000F0F5B2FBF0F605EB8305322303EB05153C
:10671000B5FBF1F5B6FBF1F605F0F00505EB061556
:10672000B2FBF0F6B2FBF0F0B0FBF1F06FF0180244
:10673000504306EB800003EB0010B0FBF1F0216842
:1067400000F00F002844886070BD00000038014050
:1067500038B5816204468285002013466064222297
:1067600084F84220E56B1B4AAA62E56B1A4AEA628A
:10677000E56B1A4A2A63E26B50630A462168E06BB4
:10678000091DFCF763F820680168406800902069E3
:1067900048B120680C3050E8001F41F4807140E897
:1067A0000012002AF5D12068143050E8001F41F093
:1067B000010140E80012002AF5D12068143050E8A9
:1067C000001F41F0400140E80012002AF5D10020EE
:1067D00038BD0000C76400084D6500087D640008EE
:1067E00081628285C28500214164222180F84210A5
:1067F000016921B10168CA6842F48072CA60016807
:106800004A6942F001024A610068C16841F0200112
:10681000C1600020704700000148FDF7CDBA0000BC
:106820006405002038B511481149006888421CD120
:106830000168C943C90618D40168406800900B4834
:10684000FDF781FA0B4800684068C0F1FF00C4B250
:10685000FEF7A4FC21460848F9F769FEBDE8384078
:10686000FF2205490148FDF7FDBC38BD8C0400201E
:10687000004C0040AC050020281F0020FEE700006F
:10688000294810B503780021284A062B37D2DFE8C3
:1068900003F0030816203042D2F80011012913D06A
:1068A0002DE083885B1C9BB28380052B27D1D2F817
:1068B0000021012A01D0818006E0022214E0D2F8F2
:1068C0000011012902D00321017018E08188491CC0
:1068D0000DE08288B2F5C87F03D901708180022063
:1068E00010BD052A02D90422027000E001708180E7
:1068F00005E083885B1C9BB28380262B01D000209F
:1069000010BDD2F80021012A03D00170818001203E
:1069100010BD0522E8E7D2F80021012AD6D08180F7
:106920000170032010BD00009000002000002142F3
:10693000490050EAC12018BF04204A0D18BF40F09A
:10694000010040F2FF72B2EB515F08BF40F002005D
:10695000012808BF052070474100080218BF042025
:106960000A0E18BF40F001004FF07F4232EA0101E9
:1069700008BF40F00200012808BF05207047090742
:10698000090E002804DB00F1E02080F800147047B5
:1069900000F00F0000F1E02080F8141D70472DE991
:1069A000F0414F1E00EBC7010446D1E90001154636
:1069B0001E4637F006020DD02A46334603F002FF8A
:1069C0007F1E04EBC703D3E9002303F051FC37F02B
:1069D0000602F1D1022F25D0042F13D0062F18BFA5
:1069E000BDE8F0812A46334603F0ECFED4E90A23E1
:1069F00003F03EFC2A46334603F0E4FED4E90823C4
:106A000003F036FC2A46334603F0DCFED4E90623C5
:106A100003F02EFC2A46334603F0D4FED4E90423C7
:106A200003F026FC2A46334603F0CCFED4E90223C9
:106A300003F01EFC2A46334603F0C4FED4E90023CB
:106A4000BDE8F04103F014BC002213461046014992
:106A500003F0CABC0000F03F012204F0A2BD03F025
:106A600007BC002213461046114603F0BDBC40F29D
:106A7000013200204FF0E04104F093BD024A0020B3
:106A8000110704F08EBD000001FDFFFF012104F09D
:106A9000B6BD61214FF0E04004F0B1BD6FF05E0182
:106AA000080704F0ACBD30380A2801D20120704735
:106AB00000207047704700002DE9FE4F07460E4644
:106AC0000025684601F0EAF900246FF00F0AE84655
:106AD0004FF0010957F8240056F82410401A00D549
:106AE000404204F01DFB514604F089FD58F8241083
:106AF00011F0FF4F0BD004F015FA4FF07E5104F067
:106B0000A7FC0A4920F00040884205DC07E008495C
:106B100008440849884202D309FA04F00543641C7A
:106B2000032CD7DB2846BDE8FE8F0000295C0F3E12
:106B3000666666C19A99D9002DE9F04D8D4F21F016
:106B4000004A86B005460C46BA452ADBAAEB070088
:106B500028430AD08848824501DC1AD1CDB106B05D
:106B60002846BDE8F04DFFF777BF844A844B28469E
:106B700003F028FE07460E46824A834B28462146EC
:106B800003F020FE06B03A463346BDE8F04D03F070
:106B90006FBB0120F9F772FD06B0BDE8F04DFFF7BD
:106BA00060BF7A48824542DABAF1795F0BDA28464B
:106BB000FFF7BEFE042808BFFFF760FF284606B0B7
:106BC0002146BDE8F08D2A460B46104603F0FAFD3B
:106BD000834602466E480E460B4606217844FFF770
:106BE000DEFE5A46334603F0EDFD804669488A468C
:106BF0005A46334604217844FFF7D1FE5A463346BD
:106C000003F0E0FD00223B4603F032FB02460B4658
:106C10004046514603F0E8FB2A46234603F0D2FDE6
:106C200006B02A462346BDE8F04D03F021BB2846B6
:106C300024F0004100223D463B4603F0F7FE4FF0B2
:106C4000FF3204F0AEFC0646024653480F460B46A0
:106C500006217844FFF7A3FE32463B4603F0B2FD1F
:106C6000CDE900014D4832463B4604217844FFF708
:106C700096FE32463B4603F0A5FD00222B4603F06C
:106C8000F7FA834602913046394603F005FA80460A
:106C900043480D46504517DCDDE900015A46029B8A
:106CA00003F0A2FB42462B4603F08CFD42462B46E6
:106CB00003F0DEFA012204F074FC304A304B03F09A
:106CC000A7FF304A304B4CE04FF0000A52460B46CB
:106CD000404603F0CDFACDE9031052462B4610464C
:106CE000194603F06FFD32463B4603F09FFEDDE997
:106CF000033203F079FB06460F46DDE900015A46F0
:106D0000029B03F071FB8346009101223046394615
:106D100004F047FC194A1A4B03F088FE06460F465A
:106D200001224046294604F03CFC5A46009B03F0F1
:106D300049FD32463B4603F06BFF06460F460122F3
:106D40005046294604F02DFC0E4DDFF858802A46A7
:106D5000434603F06BFE32463B4603F067FE2A468D
:106D6000434603F063FE002CD8BF81F0004106B01B
:106D7000BDE8F08D0000F03F0000F07F075C1433A9
:106D800026A6913C182D4454FB21F93F0000E03F1A
:106D9000406F0000566F0000CA6E0000E06E0000F9
:106DA0003333EF3FFB21E93F2DE9F84F04460D4611
:106DB00021F0004000917349814211DC7249884200
:106DC00001DC06D12CB120462946BDE8F84FFFF77B
:106DD00043BE6E48002DCCBF6D496E49BDE8F88FAB
:106DE0006D49814211DD6D498142D8BF4FF0FF36B8
:106DF0006DDD20462946FFF79BFD042808BFFFF7FD
:106E00003DFE20462946BDE8F88F6549654F25F0CF
:106E10000045814233DD6449814219DD0026324656
:106E20004FF080432046294603F022FA80468A46E6
:106E300001222046294604F0B4FB00223B4603F021
:106E4000E7FE4246534603F0CFFA04460D463EE0C5
:106E500001260022BA463B462046294603F008FA9E
:106E600080460F46002253462046294603F0D0FEB6
:106E700042463B4603F0B8FA04460D4627E04B492C
:106E800081421BDDDFF828A102260022534620465E
:106E9000294603F097FC00223B4603F0E9F98046BF
:106EA0000F46002253462046294603F0B1FE4246D3
:106EB0003B4603F099FA04460D4608E003262246B5
:106EC0002B4600203B4903F08FFA04460D4622462C
:106ED0002B461046194603F075FC8B468246024647
:106EE0000B4603F06FFC07460246334888460B46C4
:106EF00006217844FFF753FD52465B4603F062FCDF
:106F000082462E488B463A46434605217844FFF791
:106F100046FD3A46434603F055FC02460B46002E1A
:106F2000504659460CDA03F0A3F922462B4603F0EB
:106F300049FC01B022462B46BDE8F04F03F076BD78
:106F400003F096F922462B4603F03CFC1C4A7A4497
:106F500002EBC603D3E9002303F05AFE22462B4678
:106F600003F056FE174A7A4402EBC603D3E9002326
:106F700003F05CFD009A002AB8BF81F00041BDE833
:106F8000F88F0000000010440000F07F182D4454DA
:106F9000FB21F93FFB21F9BF0000DC3F0000203E50
:106FA0000000F33F0000F03F0000E63F0080034098
:106FB0000000F83F0000F0BF6A6D0000286D00007F
:106FC000C66C00008E6C00002DE9F04D9446CCF1AB
:106FD000000423F000464CEA0404524F46EAD474FD
:106FE0009A46884621F00042BC4206D8454240EA13
:106FF000050442EAD474BC4204D9BDE8F04D6246AF
:10700000FFF72DBDAAF14055A5F17F6555EA0C04A7
:107010000BD0022404EAAA74434DDFF810E144EADD
:10702000D87452EA000B04D00CE0BDE8F04DFFF735
:10703000BBBE002C14BF012CBDE8F08D022C30D05B
:10704000032C32D056EA0C0B0AD0BE4220D1BA42F1
:1070500009D126F0804622F080423346114617E0DF
:1070600000291ADB25E0DFF8C8B0FB44002C04BF80
:10707000DBE90001BDE8F08D012C02BFDBE9000176
:1070800081F00041BDE8F08D022C0AD0032C0CD019
:10709000BA4212D1B8F1000F0BDA23482549BDE8F6
:1070A000F08D28462449BDE8F08D28467146BDE89C
:1070B000F08D1D482149BDE8F08D921B12153C2A28
:1070C000C4BF19481D490EDCBAF1000FBEBF12F152
:1070D0003C0F0020014606DB624603F085F921F0F3
:1070E0000041FFF761FE002C08BFBDE8F08D012CC8
:1070F00004BF81F00041BDE8F08D114A114B022C14
:1071000007D003F085FD2A46BDE8F04D0A4B03F099
:107110007FBD03F07DFD2A46BDE8F04D064B03F030
:1071200085BC00000000F07F182D4454FB2109C0ED
:10713000526C0000FB21F9BFFB210940FB21F93F04
:10714000075C143326A6A13C2DE9F04391B0202121
:107150006846F9F7ECF9754DA879697900EB0120DB
:1071600003F0E0FA724C0022234603F03DF903F0ED
:107170004DF8074695F8380095F8371000EB0120D8
:1071800003F0D0FA0022234603F02EF903F03EF874
:107190000446202108A8F9F7CAF96648DFF8988163
:1071A000874207DD6548844204DA4146204603F001
:1071B00045FE044600262046394604F049F9F11EF2
:1071C00004F01DFA814608AC304603F0C1FF0146C9
:1071D000484604F005F8394603F030FE414644F8CD
:1071E0002600884203DD04F033F944F82600761CBB
:1071F000F6B2082EE8D300200BE0102860D2DFE8BA
:1072000000F0080813131E1E292934343F3F4A4A50
:10721000555500EB40012944009A0B7AC9791A446C
:1072200002EB012100914BE000EB40012944019A5F
:107230000B7AC9791A4402EB0121019140E000EB7D
:1072400040012944029A0B7AC9791A4402EB0121C0
:10725000029135E000EB40012944039A0B7AC97989
:107260001A4402EB012103912AE000EB400129447A
:10727000049A0B7AC9791A4402EB012104911FE0A8
:1072800000EB40012944059A0B7AC9791A4402EBB4
:107290000121059114E000EB40012944069A0B7A84
:1072A000C9791A4402EB0121069109E000EB400183
:1072B0002944079A0B7AC9791A4402EB01210791F4
:1072C000401CC0B2102898D31D4A1E4900201378D4
:1072D000EC4600BF1D1801EBC50754F820607E6026
:1072E0005CF82060401C7608C0B221F835600828A0
:1072F000F0D30833D8B21070E12813D30B4B002021
:1073000013F13C0301EBC00403EBC00564686C603F
:1073100031F8304023F83040401CC0B2E128F1D3AE
:107320000020107011B0BDE8F0830000E4170020C9
:10733000000059400000AF430000B443000050413A
:1073400078010020DC1000204FF0E020016921F0DE
:107350000401016103480921017042F22831418092
:1073600070470000A00100200B49498848434FF0B6
:10737000E021486100228A61086940F0010008614B
:107380000869C30701D0C003FAD5086920F00100DD
:1073900008618A6170470000A00100200B4909784C
:1073A00048434FF0E021486100228A61086940F0BB
:1073B000010008610869C30701D0C003FAD5086954
:1073C00020F0010008618A6170470000A0010020E0
:1073D00008B560B120208DF8000028208DF801004C
:1073E00030208DF8020038208DF8030004E0A3223D
:1073F00004216846F9F771F86A46042140F69E2098
:1074000001F0B8FE01F07EFB08BD00003EB5044669
:1074100002208DF80000CA208DF80100E3208DF8CD
:10742000020009208DF803006A460421682001F05B
:10743000A1FEA3208DF80000610609D5C0218DF8BA
:107440000110C8218DF80210C2218DF8031005E04B
:107450008DF801008DF802008DF8030014F4C07F50
:1074600009D0C4218DF80410CC218DF80510C62157
:107470008DF8061005E08DF804008DF805008DF8F4
:1074800006008DF808008DF807008DF809006A469F
:107490000A2140F6A72001F06DFEA0074FF0D805A5
:1074A00003D020208DF8000001E08DF800506A46DE
:1074B000012140F6B62001F05DFEA00601D50120B5
:1074C00000E0002000F08EF814F4C07F1ED0E0052C
:1074D0000AD5B2208DF800008B208DF80100B6206F
:1074E0008DF802009B2009E0B0208DF8000080207C
:1074F0008DF80100B4208DF8020090208DF8030073
:107500006A46042140F6A22001F034FEE1074FF460
:107510000B6022D0F8218DF800106A46012101F09D
:1075200029FEFA21072000F039FB072000F004FBB8
:10753000012000F021FB642000F0C4FB4FF4FA703E
:1075400000F0D0FBC821254800F0BEFA282000F04A
:10755000D3FA0A2000F0E0FA05E08DF800506A4600
:10756000012101F007FEA00703D5D9208DF8000006
:1075700001E08DF800506A46012140F23D7001F0B3
:10758000F9FD600701D5012000E0002000F048F877
:10759000E00601D5012000E00020FFF719FF104DA3
:1075A00044F00800688101F0ADFA0020A87360067D
:1075B00001D50620A87314F4C07F02D0A87B801DDB
:1075C000A87314F0140F02D0A87B1030A873A00782
:1075D00002D0A87B001DA87300203EBD09E3CA02AB
:1075E000F00900200EB54FF4976310B106A107C94A
:1075F00001E008A207CA8DE807006A46092118467B
:1076000001F0B8FD0EBD0000B8AAB38DB4980D35D9
:107610005D000000B8AAAAAAB088C3C5C7000000D0
:1076200008B560B1C0208DF80000C2208DF80100BF
:10763000C4208DF80200C6208DF8030004E08B22E0
:1076400004216846F8F749FF6A46042140F698206D
:1076500001F090FD01F056FA08BD0000C8234FF478
:107660008062024940F6F63001F02EB96CC1000884
:107670002DE9FF4F89B01746DDE9165200244C4E24
:10768000884681462C80A246B07B694601F0C8F945
:107690004FF0FF3B18B158460DB0BDE8F08F708930
:1076A00010F0140F3CD0009909BA21F0FF039DF8A7
:1076B00003100B433B6001991B1409BA21F0FF0230
:1076C0009DF807105B430A437A6002999DF80B40CE
:1076D00009BA21F0FF012143B960039C091424BABF
:1076E00024F0FF0C9DF80F4012144CEA040CC7F86C
:1076F0000CC04FEA2C47494302FB023207FB07113B
:1077000011441024A1F17061B1F1007F04D901F09E
:10771000F9F9A5F800A0BEE7298841F48071298015
:107720004206694611D50A19A41D13885BBAA8F848
:10773000003053885BBAA8F80230928852BAA8F891
:1077400004202A8842F008022A8010F4C07F11D059
:107750000A19A41D13885BBAA9F8003053885BBAD4
:10776000A9F80230928852BAA9F804202A8842F077
:1077700070022A80800716D00C44E07800F0C00523
:1077800000F03F016078C00706D0C80801F007018B
:107790003268491C02B190476078000703D57168D0
:1077A00009B1A80988470C9801F05CFD002073E737
:1077B000F00900202DE9FF41044603A800F03AFF3C
:1077C000BDF80C00410CC3032F48028902F00300EE
:1077D000550754F8200000D54042C2F3C105960673
:1077E00054F8255000D56D42C2F38116D20554F8E5
:1077F000264000D56442A0FB0367C21702FB037258
:1078000000FB0120820042EA9670A5FB0367EA179D
:1078100002FB037205FB0122950045EA9672A4FB68
:107820000367E51705FB037304FB01318B0043EA93
:107830009671030E8DF80030030C8DF80130030AA9
:107840008DF802308DF80300100E8DF80400100C36
:107850008DF80500100A8DF80600080E8DF8080056
:10786000080C8DF80900080A8DF80A008DF8072029
:107870008DF80B106A460C214FF4257001F07AFC4C
:1078800004B0BDE8F0810000F009002030B50446E6
:1078900013A285B007CA8DE807004FF0FF35C82C4A
:1078A00016D8C820B0FBF4F1491E080A8DF80C0068
:1078B0008DF80D1003AA022140F2162001F05AFCA7
:1078C00030B96A460C2140F6C12001F053FC10B1DA
:1078D000284605B030BD054884810020F9E7000046
:1078E000FEF2ABC4AAF1DFDFBBAFDFDFF00900209F
:1078F000F8B53049098901F0030250F822404A07DF
:1079000000D56442C1F3C1028B0650F8222000D595
:107910005242C1F3811350F82330C80500D55B42B1
:10792000254984FB0140850045EA947082FB0142B1
:10793000A40F44EA820483FB0121950F45EA8105E7
:10794000010E8DF80010010C8DF80110010A8DF860
:1079500002108DF803006A4604214FF4747001F0A0
:1079600009FC4FF0FF3688B9200E8DF80000200C7E
:107970008DF80100200A8DF802008DF803406A4658
:1079800004214FF4757001F0F5FB08B13046F8BDE5
:10799000280E8DF80000280C8DF80100280A8DF8BB
:1079A00002008DF803506A4604214FF4767001F00E
:1079B000E1FBF8BDF009002009E3CA022DE9FF410F
:1079C00004463CA004F00303006802903AA000685B
:1079D00003903AA006683AA0056802A8C15C8DF839
:1079E0000010C4F3C101425C8DF80120C4F3811280
:1079F000805C8DF8020003A8C35C8DF80430415C04
:107A00008DF80510805C8DF806006A46032140F26F
:107A1000264001F0AFFB4FF0FF37E0BB01AA032186
:107A200040F22A4001F0A6FBA8BBCDE90065600743
:107A30000BD59DF8000040F001008DF800009DF886
:107A4000040040F001008DF80400A0060BD59DF85D
:107A5000010040F001008DF801009DF8050040F0A4
:107A600001008DF80500E0050BD59DF8020040F0FF
:107A700001008DF802009DF8060040F001008DF82D
:107A800006006A4603214FF4886001F073FB10B9C9
:107A900001AA032100E004E040F2314001F06AFB5A
:107AA00018B1384604B0BDE8F081064804810020D2
:107AB000F8E700004CCD6C000CC92C00365676005F
:107AC00026466600F00900204FF47A7290FBF2F02F
:107AD00008B54843010E8DF80010010C8DF8011017
:107AE000010A8DF802108DF803006A4604214FF454
:107AF000AE7001F03FFB08BD0521B0FBF1F008B509
:107B0000010A8DF800108DF801006A4602214FF439
:107B1000AD7001F02FFB08BD0521B0FBF1F008B5F9
:107B2000010A8DF800108DF801006A4602214FF419
:107B3000AC7001F01FFB08BD08B500218DF80010E6
:107B4000C10702D030218DF80010810705D59DF8BE
:107B5000001041F00C018DF80010400705D59DF88C
:107B6000000040F003008DF800006A4601214FF448
:107B7000A47001F0FFFA08BD08B560B1042800D96F
:107B80000420401E8DF800006A46012140F24F108B
:107B900001F0F0FA08BD0120F3E700002DE9FC41F7
:107BA000054640074FF0FF367CD0B1F5C86F79D855
:107BB000084603F0CDFA3E4903F0B4F9074601A8A0
:107BC00000F01AFD9DF80400022806D004280DD00C
:107BD00008282ED0102865D134E00E21384603F055
:107BE0000EFD03F07DFA84B2324907E00D213846DC
:107BF00003F005FD03F074FA2F4984B2384603F010
:107C0000EFFA03F06DFA210A8DF8001080B28DF8BA
:107C10000140010A8DF802108DF80300E8076C4658
:107C200020D0224602214FF4EA7001F0A3FAC8BB2B
:107C300011E00C21384603F0E2FC03F051FA84B263
:107C40001E49DBE70B21384603F0D9FC03F048FA64
:107C500084B21B49D2E7A21C02214FF4927001F0BA
:107C600089FAF8B9A8070DD56A4602214FF4EC70DD
:107C700001F080FAB0B9A21C02214FF4947001F017
:107C800079FA78B9680710D56A4602214FF4EE7088
:107C900001F070FA30B9A21C02214FF4967001F085
:107CA00069FA10B13046BDE8FC810020FBE7000016
:107CB00000004843000040460000C0450000404529
:107CC0000000C0440521B0FBF1F008B5010A8DF8B1
:107CD00000108DF801006A4602214FF4EF7001F0A8
:107CE00049FA08BD0521B0FBF1F008B5010A8DF88D
:107CF00000108DF801006A4602214FF4ED7001F08A
:107D000039FA08BD2DE9F04104464FF019404E49BB
:107D1000002500EB440088424AD84C49204603F035
:107D20005FFA03F05BFB804603F0BEF90646484964
:107D3000404603F055FA07464649404603F050FADC
:107D4000214603F07BFB394603F082FB044642499F
:107D500003F046FA414903F071F8214603F040FA76
:107D60006FF0414103F06AF8214603F039FA3C49CB
:107D700003F064F8214603F033FA0146394806F06F
:107D80000304784450F8240003F02AFA3649794471
:107D900051F8241003F052F83449794451F8241072
:107DA00003F04CF8B11085BBBDE8F04103F027BCEF
:107DB0004FF0FF4131EA040018D04FF0CE41B1EB53
:107DC000440F84BF4FF07E50BDE8F0812849B1EBED
:107DD000440F28BF0125A0D20220F8F74FFC14F071
:107DE000004F0ED0BDE8F041FEF758BE204614F516
:107DF000000F04BF0020BDE8F081BDE8F041FEF7B0
:107E000045BEBDE8F041FEF744BE03F0F8FB0400B8
:107E10000BD0B4F1FF4F0FD0FEF79EFD042808BF32
:107E2000FEF73CFE2046BDE8F0810220F8F726FC74
:107E3000BDE8F041FEF732BE0220F8F71FFCBDE8B6
:107E4000F041FEF726BE00000000501E3BAAB840DD
:107E5000F4FD05370070313E12BB2A3D12BB2A3EAD
:107E6000FFFF7F3F2A5F00000E5F0000F25E000010
:107E70000000A08510B504460548E1B2007828B19D
:107E8000044800BF02F09EF9204610BD0248F9E701
:107E90000800002000380140004800402DE9FE4362
:107EA0000646264801AB042240680D21007800F008
:107EB000A1FA10B10720BDE8FE839DF804101C2034
:107EC00000EAD1029DF80710DFF87490C1F30113A6
:107ED0001A438DF800209DF80520C1F3810300EAC4
:107EE000D2021A438DF801209DF8062001F003010B
:107EF00000EAD20008430024124F8DF80200A04689
:107F00006D46285D10B146F824900AE046F82480BA
:107F10000DE000BF56F82400394603F061F946F839
:107F20002400285D401E10F0FF002855F2D1641C8B
:107F3000E4B2032CE5D30020BDE70000A000002040
:107F40007B14AE3E1D5A843F2DE9FE4F05460120AD
:107F5000C14E8DF800004FF000088DF801803068A8
:107F60000C461746817C70686B460222007800F050
:107F700079FA4FF0FF3A00287AD1C820FFF7F4F9D8
:107F80008DF8008030686B460122C17B70680078F4
:107F900000F068FA0028EFD130686B460122417981
:107FA0007068007800F05EFA0028E5D130686B4612
:107FB0000122817C7068007800F054FA0028DBD13F
:107FC00030686B460122C17D7068007800F04AFA83
:107FD0000028D1D130686B460122017970680078A1
:107FE00000F040FA0028C7D14FF00C098DF800903E
:107FF00030686B46012201797068007800F032FA2F
:10800000002835D10F20FFF7AFF9B06A6B46012287
:10801000407A8DF80000306881787068007800F050
:1080200021FA002824D1B06A6B460122007A8DF82B
:108030000000306841787068007800F013FA00287A
:1080400073D1B06A807A0FB140F0E0008DF8000083
:1080500030686B46012281797068007800F002FA7E
:10806000002862D12FB1B06AC07A40F0E00001E090
:108070004AE018208DF8000030686B460122C17973
:108080007068007800F0EEF9F0BB17B1C820FFF778
:108090006BF940208DF8000030686B4601220179B1
:1080A0007068007800F0DEF970BB78208DF8000071
:1080B00030686B46012241797068007800F0D2F98F
:1080C00010BB3220FFF750F98DF80080306847462A
:1080D0006B46417970680122007800F0C3F998B9C5
:1080E00031687068B046897A00786B46022200F0E9
:1080F00081F948B9BDF80000AF6040BAB0FBF9F0B3
:108100006F60C6B22F6000E00FE0A7606760276075
:10811000002739E0D8F80010D8F804006B46C97A77
:1081200000780C2200F066F910B15046BDE8FE8FD1
:10813000BDF80000236840BA02B2BDF80200BDF8E5
:1081400004101A44226040BA626800B210446060B1
:1081500049BAA06809B20844A060BDF806002B68BF
:1081600040BA02B2BDF808001A4440BA01B2BDF8E4
:108170000A002A606A6840BA11446960A96800B2BE
:1081800008447F1CFFB2A860B742C3D3286883228B
:10819000C117090441EA104100040023F8F767F809
:1081A00032460023F8F763F8286068688322C11715
:1081B000090441EA104100040023F8F758F8324658
:1081C0000023F8F754F86860A8688322C1170904EF
:1081D00041EA104100040023F8F749F83246002331
:1081E000F8F745F8A86020684FF40065C117090446
:1081F00041EA104100042A460023F8F738F83246D5
:108200000023F8F734F8206060682A46C117090493
:1082100041EA104100040023F8F729F83246002310
:10822000F8F725F86060A0682A46C117090441EAFA
:10823000104100040023F8F71AF832460023F8F73B
:1082400016F8A060002802DDA0F5803001E000F5FE
:108250008030A060002069E7A00000202DE9FF5FCA
:108260009B46DDE90E6891468246002425E000BF6A
:108270005BF8247000250CE004FB06525AF8251028
:1082800059F8220002F0ACFF394602F0D7FD07464C
:108290006D1CB542F0DB10993846012902D0022945
:1082A00005D006E0B0F5000F03DA002001E001F090
:1082B00019FF019941F82400641C4445D8DBBDE84E
:1082C000FF9F0000F0B5C3B00D4620260821CDE980
:1082D0000016104B0224A3F58062029403A9FFF755
:1082E000BDFF102700960C4BCDE9017403A8A3F540
:1082F000006223A9FFF7B2FF002101220097CDE918
:108300000121064B23A803F6C4422946FFF7A6FF26
:1083100043B0F0BD68D10008E8D9000864CD00087A
:108320002DE9F84F81462E488846002540686B4667
:10833000032200780D2100F05DF810B10720BDE8A0
:10834000F88F9DF80000002400F01F008DF8000059
:108350009DF801006FF00F0B00F01F008DF8010079
:108360009DF802006E4600F01F008DF802004FF0ED
:10837000010A00BF59F8241058F82400081A00D543
:10838000404202F0CDFE594603F039F90746305D10
:10839000C0B1144802E0144902F022FF315D491EC9
:1083A00011F0FF013155F6D10146384602F0BAFD11
:1083B0004FF07E5103F04CF80C4920F00040884209
:1083C00005DC07E00A483844B0F1D97F02D90AFA3F
:1083D00004F00543641C032CCCDB2846AFE7000007
:1083E000A00000200000C84154E3853F295C0F3EF7
:1083F0000000E0BE2DE9F0411D4614460F4606463A
:10840000FCF704FAB0B17006000EFCF7CFF9FCF7E8
:1084100045FA90B13846FCF7C9F9FCF73FFAFCF78A
:10842000F5F9012000EB4600C0B2FCF7BFF9FCF7FC
:1084300035FA0FE00120BDE8F081FCF70FFAF9E70B
:10844000012C0DD05FF00100FCF77AF9641E05F8ED
:10845000010BE4B2002CF3D1FCF700FA0020EAE7AC
:108460000020F1E72DE9F0411E4615460F4604466F
:10847000FCF7CCF968B16006000EFCF797F9FCF741
:108480000DFA48B13846FCF791F9FCF707FA0024D9
:108490000CE00120BDE8F081FCF7E0F9F9E7305D80
:1084A000FCF784F9FCF7FAF910B1641CAC42F6DB76
:1084B000FCF7D4F90020EDE790F90010002902DD67
:1084C0004FF00000704702DA4FF00400704790F957
:1084D0000110002902DD4FF00100704702DA4FF071
:1084E0000500704790F90200002802DD4FF00200FD
:1084F000704702DA4FF0060070474FF007007047F0
:10850000FAF746FDFDF716FEFCF7E8FEFCF798FFCC
:10851000FDF7C8F8FDF7E2F8FDF740F8FDF704F8BD
:10852000FCF7AAFEFCF7C4FEFDF772F8FDF798F819
:108530000220FCF7B5FA0120FCF7B2FAFEF704FFBF
:10854000F9F7B4F9FDF76AFAFCF754FEF9F718FAEF
:10855000124C134F00262670FAF70CFD6168411A81
:10856000142902D36060F9F7BDF8FAF703FD054658
:10857000E068281A142802D3E560FDF72DFCA068F6
:10858000281A642802D3A56000F076FE3868002817
:10859000E1D0FCF767FD3E60DDE700000800002049
:1085A0007C0100202DE9F041124C20F00101002552
:1085B00094F8240010B10020BDE8F081A07A4FF0BB
:1085C000FF3668B10840277C2074884200D03546C9
:1085D00041B1012001F034FD00F094FA38B1277464
:1085E0003046E9E7207D00B1012001F029FD284651
:1085F000E2E70000A00000200D494A7A42B1012ABA
:1086000008D0022A0FD0032A0FD04FF0FF30704756
:10861000022200E004220270C97C11B11106C90DCA
:108620000170002070470822F5E71022F3E70000F0
:10863000A00000200F494A7A42B1012A09D0022A3B
:1086400011D0032A12D04FF0FF3070474FF4804210
:1086500001E041F69C720280C97C11B1C2F34E0167
:108660000180002070474FF48052F4E74FF400621D
:10867000F1E70000A00000200B49097A39B1012977
:1086800007D002290AD003290BD0002103E0FA21E8
:1086900001E04FF4FA710180002070474FF47A71C5
:1086A000F9E74FF4FA61F6E7A00000200A49097AD9
:1086B00041B1012908D002290AD003290AD04FF07C
:1086C000FF307047054900E0054901600020704710
:1086D0000449FAE70449F8E7A0000020000003433A
:1086E0000000834233330342333383410C49C97A58
:1086F000072913D2DFE801F01204060A0C0E10005D
:10870000BC2100E062210180002070472A21FAE7A5
:108710001421F8E70A21F6E70521F4E70021F2E742
:10872000A0000020054991F8242012B14FF0FF303D
:108730007047C9890180002070470000A000002018
:108740002DE9FC414C4C80208DF8000020686B46E0
:108750000122817C60680078FFF784FE4FF0FF37CC
:10876000002832D16420FEF7FFFD00258DF800506F
:1087700020686B460122817C60680078FFF772FEFA
:10878000002870D120686B460622817D60680078E1
:10879000FFF730FE002866D19DF805009DF8031014
:1087A000C007400F01F0010140EA41019DF80100BE
:1087B0004FF0010600F00100014309D0012905D066
:1087C000022915D02DA0F7F777FD4CE0E67410E0F4
:1087D00020686B460122C17860680078FFF70AFEC6
:1087E00040BB9DF8000010F00F0020D0042822D0DC
:1087F000E574FF2004F80A0F4FF6FF7104F8020C2D
:1088000004F8010C6070A180A0712072A670267619
:108810006576E572A572E56025616561A576E57608
:10882000A5834FF4FA6000F06BFB18B907E01D4810
:10883000F7F742FD17E01CA0F7F73EFDC6E7022060
:1088400000F080FA78B92A2000F0C2FB58B9322033
:1088500000F0F4FB38B90020FFF7A4FE18B900209F
:1088600000F0A4FA10B13846BDE8FC81002000F009
:1088700025FC0020F8E70000A0000020556E73756D
:1088800070706F7274656420736F6674776172655F
:108890002070726F64756374207265762025642E73
:1088A0000A0000005CDD000848616C662073656E9C
:1088B0007369746976697479207061727420666F67
:1088C000756E642E0D0A00002DE9FF4FDFF89480CD
:1088D000064685B098F8250015460F464FF0FF393B
:1088E000B0BBAFB3002420E0301B102800DD102007
:1088F00080B283463A1901469246204600F03AFC7F
:1089000030BB6A465946204600F0D2F800BB5046BC
:108910005A466946F7F7B5FD20B16FF0010009B07E
:10892000BDE8F08F04EB0B0084B2B442DCD3280A1C
:108930008DF810008DF81150D8F80000444604ABB3
:10894000817ED8F8040002220078FFF78BFD08B181
:108950004846E4E7012084F825000898E0840020D8
:10896000DDE70000A00000202DE9F84305464FF0A8
:10897000FF39282844D80727284C00267DB101203C
:1089800000F0F4FA20208DF800004FF00108012DCE
:1089900017D0052D18D88DF8018005201FE0002084
:1089A00000F0E4FA8DF800608DF8017020686B46E5
:1089B0000222817C60680078FFF754FD00BB2675B9
:1089C00029E08DF80160E8E7142D04D802208DF825
:1089D00001000A2003E003208DF80100142000F0BC
:1089E000F7FA9DF801006B4607EB80108DF8010047
:1089F00020680222817C60680078FFF733FD10B1A7
:108A00004846BDE8F8830820A072267384F81480D5
:108A10000020FFF7C7FD0020F3E70000A0000020C2
:108A20002DE9F843214C0646174694F82400894660
:108A30004FF0FF3890B3A07A80B320686B460222D3
:108A4000817A60680078FFF7D5FC38BBBDF800007C
:108A500045BAB54202D2002038701FE060684188F4
:108A6000B5EB510F11D9216800786B46497C012282
:108A7000FFF7C0FC90B99DF80000C00605D500F0D6
:108A800041F86FF00100BDE8F8832068F2B24B4670
:108A9000C17A60680078FFF7ADFC08B14046F2E7A4
:108AA000B5FBF6F0401E38700020ECE7A000002077
:108AB000F8B516000D464FF0FF371FD0104CA17AC5
:108AC000E1B1010A8DF80010C0B28DF80100411922
:108AD00060684289914211D8216800786B46097E0E
:108AE0000222FFF7BFFC48B92068EAB23346417D55
:108AF00060680078FFF77EFC002800D03846F8BD9B
:108B0000A0000020F8B5524C4FF0FF36A07A0028A4
:108B10007CD000258DF8005020686B460122C17B77
:108B200060680078FFF79EFC00286FD120686B46D4
:108B30000122417960680078FFF794FC002865D134
:108B400020686B460122017960680078FFF78AFC93
:108B500000287AD194F82400C8B30C208DF80000C6
:108B600020686B460122017960680078FFF77AFC83
:108B700000286AD1C0208DF80000A07AC00702D07A
:108B8000E0208DF8000020686B46012201796068C2
:108B90000078FFF767FC002857D1607C18B10220ED
:108BA0008DF8000001E08DF8005020686B4601222E
:108BB000C17B60680078FFF755FC38BB8DF800502A
:108BC00020686B46012241796068007839E0FFE750
:108BD00004208DF8000020686B460122017960684E
:108BE0000078FFF73FFC88B9A07C80B9A07AC00765
:108BF0000DD060208DF8000020686B4601220179BD
:108C000060680078FFF72EFC00B902E01DE040200C
:108C1000F0E7607C18B101208DF8000001E08DF8CC
:108C2000005020686B460122C17B60680078FFF726
:108C300019FC50B92068064B012241796068103355
:108C40000078FFF70FFC002800D03046F8BD000088
:108C5000A00000202DE9F047394C82468AB094F8F4
:108C600024000F4620B1002000F00EF9012600E09C
:108C7000002607A8FFF700FD06A8FFF7BDFC09A81E
:108C8000FFF734FD08A8FFF74DFD94F80A9094F81B
:108C900010800025002239465046FFF755F910B1E3
:108CA0006D1C022DF6DB022D1AD00025012203A92E
:108CB0006846FFF749F910B16D1C022DF6DB022D55
:108CC0000ED003A93846FDF7F7FEC7B269465046F5
:108CD000FFF726FB10F0FF0F4FF0000502D002E077
:108CE000002503E001250FB945F00205FF202072A1
:108CF0006072E0724FF6FF71E181A0722074012072
:108D00002073BDF81C0000F0FBF89DF8180000F07F
:108D100019F8BDF8240000F05BF9BDF8200000F060
:108D20008DF9484600F0CAF94046FFF73BFC16B102
:108D3000012000F0A9F80AB02846BDE8F08700003D
:108D4000A000002038B5184C4FF0FF35A17A19B3B8
:108D5000022806D0042806D008280ED010281BD1DF
:108D60000DE0002000E008208DF80000607A9DF8FA
:108D70000010B0EBD10F04D005E01020F4E718206C
:108D8000F2E7002038BD20686B460122C179606897
:108D90000078FFF767FB08B1284638BD9DF8000052
:108DA000C0086072EDE70000A0000020F8B5354C67
:108DB0000546A07CA84201D10020F8BD31484FF003
:108DC000FF366B46D0E900104FF0010209790078B8
:108DD00035B3FFF70FFB70BB9DF800006B4620F02A
:108DE00020008DF800002068012201796068007879
:108DF000FFF738FBF8B90320FEF7B6FA02208DF82A
:108E0000000094F8220078B382202BE020686B46A3
:108E10000122017D60680078FFF724FB58B92EE03D
:108E2000FFF7E8FA38B9A07AC0079DF8000003D030
:108E300040F0200002E00CE020F020008DF800005F
:108E400020686B460122017960680078FFF70AFB11
:108E500008B13046F8BD0320FEF786FA94F82200E8
:108E600000B180208DF8000094F823000028CDD0B8
:108E70009DF8000040F030008DF80000C6E7A574B2
:108E80009AE70000A000002038B51C4C94F824108C
:108E900081421DD0002500B394F82500D0B10020F8
:108EA00001F0CEF80020FFF781FFE08C00F0C6F85B
:108EB0008DF8005060686B46012200782321FFF78F
:108EC000D1FA012084F8240001F0BAF8FFF71AFE65
:108ED000002038BD4FF0FF3038BD002001F0B0F861
:108EE000207C8DF8000060686B4601220078232109
:108EF000FFF7B8FA84F82450E8E70000A00000204B
:108F000038B5194C4FF0FF35A17A31B3FA2809D0A2
:108F1000B0F5FA7F08D0B0F57A7F0FD0B0F5FA6FD0
:108F20001BD10DE0002000E008208DF80000207A21
:108F30009DF80010B0EBD10F04D005E01020F4E74D
:108F40001820F2E7002038BD20686B4601228179A5
:108F500060680078FFF786FA08B1284638BD9DF8AA
:108F60000000C0082072EDE7A000002038B5174CC3
:108F7000054694F82300A84201D1002038BD0DB168
:108F8000302000E000208DF80000A07C28B19DF882
:108F9000000040F002008DF8000094F8220028B193
:108FA0009DF8000040F080008DF8000020686B46BE
:108FB0000122017D60680078FFF754FA10B14FF08C
:108FC000FF3038BD84F82350D7E70000A000002010
:108FD00038B5194C4FF0FF35A17A31B3BC2801D315
:108FE000012010E0622801D302200CE02A2801D3DE
:108FF000032008E0142801D3042004E00A2801D348
:10900000052000E006208DF80000E07A9DF80010B1
:10901000884201D1002038BD20686B46012281784A
:1090200060680078FFF71EFA08B1284638BD9DF841
:109030000000E072EEE70000A0000020F8B51E4D31
:1090400004464FF0FF37A87A48B395F8240030BBA8
:10905000287D4FF47A7648B164B1282C03D8E0B269
:10906000FFF782FC26E00020FFF77EFC042C05D2EF
:10907000042406E00020FFF777FCF9E7B44200D9AA
:109080003446B6FBF4F0401E8DF8000028686B46AD
:109090000122417868680078FFF7E4F908B13846A2
:1090A000F8BD9DF80000401CB6FBF0F0E8814008D8
:1090B000FFF78EFF0020F8BDA0000020F8B50546A0
:1090C00010F0700F4FF0000601D0012004E015B140
:1090D0008DF8006002E040208DF80000244C6B46C3
:1090E00001222068817C60680078FFF7BBF94FF0AF
:1090F000FF3760BB9DF8000020F0400020738DF822
:109100000060680602D404208DF80000A80605D48B
:109110009DF8000040F002008DF80000E80605D43C
:109120009DF8000040F001008DF80000280705D4EC
:109130009DF8000040F038008DF8000020686B4674
:109140000122C17C60680078FFF78CF910B1A6722B
:109150003846F8BD25B1082D02D00020FFF706FFE4
:10916000A57226753220FEF7FFF80020F8BD00003A
:10917000A0000020F8B516000D464FF0FF371FD0B5
:10918000104CA17AE1B1010A8DF80010C0B28DF83F
:109190000100411960684289914211D82168007824
:1091A0006B46097E0222FFF75DF948B92068EAB2F2
:1091B0003346417D60680078FFF754F9002800D0FD
:1091C0003846F8BDA00000202DE9F05F9946DDF893
:1091D0002CB00D46824691422ED1002728E0002473
:1091E00023E00C9909FB07F0002201EB80081646EA
:1091F00048F8242016E000BF09FB06F00BEB8000C6
:109200000A9A50F8241005FB07F002EB800050F892
:10921000260001F0E5FF58F8241001F00FFE48F891
:109220002400761CAE42E7DB641C4C45D9DB7F1C76
:109230005745D4DBBDE8F09FBDE8F05F01A0F7F72C
:109240003BB80000B4EDCEF3A3BABED8D5F3B5C495
:10925000B3DFB4E7B2BBB6D4A3A10000002800DAA4
:109260004042704770470246012000E05043491ECB
:10927000C9B2FBD270470000F8B54FF48061B64820
:10928000F7F733F90021B5A20846FCF7EDFCB44826
:109290000C2500950288042300212820FCF7A8FC57
:1092A000B0A200214620FCF7DFFCB048006801288E
:1092B00004D1AF48006808B1AEA200E0AEA2002120
:1092C0006920FCF7D1FCADA20A210020FCF7CCFC00
:1092D000AC480078012804D1ABA20A215220FCF747
:1092E000C3FCAA480078042801D0052808D1A84862
:1092F0000078012804D1A7A20A215220FCF7B4FC6F
:10930000A64CA74E2068B04207D3A6A20A2130205F
:10931000FCF7AAFC2068B04204D2A3A20A213020A4
:10932000FCF7A2FC206801F0BFFEFFF797FF0246A2
:1093300003230A2138200095FCF75AFC9BA2142134
:109340000020FCF791FC9B4C2068B04207D395A20B
:1093500014212A20FCF788FC2068B04204D292A293
:1093600014212A20FCF780FC206801F09DFEFFF705
:1093700075FF02460423142132200095FCF738FCC7
:109380008D4CA06801F0ACFE82B20523142152205E
:109390000095FCF72DFC89A214217220FCF764FCD7
:1093A00087A21E210020FCF75FFC864F386800284A
:1093B00011DA7CA21E211020FCF756FC3868FFF75A
:1093C0004DFF024604231E211A200095FCF710FCD5
:1093D000386800280EDB74A21E211020FCF744FC24
:1093E0003868FFF73BFF024604231E211A20009530
:1093F000FCF7FEFB2068B04207D36AA21E213C2086
:10940000FCF732FC2068B04204D267A21E213C2047
:10941000FCF72AFC206801F047FEFFF71FFF024619
:1094200004231E2144200095FCF7E2FB66A21E21C6
:109430006020FCF719FC66A228210020FCF714FC30
:10944000644F3868002811DA56A228211020FCF752
:109450000BFC3868FFF702FF0246042328211A207C
:109460000095FCF7C5FB386800280EDB4EA22821CA
:109470001020FCF7F9FB3868FFF7F0FE02460423E2
:1094800028211A200095FCF7B3FB6068B04207D38F
:1094900044A228213C20FCF7E7FB6068B04204D2DC
:1094A00041A228213C20FCF7DFFB606801F0FCFDB5
:1094B000FFF7D4FE02460423282144200095FCF740
:1094C00097FB41A228216020FCF7CEFB42A232216B
:1094D0000020FCF7C9FB41A232211E20FCF7C4FB8F
:1094E0003DA232214020FCF7BFFB3D4C642102230A
:1094F0002068009590FBF1F232211320FCF778FBF5
:1095000020680A2690FBF6F090FBF6F106FB1102AC
:10951000012332212A200095FCF76AFB20680123F1
:1095200090FBF6F106FB1102322108460095FCF78C
:109530005FFB2C4C207830B10FA232215F20FCF76A
:1095400093FB207820B928A232215F20FCF78CFB06
:10955000BDE8F840FCF7DEBAF005002041444300C6
:109560001C00002041564F3A00000000200000205F
:10957000240000204F5F4E004F464600416E676C4E
:109580006500000018000020505332001900002030
:109590001A0000204C696461720000006000002025
:1095A000000080802D0000002B0000004779726FC2
:1095B0007800000064000020540200206D6D00005F
:1095C0004C000000540000206D6D2F73000000005F
:1095D0005200000058000020560000002E0000003D
:1095E0005C000020040000204F4E20002DE9F04DCB
:1095F0001D460C4698B0174621F0004123F0004369
:10960000002814BF4FF0010C4FF0000C0CEB440C81
:10961000FE4A0CEB02064FEA620C66452BD33E0075
:1096200018BF012606EB45061644F94A964222D396
:10963000F84A53EA070C02D0944205D148B918B051
:1096400000201146BDE8F08D002808BF4FF0000C47
:1096500001D04FF0010C0CEB440212F5001F0AD8A8
:10966000002F14BF4FF0010C4FF0000C0CEB450223
:1096700012F5001F07D918B03A462B462146BDE81F
:10968000F04DFDF7ECB90022DFF88CA3002CB8BF39
:10969000534526DADFF884C36345A8BF022220DAE7
:1096A000DFF870C39C451CDCDFF874C30CEB235C53
:1096B000BCF1140F08DDCCF1340627FA06FC0CFAD5
:1096C00006F6BE420DD108E05FB9CCF1140623FACC
:1096D00006FC0CFA06F69E4203D10CF00102C2F120
:1096E000020251EA000C19D1002D17DA002C18BF24
:1096F000022A01D0012A07D00220F6F7BFFF18B0D6
:10970000BDE8F04DFDF7A0B90220F6F7B7FFFDF771
:109710009BF918B081F00041BDE8F08DB7F1000C65
:109720006CD1534525D104F1804212F5801201BF5E
:1097300000280020B74918B008BFBDE8F08DB54833
:10974000884207DC002DA1BF6046294618B0BDE85D
:10975000F08D07E0281E05DA80F0004118B0604661
:10976000BDE8F08DAF497944D1E9000118B0BDE8FA
:10977000F08DDFF8A0C2634525D1002D1FDA19B1A5
:10978000514512D1D8B909E0002840F0EC82A24A34
:10979000214618B062F31E01BDE8F08D002021467D
:1097A00018B060F31E01BDE8F08D08DA18B023464A
:1097B000BDE8F04D02460020614600F015BE18B02D
:1097C0002146BDE8F08D514518DAB5F1804F0DD036
:1097D000A5F1005CBCF1FF5C10D1B4F1000C0DDB15
:1097E00018B06146BDE8F04D00F056BC234618B0F5
:1097F0000246BDE8F04D194600F0E4BF060024F033
:10980000004C3BD1D9B1514533D1002C06DD002DA0
:10981000A1BF0020514618B0BDE8F08D002C01DD3D
:10982000002D1BDB002C13DA002D11DB012A4FF079
:10983000000014BF78497C4918B0BDE8F08D022AB9
:1098400018BF002C0AD0012A08D1002C06DA0AE041
:10985000002CB8BF002D11DA012A04D0002018B066
:109860000146BDE8F08D18B000204FF00041BDE882
:10987000F08DA1F14050B0F17F601AD0012000EBD3
:10988000E47050EA020421D0624C521E4FF0000BEB
:10989000104304BF4FF0000B644C654883427CDDED
:1098A000644A654893421FDD884217DB002D25DBA3
:1098B00037E0002C00DA4AB1022A0CBF01204FF039
:1098C000FF3018B0BDE8F04D00F015BF0120F6F7ED
:1098D000D5FE18B0BDE8F04DFDF7C3B84D4A8A4239
:1098E00002DC002D0ADC1CE0814202DA002D18DACD
:1098F00004E0484B994220DD002D12DD0220F6F7EE
:10990000BDFEFDF7B4F805460E4600225346584604
:10991000214600F057FF18B066F31E012846BDE847
:10992000F08D0220F6F7AAFEFDF7A8F80A462146B8
:1099300018B062F31E01BDE8F08D0022304661468A
:1099400001F066F980460E466FF0010201F029FE33
:109950004FF05532394B01F069F84246334600F07A
:1099600031FF0022364B01F061F882464246334611
:1099700004911046194600F025FF5246049B00F062
:1099800021FF8A4600904FF0C0422E4B40463146A0
:1099900000F018FF2C4A2B4B00E027E0CDE9060130
:1099A0005146009800F00EFF82460191274A284B4D
:1099B0004046314600F006FF5246019B01F028F96F
:1099C00082460B4602460591DDE9060100F050FC97
:1099D000DDE9062300268846304601F019F9524693
:1099E000059B01F023F8024600F07EB90020B1F596
:1099F000801F07DA35223046614601F0D2FD064667
:109A00006FF0340000EB215024E00000FFFF1F0046
:109A1000FFFF0F000000F03F0000F07F0000404318
:109A200001FCFFFF564500000000F0FF0000F0BF02
:109A30000000E0410000F043FFFFEF3F5555D53FE8
:109A40000000E03F4715F73FFE822B6544DF5DF8DD
:109A50000BAE543EA0F2FF300190C1F3130040F072
:109A60007F6141F040510291FE498842D8BF0020F9
:109A700004DDFD498142C8BF012001DD0D9008E0F1
:109A800000200D900198401C01900298A0F58010D4
:109A900002900299F54878440B910D9900EBC100B2
:109AA000D0E900230F9330460A920B9901F0B0F8E9
:109AB000CDE90601DDE90A2130460F9B00F0D8FB15
:109AC00002460B460020EA4900F08EFC0591024652
:109AD0000B460090DDE9060100F074FE1490E548A5
:109AE0008A464FF0000878440299006812904FF0BF
:109AF000005040EA61010D980F9B01EB804000F59A
:109B0000002109910A9A129801F082F832460B9BC3
:109B100000F08CFF4246534600F054FE0646029188
:109B200040465146099B129A00F04CFEDDE906239F
:109B300000F07CFF3246029B01F06AF8059B009A18
:109B400000F040FE0091149A0490534610461946C6
:109B500000F038FE06460246C7480B460291062131
:109B60007844FCF71CFFCDE90510029B32461046F5
:109B7000194600F027FEDDE9053200F023FE0591CD
:109B80000646534640461946149A00F071FB009B66
:109B9000049A00F017FE3246059B00F069FBCDE900
:109BA0000510424653461046194600F00BFE0022AF
:109BB000B24B02910A9000F05BFBDDE9053200F048
:109BC00057FB0E464246AD4B404601F021F8029B42
:109BD0000A9A01F01DF8DDE9053200F027FF424640
:109BE00002910A9033461046514600F0EBFDCDE954
:109BF00006015346149A02990A9800F0E3FD8A463A
:109C00000290334642460099049800F0DBFD53462B
:109C1000029A00F02DFB82460B4602460591DDE9D3
:109C2000060100F025FBDDE90623002088460646F4
:109C300000F0EEFF5246059B00F0F8FE82460991C7
:109C40004FF060428E4B3046414600F0BBFD049021
:109C500006918C4A8A4B5046099900F0B3FD824622
:109C60000291894A894B3046414600F0ABFD52468D
:109C7000029B00F0FDFA864B7B440D9A03EBC20376
:109C8000D3E9002300F0F4FA0E900791019800F058
:109C900032FD0591DDE9061382460E9A049800F024
:109CA000E7FA7C4A7A440D9B02EBC303D3E9002315
:109CB0000093029200F0DCFA5246059B00F0D8FABD
:109CC0000026884652463046059B00F0A1FF009BC7
:109CD000029A00F09DFF069B049A00F099FF079BF3
:109CE0000E9A00F0A3FE024600200B460290384672
:109CF000294600F067FD824601912B4638461946F9
:109D0000029A00F085FF3246434600F05BFD524662
:109D1000019B00F0ADFA07468A4632464346294683
:109D2000029800F04FFD05460E463A46534600F0B5
:109D30009FFA594A8846914221DBA8EB020353EA75
:109D4000000210D12A46334600F062FFCDE904013B
:109D5000524A534B3846514600F08AFADDE9042353
:109D600000F02EFE21D20220F6F788FCFCF77FFEE1
:109D70000A46214618B062F31E01BDE8F08D494B3A
:109D800028F000429A4210D3474A08EB020353EAF4
:109D900000027FF4C6AD2A46334600F039FF3A464A
:109DA000534600F00DFE7FF6BCAD0022019228F074
:109DB00000403E493E4A01EB2051824223DA481CD2
:109DC0004FF4801121FA00F040443A4AC0F30A519E
:109DD0007A44394BA1F2FF31CB4020EA0303C0F3B0
:109DE000130040F48010C1F11401C84012680190C2
:109DF000B8F1000FBCBF404201902846314600F048
:109E000007FF05460E462A4633463846514600F0BF
:109E10002FFA4FF000084246284B4046059100F0CB
:109E2000D1FCCDE90601264A264B4046059900F0B3
:109E3000C9FC009102902A4633464046059900F03D
:109E4000E7FE3A46534600F0F1FD1F4A1F4B00F073
:109E5000B9FC009B029A00F00BFA074688460246BE
:109E60000B4635E08E9803007AB60B00D640000012
:109E70000000F03FD64100003C40000000000840D8
:109E800009C7EE3FFD033ADCF5015B14E02F3EBE4F
:109E9000143F0000D83E000000009040FE822B6579
:109EA0004715973C00CC904000346F3F01FCFFFF0A
:109EB0000000E03FEC3E0000FFFF0F00432EE63FB6
:109EC000396CA80C615C20BEEF39FAFE422EE63FE9
:109ED000DDE9060100F0CCF9DDE9062305460E4672
:109EE00000F096FE3A46434600F0A0FD0F462A4693
:109EF000334600901046194600F064FC8246024644
:109F00002E4888460B4605217844FCF748FD52460A
:109F1000434600F057FC2A46334600F087FD804652
:109F20008A463B4628463146009A00F04BFC3B46A9
:109F3000009A00F09DF90691009000224FF08043B6
:109F40004046514600F064FE0F460C904246534690
:109F50002846314600F036FC3B460C9A00F044FAA5
:109F6000069B009A00F054FE2A46334600F050FE4D
:109F70000022134B00F05AFD054601980E4601EBF6
:109F800000510815002810DC28463146019A01F0DE
:109F900008FBFCF7CDFC042808BFFCF76FFD284642
:109FA0003146019A01F0FDFA05460B4618B02A46E3
:109FB00058462146BDE8F04D00F004BCC43C00000A
:109FC0000000F03F10B588B0694604A8FEF742FED5
:109FD000072832D107A8FEF769FB049801F0A0F822
:109FE00007990C4601F0FCF801F05EF80490059822
:109FF00001F096F8214601F0F3F801F055F80590CC
:10A00000069801F08DF8214601F0EAF801F04CF8CD
:10A01000069004A8FDF76CFC03A8FEF70BFBBDF847
:10A020000C0000994143009101994143019102992B
:10A03000414368460291FDF7BDFB08B010BD00002A
:10A04000F8B5144C0146224694F82460D2E9000287
:10A0500000235D1E56B179B1022111E0C17B107859
:10A060006B460122FEF7FEF968B90EE0A67A56B1FA
:10A0700011B1617C61B902E08DF80030EEE7012199
:10A080008DF80010EAE72846F8BD9DF800006074DE
:10A090000020F8BDA00000202DE9F04106460F4643
:10A0A00000F0D0FC041E0D4618BF0120284320F00C
:10A0B0000040C0F17F6000F1E040C00F0ED0301CC6
:10A0C00018BF0120384320F00040C0F17F6000F14C
:10A0D000E040C00F04BF0120F6F7D0FA2046294621
:10A0E000BDE8F0812DE9F047314A324B05464FF08B
:10A0F0007F4120F00044B1EB450F54D39C421BDD5F
:10A10000B1EB440F18D39442C8BF4FF07E5044DCEB
:10A110000121204601F073FAFDF7F4FD4FF07E5166
:10A1200000F08CFE01464FF0804000F0FBFE4FF047
:10A130007E5101F083F930E0B4F1665F0BDAB1EBE8
:10A14000440F08D32046FCF707FC042808BFFCF79F
:10A15000A5FC204621E02146174EDFF860A0184FED
:10A16000084601F03DF88046514601F039F8314685
:10A1700000F064FE414601F033F806463946404699
:10A1800000F05CFE0146304600F0CCFE0146204661
:10A1900001F026F8214600F051FE002DB8BF80F0F6
:10A1A0000040BDE8F087BDE8F047FCF76FBC000059
:10A1B000B32C1041549F0C3FC6E252BFB2117BBB7F
:10A1C0001A2A1E4044F6206200E0521E03685B0615
:10A1D00002D4002AF9D17047002AFCD041607047B0
:10A1E00010B500290AD00878002807D0054878441F
:10A1F000F6F712FE002801D0002010BD0248784476
:10A2000010BD0000823C00007A3C000021F00042BA
:10A21000A2F16052B2F5801F01F0004328BFD2F1D5
:10A220007F6C0BD95FEA001C43EAC20242EB50701C
:10A2300018BF704728BF20F001007047B2F5801F9B
:10A24000BCBF184670474FEA410C1CF5001F02D2F4
:10A25000084601F08CB870B500F05EFB0000008984
:10A26000FFF7F6BF4FF00040A0F5800070470000F8
:10A2700010B591EA030F48BF83F0004300F1D0848A
:10A28000841A71EB030C05D2121943EB0C03001B6B
:10A2900061EB0C01DFF824E14FEA1154A4EB135CED
:10A2A0001EEA430F18BF9EEA445F73D023EA0E03F1
:10A2B000DCF1200E21EA045143F4801332D322FA58
:10A2C0000CFE10EB0E0023FA0CFE41EB0E01CCF15C
:10A2D000200E03FA0EFE10EB0E0051F10001B1F555
:10A2E000801FCCF1200E32D201EB045112FA0EF293
:10A2F000BDE8104058BF7047401C38BF5FEA4202BB
:10A3000018BF7047002814BF20F0010041F1000180
:10A310004FEA410313F5001F38BF7047A1F1C04158
:10A3200000F048BB012A43EB0302ACF1200CDCF146
:10A330001F0E32BF4FF0000E23FA0CF310EB030098
:10A3400041EB0451B4EB115FD0D0A1EB045101F506
:10A35000801149085FEA300001EB04510ED350F13F
:10A36000000038BF12FA0EFE08D1BDE81040C9E760
:10A37000401C38BF5FEA4202CAD1C3E7BDE81040C3
:10A380004FEA410313F5001F38BF7047A1F1C041E8
:10A3900000F010BB9EEA445F08D011EA5E0FBDE8F2
:10A3A000104004BF01F0004100207047BDE810409C
:10A3B00070B500F0B1FA00BF64FBBE3E0000E0FFE4
:10A3C00002494FF0000001F0BAB800BF0000F87F6A
:10A3D000491058BFC1F140415B1058BFC3F1404321
:10A3E0008B42EFF3008070472DE9C04130B4DFF8B5
:10A3F000A0C23CEA111418BF3CEA131400F0EC8030
:10A4000081EA03051CEA111444EAD57418BF1CEA5A
:10A41000131500F0C780A4EB05044FF0004545EA92
:10A42000C12145EAC32341EA505143EA525304F1A2
:10A430007F74994204F500344FEAC0204FEAC222EB
:10A4400008BF904200F09C804FEA13650FF240165F
:10A45000765D4FEA134506FB05F7C7F1807706FBEB
:10A4600007F74FEAD737A7FB03687642C8F580386D
:10A47000A7FB06CE38BFA8F1010807FB08E64FF09E
:10A48000000EA6FB028CE6FB03CEDCF1000CCEF145
:10A49000004E38BFAEF1010EA6FB0C584FF000077E
:10A4A0004FF00005E6FB0E87A1FB08C6A0FB07CE18
:10A4B00016EB0E0645F10005E1FB076515F1E04ED0
:10A4C0007EBFA4F580345FEA46066D4116F1800731
:10A4D00045F100054FEA17274FEA066647EA056788
:10A4E000A6F1DE46B6F1805F4FEA15251FD9384642
:10A4F00024F0010C05EBC471BCF1FE6F01EB0C11F3
:10A5000002D8F0BCBDE8008124425CBF01F5801E8A
:10A510009EEAC47F02D4F0BCBDE80081244238D456
:10A52000F0BCA1F1C041BDE8004100F043BA4FEAE0
:10A53000D22242EA43524FEAD323A7FB02864FEAD4
:10A54000D02040EA415007FB03661EEA0E0F4FEA97
:10A55000D12105FB026658BFA6EB0056B6EB0056AC
:10A560004FEA520E4EEAC37E18EB0E0E56EB530E18
:10A57000BDD518EB02085E417F1C55F10005B6E71A
:10A580004FF480154FF000074FF000064FF0000821
:10A59000ADE7F0BC4FF0000001F1C04101F0004117
:10A5A000BDE8008111EA0C1F0CEA131500D00CE085
:10A5B00013EA0C1F00F025804FF00000F0BC81EA88
:10A5C000030101F00041BDE80081F0BCBDE800419D
:10A5D00081EA030100F0EEB9F0BCBDE8004170B5BE
:10A5E00000F09AF9097EFC3E00F007B881EA030109
:10A5F0004FF0000001F00041704781EA030100F0D4
:10A60000D9B9F0BCBDE800414FF0000021497047C6
:10A61000FFFDFBF9F7F5F4F2F0EEEDEBE9E8E6E427
:10A62000E3E1E0DEDDDBDAD8D7D5D4D3D1D0CFCDAE
:10A63000CCCBCAC8C7C6C5C4C2C1C0BFBEBDBCBBE7
:10A64000BAB9B8B7B6B5B4B3B2B1B0AFAEADACABE2
:10A65000AAA9A8A8A7A6A5A4A3A3A2A1A09F9F9EBC
:10A660009D9C9C9B9A99999897979695959493936E
:10A67000929191908F8F8E8E8D8C8C8B8B8A898905
:10A680008888878786858584848383828281818088
:10A690000000FF070000F87F4FEA41034FEA5353E1
:10A6A000A3F58063D3F11E03C8BFD3F1210C0CDDE9
:10A6B0004FF0004242EAC12242EA505232FA03FC11
:10A6C0008CEAE17CACEBE1707047102BC4BF00203A
:10A6D000704703F5787CBCF1FF3F04D06FF0004277
:10A6E00082EA2100704770B500F016F94992248083
:10A6F00000207047F2E710F0004248BF4042B0FA35
:10A7000080F310FA03F10AD0C3F11D0303F580634F
:10A710004FEA415002EB035202EBD12170474FF058
:10A7200000007047B0FA80F310FA03F10AD0C3F1C9
:10A730001D0303F580634FEA41504FEA035202EBD9
:10A74000D12170474FF000007047000051EA030C20
:10A7500017D41CF5801F58BFBCF5801F00F1068080
:10A76000994218BF704708BF9042704707D711F54C
:10A77000801F58BF13F5801F19D499427047894232
:10A7800070471CF5801F08D5BCF5801FF7D58B429C
:10A7900018BF704708BF824270474FF4001C1CEB83
:10A7A000410F38BF1CEB430F01D28B42704770B58D
:10A7B00000F0B2F8922449004FF000514FF080535E
:10A7C000FFF706BEDFF848C170B51CEA111E1EBFB8
:10A7D0001CEA13159EEA0C0F95EA0C0F00F06F802F
:10A7E00081EA030423EA4C134EEAD47E21EA4C1199
:10A7F00041F4801143F48013AE44A1FB024CA0FB52
:10A800000365AEF17F7E361955EB0C05A1FB034CB9
:10A810004CF10003A0FB021C16EB0C06654153F142
:10A820000003094218BF46F0010613F4007F0BD164
:10A830004FEA03314FEA0530340341EA155140EA4B
:10A8400016506FF003020AE04FEAC3214FEAC52019
:10A85000F40241EA555140EA56506FF0020202EB11
:10A860002E4201EB025585EACE710AD05FEA440C14
:10A8700018BF24F0004450F1000041F1000120EA2B
:10A88000D47040F2FE7C624500D270BDA84214BF75
:10A890004FF080444FF04044002E08BF0024BEF12A
:10A8A000806FA8BFA1F1C041BDE8704080F28280F6
:10A8B0004FF0000001F1C04101F0004170479EEAF5
:10A8C0000C0F0CEA131518BF95EA0C0F06D04FF0C9
:10A8D000000081EA030E0EF0004170BD00F01CF88C
:10A8E0008900013E00F007B800F009B84FEA430CB8
:10A8F0005FEA5C5C08D081EA030100F05BB84FEAD4
:10A90000410C5FEA5C5CF6D14FF0000001497047F2
:10A910000000FF070000F87F0EF1020E2EF0030E7C
:10A920005EF8046B364205D4012A43EB030515F5A6
:10A93000001F12D8012841EB010C1CF5001F0CD898
:10A940000ED14FEAD17C15F5001F0CEB4C0C0CF12D
:10A95000020C08BF4CEBD37C04E04FF0080C01E084
:10A960004FEAD37C0CEB4C0526FA05F606F00706F9
:10A97000B6F1040C06D20EEB860CBDE870404CF02C
:10A98000010C6047DFE80CF0090B02024FF00041B8
:10A990004FF00000A1F5002170BD194610460128B6
:10A9A00051EB010418BFD4F5001484BF002001F05E
:10A9B000004170BD0808A0F500114FEA3101704751
:10A9C00053EA010C17D41CF5801F58BFBCF5801F3B
:10A9D00000F106808B4218BF704708BF8242704763
:10A9E00007D713F5801F58BF11F5801F19D48B426C
:10A9F00070479B4270471CF5801F08D5BCF5801F2F
:10AA0000F7D5994218BF704708BF904270474FF47E
:10AA1000001C1CEB430F38BF1CEB410F01D29942C5
:10AA200070470FB40CBC03BCFFF7C1BE91EA030F23
:10AA300010B581F000413FF523AC83F0004300F0F6
:10AA4000EFB800002DE9F04101F5801CBCF5001FB6
:10AA5000C0F2C3804FEA115C21EA0C510CF1FD0CED
:10AA600041F480115FEA5C0C0CF5C07C01D340001E
:10AA700049413DA4890241EA905187028E0E0A0C99
:10AA8000A45D04FB04F602FB06F6C6F14046A4FBF7
:10AA90000662F60D46EA422606FB06F4A4FB0123F5
:10AAA0005242C3F1404338BF5B1EA6FB0242002462
:10AAB000E6FB0324D20B42EA4446A6FB0623A1FB95
:10AAC00002E2A3FB07E4A4184FF0000252F10002D7
:10AAD000E3FB01426442C2F1404E38BFAEF1010EC9
:10AAE000A6FB04234FF00002E6FB0E32A2FB034656
:10AAF0004FF00004B61954F10004E2FB0264A1FB1C
:10AB000006E6A4FB07E816EB08064FF0000858F12C
:10AB10000008E4FB01687642C8F1405838BFA8F14C
:10AB20000108A2FB06E4A3FB08E52D194FF0000481
:10AB300054F10004E2FB0854A1FB05E6A7FB04E87E
:10AB400018EB06084FF0000656F10006E1FB0486FC
:10AB500018F1200556F10006A809A8F11B08B10953
:10AB600008F03F08B8F10A0F40EA86601CD901EBF3
:10AB70000C51BDE8F08100BFFCF5EEE8E2DDD8D372
:10AB8000CFCBC7C3C0BDB9B6B4B1AEACA9A7A5A35E
:10AB9000A19F9D9B9A9896959392908F8D8C8B896F
:10ABA0008887868584838281A0FB006800FB01F290
:10ABB00008EB4208B8EB872807D5341858EB010496
:10ABC000D5D5401C51F10001D1E7341A78EB0104CE
:10ABD000CDD4401E71F10001C9E75FEA4C0C5FEA79
:10ABE0009C5C0DD105D34FF0000001F00041BDE8A1
:10ABF000F081BDE8F04170B5FFF78EFE6DDBFFBE62
:10AC0000BDE8F0414FF00000004970470000F87FB8
:10AC100010B591EA030F48BF83F000433FF530AB16
:10AC2000841A71EB030C07D212198CF0004C43EB21
:10AC30000C03001B61EB0C01DFF8A4E14FEA115497
:10AC4000A4EB135C1EEA430F18BF9EEA445F00F0BA
:10AC5000B08023EA6E03524221EA0451C3EB6E0333
:10AC600038BF5B1EDCF1200E25D322FA0CFE10EB60
:10AC70000E0043FA0CFE41EB0E01CCF1200E03FA5C
:10AC80000EFE10EB0E0051F10001CCF1200E29D484
:10AC900012FA0EF201EB0451BDE8104058BF7047A4
:10ACA000401C1CBFB2F1004F704700280CBF491C6C
:10ACB00020F00100704712EB020E43EB030218BFB5
:10ACC0004FF0010E4EEA4202ACF1200CDCF11E0EF8
:10ACD00054D943FA0CFE10EB0E0051F1FF31CCF1C8
:10ACE0001E0ED5D50EF1010E12FA0EFE404141EBBB
:10ACF000010101EB445C5FEA5C5C10D910EBDE7093
:10AD000001EB045138BFBEF1004FBDE8104018BF41
:10AD1000704700280CBF491C20F00100704730D25A
:10AD20004FEAD42C11F5001124F400641BD0B1FAC1
:10AD300081F20B3AA41AA41ED2F12003914030FAFA
:10AD400003F31943904001EBCC71002C01EB04514B
:10AD5000BDE81040A8BF704701F1C0414FF00000AE
:10AD600001F000417047B0FA80F310FA03F100D10E
:10AD700010BDE41A173C4805C90AE4E701EB045189
:10AD800010BD491001EB0451BDE810404FEA3000FE
:10AD900002E04FF0000170474A0008BF0042F8D0BF
:10ADA000B2F5001F28BF704701F000414FF00000CE
:10ADB00070479EEA445F07D011EA5E0FBDE810407D
:10ADC00004BF002100207047BDE8104070B5FFF7B8
:10ADD000A3FD00BF40DFF63E83F000411046704700
:10ADE0000000E0FF43004FEAD30C4FEA3C0C434025
:10ADF0001FBF40070CF1605113F0FE4F70471CF06D
:10AE0000006F03D100200CF0004170470CF00043AC
:10AE100043EA507010B540EACC0000F062FA00BF7F
:10AE2000000000924FEA0001FFF7C4BD4FF000415F
:10AE30004FF00000A1F500217047000090EA010FDB
:10AE400048BF81F0004100F10A83421A3CBF801ADA
:10AE500089184FEAD0524FF07F4C1CEA410FA2EB09
:10AE6000D15318BF9CEA026F00F03B804FF0004CBA
:10AE70004CEA00204CEA012121FA03FC10EB0C0CF7
:10AE80001ED202F1FF325FEA1C2040EBC25038BFF5
:10AE900070471CF07F0F4FEA400C18BFBCF17F4F8A
:10AEA00038BF7047C3F12003994008BF20F001006C
:10AEB000BCF17F4F38BF7047A0F1C04000F057BAD7
:10AEC0004FEA3C00000A40EBC25028BF1CF0FF0FC5
:10AED0004FEA400CE6D018BFBCF17F4F38BF704737
:10AEE000EAE79CEA026F05D010EA5C0F08BF00F0A9
:10AEF0000040704710B500F0F4F900BF64FBBE3E9F
:10AF0000014800F01CBB00BF0000C07F401058BFCC
:10AF1000C0F14040491058BFC1F140418142EFF3B8
:10AF2000008070474FF47F0C1CEAD0121EBF1CEA51
:10AF3000D11392EA0C0F93EA0C0F00F0858090EA8F
:10AF4000010F48BF42F4807240F4000C41F400004D
:10AF50002CF07F4120F07F4000B58142A2EB03023C
:10AF60000FF2081CACEB504EC0F100009EF800E060
:10AF70004FEA4E0E00FB0EFC38BF49004FEA2C1C76
:10AF800002F5FA020CFB0EF34FEACE1E4FEA112C2B
:10AF90004FEAC1210EEB635E42EB22420EFB0CFC3A
:10AFA0004FEA1C5300FB03114FEA112C4FEA013109
:10AFB0000EFB0CFC4FEADC4C00FB0C11C14228BF1D
:10AFC00009184CEB03335DF804EB10EB410143EB44
:10AFD000C250B2F57C0F38BF704729D512F0F00F80
:10AFE0001CBF00F1C04000F0004070470081828328
:10AFF0008485868788898B8C8D8E8F919293959688
:10B0000097999A9C9D9FA0A2A3A5A7A8AAACAEB011
:10B01000B2B3B5B7B9BCBEC0C2C5C7C9CCCED1D416
:10B02000D7D9DCDFE2E6E9ECF0F3F7FAFE00000046
:10B030004FEA400C0CF1807CBCF17E4F28BF70477A
:10B04000B0F1C04000F093B990EA010F0CEAD113BF
:10B0500048BF42F48072624538BF634507D213F49B
:10B060007F0F16D080EA010000F00040704710B555
:10B0700000F037F9097EFC3E00F005B880EA0100D7
:10B0800000F00040704780EA010000F0004000F04E
:10B090006EB912F47F0F04BF0248704780EA0100C6
:10B0A00000F065B90000C07F41000B0ED3F19E0295
:10B0B00008D950F400034FEA032323FA02F048BFF3
:10B0C0004042704710B500F00CF900BF499224804F
:10B0D000002070476FF0004282EA200070470000B5
:10B0E000C10DD1F19E0206DB4FEA002343F000437D
:10B0F00023FA02F07047004207D54FEA4001B1F150
:10B10000FE4F02D24FF00000704710B500F0E9F892
:10B1100049922480002070476FEA200070470000A9
:10B1200010F0004148BF4042B0FA80F310FA03F239
:10B13000C3F19D030BD051EAC35101EB122053061A
:10B1400038BF704700F1010008BF20F001007047D0
:10B15000B0FA80F310FA03F2C3F19D030AD0D905C7
:10B1600001EB1220530638BF704700F1010008BF01
:10B1700020F001007047000050EA010C00F113803C
:10B180001CF5000F58BFBCF5000F01D48842704772
:10B1900007D710F5000F58BF11F5000F15D48842DE
:10B1A0007047894270471CF5000F04D5BCF5000FAD
:10B1B000F7D5814270474FF0807C1CEB400F38BFC1
:10B1C0001CEB410F01D28142704710B500F089F8A5
:10B1D000922449004FF000504FF08051FFF796BE87
:10B1E0004FF47F0C1CEAD0121EBF1CEAD11392EA66
:10B1F0000C0F93EA0C0F00F0478090EA010F48BF54
:10B2000042F480724FF0004C4CEA00204CEA0121DD
:10B2100002EB0302A0FB0113A2F50002002918BFF4
:10B2200043F001035B0028BF4FEA330342EB2242A5
:10B230005FEA132C4CEBC2502EBFBCEB436FB2F550
:10B240007C0F70474FEA036CBCF1004F08BF20F041
:10B250000100B2F57C0F38BF70470BD582F0FF02BA
:10B2600012F5803FC8BF704700F1C040D8BF00F062
:10B270000040704700F5000C5FEA4C0C48BF704777
:10B28000B0F1C04000F073B890EA010F0CEAD1139E
:10B2900048BF42F48072624538BF634504D280EAF9
:10B2A000010000F00040704710B500F01AF800BF30
:10B2B0008900013E00F007B800F009B85FEA410CD0
:10B2C0005FEA1C6C08D080EA010000F050B85FEA29
:10B2D000400C5FEA1C6CF6D14FF00040A0F58000F6
:10B2E00070470EF1020E2EF0030E5EF8044B24425E
:10B2F00004D44FEA4102B2F17F4F11D84FEA400324
:10B30000B3F17F4F0CD80ED14FEAD07CB2F17F4F12
:10B310000CEB4C0C0CF1020C08BF4CEBD17C04E0A4
:10B320004FF0080C01E04FEAD17C0CEB4C0324FAFF
:10B3300003F404F00704B4F1040C06D20EEB840C01
:10B34000BDE810404CF0010C6047DFE80CF0070846
:10B3500002024FF00040A0F5800010BD08464200F8
:10B3600018BFD2F1807288BF00F0004010BDFF21ED
:10B3700041EAD050C005704751EA000C00F113803B
:10B380001CF5000F58BFBCF5000F01D48142704777
:10B3900007D711F5000F58BF10F5000F15D48142E3
:10B3A0007047894270471CF5000F04D5BCF5000FAB
:10B3B000F7D5884270474FF0807C1CEB410F38BFB7
:10B3C0001CEB400F01D28842704780EA010081EAFD
:10B3D000000180EA0100FFF7F8BE00005FEA400CC0
:10B3E0005FEA1C6CBCF17F0314D4D3F1170240F365
:10B3F0001C804FF0010C0CFA02FCACF1010303407D
:10B40000B3EB5C0220EA030008BF10EA0C0F88BF10
:10B4100060447047B3F1FF3F28BF5FEA002C00F0A3
:10B42000004088BF40F07E507047BCF1FF0FB8BFAE
:10B43000704710B5FFF755FF40DBB6BE80F0004007
:10B4400090EA010F7FF501AD81F0004100F007B8EF
:10B4500090EA010F48BF81F000413FF5F6AC421A77
:10B4600004D882F00042A0EB020011444FEAD0520F
:10B470004FF07F4C1CEA410FA2EBD15318BF9CEA5E
:10B48000026F4AD04FF0004C4CEA00204CEA0121F8
:10B4900021FA03FCB0EB0C0C0FD412F0FE0F36D0E7
:10B4A0005FEA4C001DD5001240EBC25038BF704718
:10B4B0001CF03F0F18BF70470BE0A2F101025FEADA
:10B4C0001C2040EBC25038BF70471CF07F0F18BFE4
:10B4D0007047C3F12003994014BF401E20F00100C3
:10B4E000704780084FEA122308BF7047B0FA80FC0B
:10B4F000A2EB0C02CCF1280C60FA0CF093EA122FAC
:10B5000004BF00EBC25070474FEAC3707047130A84
:10B510005FEADC1008BF7047F6E79CEA026F04D0D0
:10B5200010EA5C0F08BF0020704710B5FFF7D9FE86
:10B5300040DFF63E81F000407047F5F7D5B90CF0DA
:10B540000F03092B08BF082000F07F800A2B0BD0C7
:10B55000082B18BF704708BF1CF0400F0AD04FF0EF
:10B5600000004FF0000170471CF0400F18BF4FF073
:10B57000004070471CF0100F08D020F0704300F01E
:10B580007F4242EAD3014FEA4370704700F06040C7
:10B5900021F07F4242EA000201F07F4040EA7270EF
:10B5A00070474FF0FF0C4CF4E06C1CEA11531CBFC9
:10B5B0009CEA030C9445C2BFDA4201EB025170478A
:10B5C000002B0DD0BCF1000F0FD0002A01F000417C
:10B5D000A4BF41F0E04141F07F614FF000007047AF
:10B5E00001F000414FF00000704750EA01334FF086
:10B5F0009B0C18BF4CF0806C7EF4E2AE70474FF0AD
:10B60000FF0212EAD0521CBF92F0FF038B42C2BF6E
:10B61000D14200EBC1507047002A0AD0002B0BD05A
:10B62000002900F00040A4BF40F0FE4040F40000BC
:10B63000704700F00040704743024FF00B0C18BFFA
:10B640004CF0806C7FF45CAC70471CF4801F11D010
:10B650001CF4E02F03D06FEACC31490070474FF063
:10B660004050EFF3008222F0704242EA000282F37F
:10B67000008870474FF00000704701020203040584
:10B68000060708090A0B0C0D0E0F10100102020329
:10B690000405060708090A0B0C0D0E0F1010000018
:10B6A0000000000000000102030406070809000072
:10B6B0000000010203040000000000000000000080
:10B6C0000000000000003F400000000000000000FB
:10B6D0003000400030004000000009000BC03D0079
:10B6E0000BC03D00090018C024407FE0224031809B
:10B6F0000000180024C01B000D8032400180038030
:10B700001C4027401C8007400040100060000000E3
:10B710000000000000000000000000001F8020402A
:10B7200040200000402020401F8000000000090051
:10B7300006001F80060009000000040004003F808E
:10B740000400040000000010006000000000000081
:10B7500000000400040004000400040000000000D5
:10B7600000400000000000000000002001C00600B2
:10B770003800400000001F802040204020401F80F3
:10B780000000000010403FC000400000000018C052
:10B7900021402240244018400000108020402440D6
:10B7A00024401B80000002000D0011003FC001403A
:10B7B00000003C80244024402440238000001F805F
:10B7C000244024403440038000003000200027C083
:10B7D0003800200000001B802440244024401B80AF
:10B7E00000001C0022C0224022401F8000000000F8
:10B7F000000008400000000000000000000004609D
:10B80000000000000000000004000A001100208079
:10B81000404009000900090009000900000000007B
:10B820004040208011000A0004001800200023403E
:10B830002400180000001F802040274029401F409E
:10B840000000004007C039000F0001C00040204048
:10B850003FC0244024401B8000001F802040204027
:10B8600020403080000020403FC0204020401F800A
:10B87000000020403FC024402E4030C00000204047
:10B880003FC024402E00300000000F0010802040F8
:10B8900022403380020020403FC0040004003FC02B
:10B8A0002040204020403FC0204020400000006059
:10B8B000202020203FC02000200020403FC0244006
:10B8C0000B0030C0204020403FC0204000400040DE
:10B8D00000C03FC03C0003C03C003FC0000020400F
:10B8E0003FC00C4023003FC020001F80204020406C
:10B8F00020401F80000020403FC02440240018004A
:10B9000000001F802140214020E01FA000002040B7
:10B910003FC02440260019C0004018C024402440E5
:10B92000224031800000300020403FC020403000E5
:10B93000000020003F80004000403F8020002000A9
:10B940003E0001C0070038002000380007C03C005E
:10B9500007C038000000204039C0060039C0204030
:10B9600000002000384007C0384020000000304070
:10B9700021C02640384020C00000000000007FE0C9
:10B98000402040200000000070000C0003800040B8
:10B9900000000000402040207FE000000000000088
:10B9A00020004000200000000000001000100010E7
:10B9B0000010001000100000000040000000000017
:10B9C0000000000002800540054003C00040200048
:10B9D0003FC0044004400380000000000380044096
:10B9E00004400640000000000380044024403FC0A3
:10B9F00000400000038005400540034000000000B7
:10BA000004401FC0244024402000000002E00550F4
:10BA100005500650042020403FC00440040003C0ED
:10BA200000400000044027C000400000000000105B
:10BA30000010041027E00000000020403FC001403B
:10BA4000070004C00440204020403FC000400040A8
:10BA5000000007C0040007C0040003C00000044049
:10BA600007C00440040003C00040000003800440FD
:10BA7000044003800000041007F0045004400380D9
:10BA80000000000003800440045007F00010044050
:10BA900007C002400400040000000000064005400A
:10BAA000054004C00000000004001F800440004066
:10BAB0000000040007800040044007C0004004006C
:10BAC000070004C0018006000400060001C0070052
:10BAD00001C006000000044006C0010006C004408A
:10BAE00000000410071004E00180060004000000BC
:10BAF000044005C0064004400000000000000400AF
:10BB00007BE040200000000000000000FFF000008B
:10BB10000000000040207BE0040000000000400026
:10BB200080004000200020004000000000000000D5
:10BB30000000000000000000000000000000000005
:10BB40001FCC000C000000000000000008003000C6
:10BB500060000800300060000000022003FC1E208E
:10BB6000022003FC1E200220000000000E18110419
:10BB70003FFF10840C78000000000F0010840F3885
:10BB800000C0077818840078000000780F8410C483
:10BB900011240E9800E4008400080800680070007A
:10BBA0000000000000000000000000000000000095
:10BBB00007E01818200440020000000040022004A2
:10BBC000181807E000000000000002400240018059
:10BBD0000FF00180024002400000008000800080E1
:10BBE0000FF800800080008000000001000D000EB2
:10BBF0000000000000000000000000000080008045
:10BC0000008000800080008000800000000C000C9C
:10BC10000000000000000000000000000006001806
:10BC200000600180060018002000000007F00808EE
:10BC300010041004080807F00000000008040804BD
:10BC40001FFC000400040000000000000E0C101493
:10BC50001024104411840E0C000000000C18100475
:10BC60001104110412880C700000000000E0032091
:10BC7000042408241FFC0024000000001F981084E6
:10BC800011041104108810700000000007F00888EB
:10BC90001104110418880070000000001C0010003E
:10BCA00010FC13001C001000000000000E381144AE
:10BCB0001084108411440E38000000000700088C26
:10BCC00010441044088807F0000000000000000045
:10BCD000030C030C00000000000000000000000145
:10BCE000010600000000000000000000008001408C
:10BCF0000220041008081004000002200220022084
:10BD00000220022002200220000000001004080887
:10BD10000410022001400080000000000E0012000C
:10BD2000100C106C10800F00000003E00C1813E4DE
:10BD3000142417C4082807D000000004003C03C4E2
:10BD40001C40074000E4001C000410041FFC110408
:10BD5000110411040E880070000003E00C18100498
:10BD60001004100410081C10000010041FFC100424
:10BD700010041004080807F0000010041FFC110450
:10BD8000110417C410040818000010041FFC11044B
:10BD9000110017C010000800000003E00C18100488
:10BDA000100410441C780040000010041FFC108494
:10BDB0000080008010841FFC100400001004100498
:10BDC0001FFC10041004000000000003000110011B
:10BDD00010011FFE10001000000010041FFC1104D1
:10BDE00003801464181C1004000010041FFC1004CD
:10BDF000000400040004000C000010041FFC1F00DD
:10BE000000FC1F001FFC1004000010041FFC0C04A9
:10BE1000030000E010181FFC100007F008081004D1
:10BE200010041004080807F0000010041FFC108420
:10BE30001080108010800F00000007F008181024F8
:10BE40001024101C080A07F2000010041FFC110443
:10BE5000110011C011300E0C000400000E1C110462
:10BE60001084108410441C380000180010001004C6
:10BE70001FFC100410001800000010001FF8100430
:10BE80000004000410041FF8100010001E0011E050
:10BE9000001C007013801C0010001FC0103C00E04C
:10BEA0001F0000E0103C1FC000001004180C1634E6
:10BEB00001C001C01634180C100410001C0013043B
:10BEC00000FC13041C00100000000804101C106487
:10BED000108413041C04101800000000000000006F
:10BEE0007FFE4002400240020000000030000C00D3
:10BEF00003800060001C00030000000040024002BC
:10BF000040027FFE00000000000000000000200052
:10BF1000400040004000200000000001000100013E
:10BF2000000100010001000100010000400040008C
:10BF30002000000000000000000000000098012424
:10BF400001440144014400FC000410001FFC00886F
:10BF500001040104008800700000000000700088E7
:10BF60000104010401040088000000000070008842
:10BF70000104010411081FFC0004000000F8014442
:10BF800001440144014400C8000000000104010410
:10BF90000FFC1104110411001800000000D6012943
:10BFA0000129012901C90106000010041FFC0084B9
:10BFB00001000100010400FC000400000104190458
:10BFC00019FC000400040000000000000003000150
:10BFD0000101190119FE0000000010041FFC0024DB
:10BFE000004001B4010C0104000000001004100422
:10BFF0001FFC0004000400000000010401FC010417
:10C00000010001FC0104010000FC010401FC0084AA
:10C0100001000100010400FC0004000000F801041C
:10C0200001040104010400F80000010101FF008582
:10C030000104010400880070000000000070008806
:10C0400001040104010501FF00010104010401FCD8
:10C0500000840104010001800000000000CC0124E4
:10C0600001240124012401980000000001000100C6
:10C0700007F80104010400000000010001F80004B9
:10C0800000040004010801FC0004010001800170AB
:10C09000000C001001600180010001F0010C003073
:10C0A00001C00030010C01F0010000000104018C0E
:10C0B00000740170018C0104000001010181017113
:10C0C000000E001801600180010000000184010CD5
:10C0D000013401440184010C000000000000000054
:10C0E000000001003EFC4002400200000000000091
:10C0F0000000FFFF000000000000000040024002BE
:10C100003EFC010000000000000000006000800014
:10C1100080004000400020002000680000047600FD
:10C120005401F7FD000175191A0C6A231B1C1F200E
:10C130007274433B4138393A6B6C376F06246D6E2D
:10C1400070000000830000000008000000010018DB
:10C1500032000500000020410000D242295C0F3E61
:10C160009A99993E3333733F295C0F3E000070006B
:10C1700000000024000000020003000000650054DD
:10C18000FFEF0000FA80000B12820001030C30C3A5
:10C190000E8C8CE914D5400213710F8E3883F8830E
:10C1A0003000F883258EF8833000F883FFFFFFFF0F
:10C1B0000FFEA9D6240004001A8279A10000003CD9
:10C1C000FFFF00000010000038836FA2003E033024
:10C1D0004000000002CAE3093E8000002000000089
:10C1E000000000004000000060000000000C0000A3
:10C1F000000C186E000006920A16C0DFFFFF025600
:10C20000FD8CD377FFE1C496E0C5BEAA0000000014
:10C21000FFFF0B2B000016570000035940000000E1
:10C2200000001DFA00026C1D000000003FFFDFEB64
:10C23000003EB3B6000D227800002F3C0000000045
:10C24000001942B5000039A20000B365D90E9FC99C
:10C250001DCF4C3430000000500000003BB67AE89F
:10C260000064000000C80000000000001000000092
:10C270001000FA921000225E000D229F00010000C3
:10C2800000320000FF46000063D4000010000000F0
:10C2900004D6000004CC000004CC000000001072A2
:10C2A0000000004000000000000000000006000246
:10C2B000000500070000000000640000000000000E
:10C2C00000000005000500640020000000000000E0
:10C2D00000000000000040000000030000000032E9
:10C2E000F8980000FF650000830F0000FF9BFC0032
:10C2F000000000000000000000000000000000003E
:10C30000000000000000000000000000000000002D
:10C3100000000000000000000000100040000000CD
:10C32000000000060000B26A000200000001FB836A
:10C330000068000000D9FC007CF1FF8300000000D1
:10C3400000650000006403E8006400280000002588
:10C350000000000016A00000000010000000100007
:10C36000002F0000000001F4000010000028000071
:10C37000FFFF4581FFFFFA7200000000000000008F
:10C38000004400050005BAC6004778A2000000017D
:10C390000000000000000600000000140000254D11
:10C3A000002F706D000005AE000C02D000000000F0
:10C3B000000000000000000000000000001B000062
:10C3C0000000000000000000000000000064000009
:10C3D0000008000000000000000000000000000055
:10C3E000000000000000000000000000000000004D
:10C3F000000000000000000000000000000000003D
:10C40000000000000000000000000000000000002C
:10C41000000000000000000000000000000000001C
:10C42000000000000000000000000000001B0000F1
:10C430000000000000000000000E000E00000AC70F
:10C440000004000000000032FFFFFF9C00000B2BE7
:10C45000000000020000000100000064FFE5000091
:10C4600000000000000000000000000000000001CB
:10C47000000000000001000000000000000180003A
:10C480000001800000018000002426D3000000008D
:10C4900000000000000600100096003C00000000B4
:10C4A0000000000000000000000000000C0A4E68C0
:10C4B000CDCF770950166759C619CE82000000000B
:10C4C000000000000000000000000000000000006C
:10C4D0000000000017D784000300000000000000E7
:10C4E00000000000C7938F9D1E1B1C190000000058
:10C4F000000000000000000000000000000000003C
:10C500000000000002031885000040000000000346
:10C5100000000003000000000000000040000000D8
:10C52000000000000000000000000000000000000B
:10C5300000000000000000000000000000000000FB
:10C5400000000000000000000000000000000000EB
:10C55000677DDF7E72902E554CF6E6880000000065
:10C56000000000000000000000000000D8DCB4B8AB
:10C57000B0D8B9ABF3F8FAB3B7BB8E9EAEF132F5D3
:10C580001BF1B4B8B08097F1A9DFDFDFAADFDFDFEE
:10C59000F2AAC5CDC7A90CC92C97F1A98926466670
:10C5A000B28999A92D557DB0B08AA896365676F1F4
:10C5B000BAA3B4B280C0B8A89711B28398BAA3F056
:10C5C000240844106418B2B9B49883F1A329557DA6
:10C5D000BAB5B1A38393F0002850F5B2B6AA8393FD
:10C5E00028547CF1B9A3829361BAA2DADEDFDB8141
:10C5F0009AB9AEF5606870F1DABAA2DFD9BAA2FAD8
:10C60000B9A38292DB31BAA2D9BAA2F8DF85A4D04D
:10C61000C1BBAD83C2C5C7B8A2DFDFDFBAA0DFDF11
:10C62000DFD8D8F1B8AAB38DB4980D355DB2B6BADB
:10C63000AF8C96198F9FA70E161EB49AB8AA872C96
:10C64000547CBAA4B08AB691325676B28494A4C807
:10C6500008CDD8B8B4B0F19982A82D557D98A80E10
:10C66000161EA22C547C92A4F02C5078F184A89829
:10C67000C4CDFCD80DDBA8FC2DF3D9BAA6F8DABAE4
:10C68000A6DED8BAB2B68696A6D0F3C841DAA6C856
:10C69000F8D8B0B4B882A892F52C548898F135D95E
:10C6A000F418D8F1A2D0F8F9A884D9C7DFF8F88334
:10C6B000C5DADF69DF83C1D8F40114F1A8824EA87E
:10C6C00084F311D182F5D992289788F109F41C1CC2
:10C6D000D884A8F3C0F9D1D99782F129F40DD8F301
:10C6E000F9F9D1D982F4C203D8DEDF1AD8F1A2FA5F
:10C6F000F9A88498D9C7DFF8F8F883C7DADF69DFCB
:10C70000F883C3D8F40114F198A8822EA884F311F9
:10C71000D182F5D992509788F109F41CD884A8F3F6
:10C72000C0F8F9D1D99782F149F40DD8F3F9F9D1CC
:10C73000D982F4C403D8DEDFD8F1AD8898CCA8093B
:10C74000F9D98292A8F57CF1883ACF944A6E98DBA9
:10C750006931DAADF2DEF9D88795A8F221D1DAA5F0
:10C76000F9F417D9F1AE8ED0C0C3AE82C684C3A887
:10C770008595C8A588F2C0F1F4010EF18E9EA8C679
:10C780003E56F554F18872F40115F19845856EF521
:10C790008E9E0488F142985A8E9E068869F4011C88
:10C7A000F1981E1108D0F504F11E97020298362563
:10C7B000DBF9D985A5F3C1DA85A5F3DFD88595A87E
:10C7C000F309DAA5FAD88292A8F578F1881A849F3D
:10C7D00026889821DAF41DF3D8879F39D1AFD9DFA5
:10C7E000DFFBF9F40CF3D8FAD0F8DAF9F9D0DFD995
:10C7F000F9D8F40BD8F3879F39D1AFD9DFDFF41D17
:10C80000F3D8FAFCA869F9F9AFD0DADEFAD9F88FD3
:10C810009FA8F1CCF398DB45D9AFDFD0F8D8F18FE2
:10C820009FA8CAF38809DAAF8FCBF8D8F2AD978DFD
:10C830000CD9A5DFF9BAA6F3FAF412F2D8950DD106
:10C84000D9BAA6F3FADAA5F2C1BAA6F3DFD8F1BADB
:10C85000B2B68696A6D0CAF349DAA6CBF8D8B0B459
:10C86000B8D8AD84F2C0DFF18FCBC3A8B2B686963C
:10C87000C8C1CBC3F3B0B48898A821DB718D9D717A
:10C88000859521D9ADF2FAD88597A828D9F408D88A
:10C89000F28D29DAF405D9F285A4C2F2D8A88D94D4
:10C8A00001D1D9F411F2D88721D8F40AD8F28498AA
:10C8B000A8C801D1D9F411D8F3A4C8BBAFD0F2DE17
:10C8C000F8F8F8F8F8F8F8F8D8F1B8F6B5B9B08A89
:10C8D00095A3DE3CA3D9F8D85CA3D9F8D87CA3D91A
:10C8E000F8D8F8F9D1A5D9DFDAFAD8B18530F7D977
:10C8F000DED8F830ADDADED8F2B48C99A32D557DB0
:10C90000A083DFDFDFB591A0F629D9FBD8A0FC29F1
:10C91000D9FAD8A0D051D9F8D8FC51D9F9D879D9B9
:10C92000FBD8A0D0FC79D9FAD8A1F9F9F9F9F9A086
:10C93000DADFDFDFD8A1F8F8F8F8F8ACDEF8ADDE22
:10C940008393AC2C547CF1A8DFDFDFF69D2CDAA0BA
:10C95000DFD9FADB2DF8D8A850DAA0D0DED9D0F88C
:10C96000F8F8DB55F8D8A878DAA0D0DFD9D0FAF8F3
:10C97000F8F8F8DB7DF8D89CA88CF530DB38D9D0F6
:10C98000DEDFA0D0DEDFD8A848DB58D9DFD0DEA0BC
:10C99000DFD0DED8A868DB70D9DFDFA0DFDFD8F119
:10C9A000A888902C547C98A8D05C38D1DAF2AE8C50
:10C9B000DFF9D8B087A8C1C1B188A8C6F9F9DA36BD
:10C9C000D8A8F9DA36D8A8F9DA36D8A8F9DA36D8F4
:10C9D000A8F9DA36D8F78D9DADF818DAF2AEDFD8BF
:10C9E000F7ADFA30D9A4DEF9D8F2AEDEFAF983A7B2
:10C9F000D9C3C5C7F1889BA77AADF7DEDFA4F88459
:10CA00009408A797F300AEF29819A488C6A3948857
:10CA1000F632DFF28393DB09D9F2AADFD8D8AEF879
:10CA2000F9D1DAF3A4DEA7F1889B7AD8F38494AE27
:10CA300019F9DAAAF1DFD8A881C0C3C5C7A39283C8
:10CA4000F628ADDED9F8D8A350ADD9F8D8A378AD83
:10CA5000D9F8D8F8F9D1A1DADEC3C5C7D8A1819435
:10CA6000F818F2B089ACC3C5C7F1D8B8B4B097868E
:10CA7000A8319B069907AB9728889BF00C2014409F
:10CA8000B0B4B8F0A88A9A285078B79BA8295179F1
:10CA9000247059446938644831F1BBAB88002C5488
:10CAA0007CF0B38BB8A804285078F1B088B49726EE
:10CAB000A85998BBABB38B02264666B0B8F08A9CE7
:10CAC000A82951798B2951798A2470598B20587162
:10CAD0008A4469388B3940688A6448318B304960B0
:10CAE00088F1AC002C547CF08CA804285078F18894
:10CAF0009726A85998AC8C02264666F0899CA829EE
:10CB00005179247059446938644831A988092059F9
:10CB100070AB11384069A8193148608CA83C415C61
:10CB2000207C00F187981986A86E767EA999882DB9
:10CB3000557DD8B1B5B9A3DFDFDFAED0DFAAD0DE37
:10CB4000F2ABF8F9D9B087C4AAF1DFDFBBAFDFDF02
:10CB5000B9D8B1F1A3978E60DFB084F2C8F8F9D9E3
:10CB6000DED89385F14AB183A308B5839A0810B73C
:10CB70009F10D8F1B0BAAEB08AC2B2B68E9EF1FBA9
:10CB8000D9F41DD8F9D90CF1D8F8F8AD61D9AEFBBC
:10CB9000D8F40CF1D8F8F8AD19D9AEFBDFD8F416FB
:10CBA000F1D8F8AD8D61D9F4F4ACF59C9C8DDF2BF8
:10CBB000BAB6AEFAF8F40BD8F1AED0F8AD51DAAEA1
:10CBC000FAF8F1D8B9B1B6A3839C08B9B1839AB584
:10CBD000AAC0FD3083B79F10B58B93F20202D1AB90
:10CBE000DADED8F1B080BAABC0C3B284C1C3D8B169
:10CBF000B9F38BA391B609B4D9ABDEB0879CB9A3C6
:10CC0000DDF1B38B8B8B8B8BB087A3A3A3A3B28BEC
:10CC1000B69BF2A3A3A3A3A3A3A3A3A3A3F1B0874B
:10CC2000B59AA3F39BA3A3DCBAACDFB9A3A3A3A3D8
:10CC3000A3A3A3A3A3A3A3A3A3A3A3A3D8D8D8BB0D
:10CC4000B3B7F1AAF9DAFFD9809AAA28B48098A7D5
:10CC500020B79787A86688F07951F1902C870CA7A8
:10CC600081976293F071716085940129517990A543
:10CC7000F1284C6C870C95188578A38390284C6C10
:10CC8000886CD8F3A28200F210A8921980A2F2D97F
:10CC900026D8F188A84DD948D896A83980D93CD84B
:10CCA0009580A839A68698D92CDA87A72CD8A88988
:10CCB0009519A980D938D8A88939A980DA3CD8A88B
:10CCC0002EA83990D90CD8A8953198D90CD8A80994
:10CCD000D9FFD801DAFFD89539A9DA26FFD890A86C
:10CCE0000D8999A810809821DA2ED88999A83180C9
:10CCF000DA2ED8A886963180DA2ED8A8873180DA45
:10CD00002ED8A88292F34180F1D92ED8A882F319A7
:10CD100080F1D92ED882ACF3C0A28022F1A62EA732
:10CD20002EA92298A829DAACDEFFD8A2F22AF1A90E
:10CD30002E8292A8F23180A696F1D900AC8C9C0C80
:10CD400030ACDED0DEFFD88C9CACD010ACDE809254
:10CD5000A2F24C82A8F1CAF235F19688A6D900D881
:10CD6000F1FF00000944B9BBAB7E863EAB980CBF17
:10CD7000814F2E3EC3E8153D7CCE9F3F41EA28BE41
:10CD800064CA23C02C3B75BFFE8EB73C6C9222BE9A
:10CD9000EA84A83EBC6D91BEE0F55ABF52ED7E3EDE
:10CDA00034EA3E4056050C3F163FB23B3A30B3BD25
:10CDB000F8F909BEF51A033E6AA2AD3F5B411ABEFF
:10CDC000BF1C48C0925732BF8E40233E465159BEC9
:10CDD000058BFABE3553153ECF52004071868BBD90
:10CDE000C2568AC038EC30BF9998FBBE820C02BE96
:10CDF0004C29AA3E89B38E3E09638C3EEB6D53BE2F
:10CE0000EB2228C0B22CE0BE5E5CF23C9736553E69
:10CE1000FE7D99BE330C56BE79BFBF3F57F5BFBEEE
:10CE2000D277E13E3B9937BF3B64A8BED122103E8A
:10CE30002129B93E50550F3D6D03303F305B76BD23
:10CE40002DA9E6BF7561C9BD3C2368BEB0015F3E38
:10CE5000F9D598BE024DE7BD929F00BD3BB9E1BE3A
:10CE6000DAEFFFBF22C8C8BD61E1A1BE2F36433E45
:10CE700071AD163E1332F5BB6702A63FC34F9BBB95
:10CE8000E7AFE0BF89E688BF3958C33DF6C28FBE21
:10CE90008B4134BE9B9B423E61499C3EDEE1D2BD4C
:10CEA000E90E10C00DE5D3BE3C471B3D8A095C3D31
:10CEB00063A311BD1AEA653DA59B86BF7F01863D30
:10CEC00004B662409166E03EC62FB1BE77BB8FBE0E
:10CED000F449C23EAF0EC2BE956AE03E475C95BDC6
:10CEE000D97810C0294F67BF75FF803EFB42A33E33
:10CEF000208A1E3EC12260BD5F2A613F461BE03D85
:10CF00009A1D1FC0107F61BF4CEEAC3D234A60BC30
:10CF1000F285FB3C2B870D3F60EB8B3FDEA4993BFA
:10CF200023F34AC0A1DD52BF2870B5BE7B72C2BEDA
:10CF3000BE89433D606126BE3058E53E2BB5ABBE91
:10CF4000B0583EC0C90382BEFE70DE3D2C04E2BC78
:10CF5000D00B0CBE76FD703E6D834A3F405C7F3E39
:10CF60000F7823C0CAD1ABBECC5C99BEAA27C6BC81
:10CF700093348D3D8B8DA2BCEC79A83F1BB4583EF9
:10CF80004CB13BC0183241BFD325BB3E5AF3D53D0F
:10CF90001F13AABE66C66BBE836C253F05B5AFBD29
:10CFA00027561EC0F90C2DBEC355C8BD70234CBCFE
:10CFB0000723BD3D4F30D63E91CD383ED7221ABE15
:10CFC000E9E4054075B3363E831BD2BDAA8CBF3E53
:10CFD00057AA1D3D063B233E62FC87BE36A91B3E79
:10CFE00066F500401F657F3D3BDA783EFEFF253C3D
:10CFF000195298BEF8710EBFC74AF43F067C40BA7A
:10D00000C47E3CC0001D6BBF546D00BED2A8813DE4
:10D010000AF7FD3D771A81BDEBE5B13F7E840E3EF8
:10D020005DCC45C05591A73C83E8B23D21A39BBE92
:10D0300055AB8FBD6A62BA3E152D3CBF940E67BEDC
:10D04000DDDBFC3FC1648B3EA8EE293E5F3DB23E76
:10D05000D444063EEF37913CF607C63EBCECB7BD64
:10D06000B8F601C0E6B424BDCFE9E9BED48D943D45
:10D070008F97A3BC212C77BEE68B13BF9AC481BEC9
:10D08000D8D90440DE44AD3ED0B3013E7EEA11BFA4
:10D09000A987D43E7ECDC8BEFB74EDBE6A7870BE53
:10D0A00024DB2D4049C7EE3EF737E93EBC97A1BDD2
:10D0B00081A7D53DF0B0223ECF60CFBE1F56113EB6
:10D0C0005271164013FA0B3FC2D2E7BD122187BE40
:10D0D00024E81F3ED78FC73D619AA3BF4C094C3F40
:10D0E000F94B3040FD2C5F3FDB7F75BE7F0A06BFEA
:10D0F000B52CBCBDAAA2FC3D43FF56BF10FAA93E09
:10D10000EFCB21403A87213F7F30A8BD2B6C0E3EEC
:10D11000E60F093EAED506BE6CE342BF094592BD9F
:10D1200080193D40A7BC0F3FC0B1043E7C9DA43D8B
:10D13000692F01BF835DA2BEB05B89BFCA4C2D3D84
:10D140007E853440AB873B3FC9798E3E09D154BEC2
:10D1500056DB8C3EFA46A4BEA8D8A63DC4AA05BD9F
:10D16000FAB717C0911FCE3D88DA853C41F81ABD49
:10D17000DF40013D3CA84E3D0581113D8564813D68
:10D1800069E65D3C9709BF3C878129BA3E01FD3CB9
:10D19000C0F57A3C1635D33C856B833D1C209C3D05
:10D1A000735B353D0F77E13CAB0F223D5263BF3CD3
:10D1B0005B8BF33B1D3E8FBCE5D62F3D629ACE3B89
:10D1C000426DCFBB9944603D7A36F2BC5BE105BD50
:10D1D0002FEBB03CDF53D5BD9BF7A5BDA4F065BDDB
:10D1E0007889DEBBA1A3E0BC6189CE3EB79F29BF91
:10D1F0003484193F9474853EA4ED9C3E2D162EBEBA
:10D200002549473FE8AC123F6D43763E312753BE78
:10D21000EEAD3DBF5917543FA06A3A3F802EED3E18
:10D220004E73DA3D73CF1B3F58AFF83E02D8A73E8E
:10D23000D5F50DBE208189BE11F9103E1656183F56
:10D2400056DBE5BEC41C463F1AD48A3D79F031BF97
:10D25000F3D89ABE9BF1BABE2BA515BFBCA66ABF78
:10D26000DD4DB1BC18DC003FB4052E3F5BEB1ABFAF
:10D27000107C803E9FD8EC3E8E7B6E3FAA141ABE77
:10D2800052DC4E3F7A790B3F7C53F5BC1ECC5D3EA1
:10D290000AE1F9BDEC44DC3E5BEA413F3583483F9F
:10D2A000C4CDDA3EDDFC433FD923983E54B1B03EB5
:10D2B000E79D3DBF6B4AF5BEEAEF2F3F2453643F25
:10D2C000479B61BF3B9EE43E682F02BFA5409CBECA
:10D2D000643020BF8B06A0BF4C5963BE7D4979BF27
:10D2E000918341BF66BB5E3F2B24633CAE41F73E5A
:10D2F000B0F318BE3B122FBF27B105BF7159A6BEB0
:10D3000005C381BEA42A723EEE846DBF98AACEBD2D
:10D310003C2F843ECD479EBE31C367BE29638FBE7E
:10D32000B8153C3D8345F83DE05C31BF3A1F643E93
:10D33000446FE3BE8C5C7BBE7E400EBF06195E3D33
:10D34000837493BD4AE40F3F6E8605BE595DC93DA7
:10D35000432A1FBCFE47B33D1EEA023F7963DCBC93
:10D36000F98311BEF889B23ED092503F2EAF03BF71
:10D370005E3E883F5829BF3C2E8A583FFAAAE0BE3D
:10D38000CF55D13EFFFE6C3E0271143FE69B423EFC
:10D3900031459B3D75A7693F9222103F9B1FF03E90
:10D3A000EF70883F0629513F8F134E3F9A565B3EE0
:10D3B00010243CBEE29773BF00BCF03CA3C3393FCE
:10D3C000DCD549BE928D553DA7B806BE7DC00FBFC6
:10D3D000425FDCBEE2C08CBE3163C6BEC18258BFB4
:10D3E0002BACDFBE9CF53B3FCE251B3FFB015FBE58
:10D3F0008EB9343FFFE16F3EB03662BD3EC86D3F2F
:10D400001DE393BE7C4B69BEC18F913F1118393D1E
:10D410003CD658BE87D1813E28664E3EBC7D38BD85
:10D42000D2B4303DD062113FE121343FCCB30FBEC6
:10D430004F98BB3E767A483F99DDF33E4186963E53
:10D44000B44BAEBCF8B06A3D580C463E1F07E0BD79
:10D45000F30C803E499627BF32ED65BEE95E8FBE74
:10D46000FC82FBBEB2A736BFF56D10BF555F553FBE
:10D47000563299BFF49E24BF35BA4FBFE3F5C63E7E
:10D480004F6FA3BF2D1E51BF1436C7BE6F2762BF9B
:10D49000AD93293F956E25BFA1FB1DBF5A0ED0BE8F
:10D4A0007C9DD2BE686DA3BF732886BF571E95BFF3
:10D4B00063AF3E3FB713613FFAD652BFE69E04BF4B
:10D4C0004A55153F344ECCBE5EB7733F5895E13E8A
:10D4D00068D2F13E2C7E823FF992B23E85B98C3FF4
:10D4E00079FA4B3FFD6730BF4CDEBE3E37C356BEB8
:10D4F0009A1723BD5FE60DBFD93D853EAC0D19BF20
:10D500009FC53E3F39E48C3E296AB7BD8686AD3E55
:10D51000DD8D0F3EC24A083E756C2C3FD549A13EB9
:10D520005FA5193FA4AE7B3E4BEB363E3F143F3F19
:10D530007436ADBE3621F9BD22AF283E01FF913EC3
:10D5400069CB1C3E050D3E3F0A1E88BE517E73BC52
:10D5500046ECF1BDC3767DBE4283D8BDC1AC68BE8A
:10D56000C5FAD33C33D92A3F3803573EED52FDBEAE
:10D5700064BE123F3086B23FBEB20B3E51D3813EF5
:10D580006E50E5BDA941833E098C353F23CC2B3F2E
:10D59000F7F183BF1E2D4D3E15CC213F3F57423F33
:10D5A00040C67F3FEE7FD73E52A3763FBC49743ED4
:10D5B0009A5783BB94D502BEE336E23E37D8023F8A
:10D5C000A70C70BEB2EFFC3E967DB1BEE449EDBD46
:10D5D0004ECCD4BEA03B36BED3F7C9BE22753EBFEB
:10D5E000A20FA9BD3037A63EAF0C1F3F668219BF00
:10D5F0009AA0323FEAE8813FA88631BEC7F0D13E0B
:10D600007BF7E8BE04108ABE49C09A3FB001783F5C
:10D61000128A80BF6AE92C3FEE08143E44B6253ECC
:10D62000C6568DBDC899093E743B2D3FA84C8EBD92
:10D630008DBEA43D74944EBE03C3413E093E453F9A
:10D64000702D8C3E90B43D3D77448A3E0A4CAABE74
:10D650005CE2C23E1DF439BF32BBD8BE82C008BFF7
:10D660002C61A1BEBE741FBEE3736CBF06AD813FCB
:10D67000728189BFE01C63BFD21D0BBF230AB9BCF6
:10D68000A79E05BFC14C50BF597C86BDE0FBC8BEFC
:10D690002A20393E0A7103BF5DE504BFC3D3A4BE8F
:10D6A000EF6607BFF03000BF621841BF11D838BE27
:10D6B0001AFF303ED41F113F65D302BF184113BF7C
:10D6C000BACBDD3E0E9630BF34500E3F5192A43E91
:10D6D0003E3F0B3F9982EF3E8C970CBE4F88223F16
:10D6E00044260E3F3E1445BF5B3574BE32C5EF3E47
:10D6F0003C3370BF716B5FBE558B11BF852966BE11
:10D700007ED0B7BE20C1C4BE044991BD473535BFE8
:10D71000AF4CA13E8A92FABE24B17DBEF22E94BED9
:10D72000951410BFEA88EABC736B1DBFCBCDB2BEA7
:10D730000B8D643FDFB2973D223FB3BE740D90BEA8
:10D7400027F7203FAA7D0DBF3BC3693EB8FF693F65
:10D75000B845463F232A373FEB54123FB4B9953EB4
:10D76000D1CE523E27B81FBF337525BFAB51C13E46
:10D77000D10614BF95ECF2BE03F7CB3E2DA542BFF8
:10D780002E36BE3E39B9D93EBE9F7DBF551DEBBE7C
:10D7900092B5F23E5DEA11BDCB0508BE9DB91ABF38
:10D7A00049FE443DFC0235BE70F7B13E32F038BE52
:10D7B0002A4E58BF6C33A5BE25232CBF1FC60EBEF4
:10D7C000D737433DE322B33EAF0847BE9841973E6B
:10D7D0000D39AD3E376D913E5557EB3C3EBC003E9A
:10D7E00056DCAC3C52D8393FC0049E3FA4E0CABFCF
:10D7F000E217AC3F7E81DB3E6E8D853FE984143CB1
:10D8000008D8093FF4F8FB3E6DB1093F5E23A63E00
:10D81000A3B667BF596B063FBFEB633F42DA0F3FCA
:10D82000F3F1503F76DB4B3F8C1A7B3F4F2F4F3F3E
:10D830003D5D8CBF96980ABFBB729E3E809F903F15
:10D8400016F262BF59DF843EC4CD33BF210EE2BE63
:10D85000858C08BF5DB637BF8E2BD2BE640FA1BFCB
:10D86000DF17B6BE109A993F585581BF94DD863FA9
:10D87000244978BF685C10BFEF0330BFB999BF3E41
:10D8800088A2A5BFD53C04BFC77D093E62BAB8BE19
:10D890009DB43D3F8F5D84BE2D3434BF570020BF03
:10D8A00032387DBFEE1F2DBFACC637BF9AE76BBFC6
:10D8B0005F25903F61F4713F9A67B7BE14113CBF7A
:10D8C0009399633F0AAA14BF04A0433F09CCCD3EFD
:10D8D000AF4A0A3F23F9043FCB27443F2B8C893FB3
:10D8E0005738973F19BB36BE3AD8963DC31ECCBEBB
:10D8F0004E2BC53D2E41DF3E2CF6DCBE0AB1B63EB6
:10D9000050F0B2BE9E9EFFBE6349543F6334093E51
:10D910008D410FBFB9A06C3FA04A213E356C483EF7
:10D920005338FEBDE8E8913D38FC843EFD4AC83DD1
:10D93000616D283EC7AF223DEA05003F55539E3E2C
:10D94000D8709BBEC4F5A13DA47F1BBE15FFD83D7A
:10D95000A6AD823EDEF4F1BD277D17BE9AFED73E0E
:10D96000841F1CBFFAA789BE9278953F556A0FC0E5
:10D970009F431A405393953FB765AD3F79C0D4BEDE
:10D98000FE9E9E3F5067863F6FDD093CE0960F3F4D
:10D9900095F000C09D53833F4C5C5C3F9AB5BF3E01
:10D9A00070CFFC3FB365DC3FCFFDB23F6DD7333F57
:10D9B00002928ABF79E8A7BFA7CD6E3F6A42344082
:10D9C000F86313BFA9E64D3FD3AA95BF7DBFC9BF7A
:10D9D0004E557EBF92FB91BF92287DBF3785ACBF6D
:10D9E000EC8600BFC9B60240F698F03D93B56A3D9B
:10D9F0005018373CC9349D3D8530673DD9393EBD0F
:10DA00009E5A1D3DF182173D632CED3DA80581BC5A
:10DA1000EA70B6BD5694B2BDF49D823D7DE1AFBDC6
:10DA2000E3529C3C6BE654BCFB5E85BDB8D6083E19
:10DA3000FCF4A33D563942BE6C32843EB9045DBE4F
:10DA4000F2938D3DBC3FBFBE87E5FFBED0DB9D3C62
:10DA500031020D3E78BD06BEDAA8A43E3EA25CBEF1
:10DA60004D7EB83DD0E07D3F17B7D13817B7D138DC
:10DA70000AD7A33B000000000000803F0000000028
:10DA80000000803F000000000AD7A33B0000000018
:10DA90000000803F000000000000803F0000000008
:10DAA0000000803F00000000000000000000803FF8
:10DAB0000000803F0AD7A3BB000000000000803FA9
:10DAC000FFE6DB2E0000000000000000FFE6DB2E7A
:10DAD0000000803F000000000AD7A3BB0000803F89
:10DAE0000000803F00000000000000000000803FB8
:10DAF0000000803F0AD7A3BB000000000000803F69
:10DB0000FFE6DB2E0000000000000000FFE6DB2E39
:10DB10000000803F000000000AD7A3BB0000803F48
:10DB2000555555555555C53F7D6FEB0312D6D4BF9E
:10DB30005544880E55C1C93F3B8F68B52882A4BFA4
:10DB400088B20175E0EF493F09F7FD0DE13D023F65
:10DB50004B2D8A1C273A03C0C88A599CE52A0040ED
:10DB600059018D1B6C06E6BF82922EB1C5B8B33F3A
:10DB7000000000000000F03F000000000000F83F3F
:10DB800000000000000000000000004003B8E23F79
:10DB9000000000000000000006D0CF43EBFD4C3E2B
:10DBA000033333333333E33FFFAB6FDBB66DDB3F20
:10DBB0004D268F515555D53F01411DA96074D13F68
:10DBC00065DBC9934A86CD3FEF4E454A287ECA3F62
:10DBD0003E5555555555C53F93BDBE166CC166BFE4
:10DBE0002CDE25AF6A56113FF16BD2C541BDBBBEDD
:10DBF000D0A4BE726937663E4FBB610567ACDD3F9E
:10DC0000182D4454FB21E93F9BF681D20B73EF3F63
:10DC1000182D4454FB21F93FE2652F227F2B7A3CDB
:10DC2000075C143326A6813CBDCBF07A8807703C94
:10DC3000075C143326A6913CC4EB98999999C9BF07
:10DC4000711623FEC671BCBF6D9A74AFF2B0B3BF3C
:10DC50009AFDDE522DDEADBF2F6C6A2C44B4A2BFFC
:10DC60000D5555555555D53FFF8300922449C23F68
:10DC70006E204CC5CD45B73F513DD0A0660DB13F9C
:10DC8000EB0D76244B7BA93F11DA22E33AAD903FAE
:10DC90000000803F0030983F0000B53F0040D73F74
:10DCA00000000000320A7E397F661E395B991F39F9
:10DCB0000000803FF037983FF304B53FFD44D73F65
:10DCC000000000000000000002400000000000A072
:10DCD0000000000005400000000000C80000000037
:10DCE0000C4000000000409C0000000019400000B3
:10DCF0000020BCBE0000000034400000BFC91B8EE5
:10DD000000000004B5400000504BCFD06607E2CFC2
:10DD1000010000006C4100003E8251AADFEEA734F2
:10DD200001000000D9420000DCB5A0E23A301F97A4
:10DD3000FFFFFFFFB4450000FD25A0C8E9A3C14FC8
:10DD4000FFFFFFFFFF3F0000000000800000000019
:10DD5000FF3F0000000000800000000050726F6470
:10DD600075637420494420726561642061732030BA
:10DD700020696E64696361746573206465766963A4
:10DD8000652069732065697468657220696E636FC8
:10DD90006D70617469626C65206F7220616E204DD8
:10DDA0005055333035302E0D0A0000002B434F4EB6
:10DDB0004E454354494E473C3C30303A30303A307F
:10DDC000303A30303A30303A30300D0A000000003E
:10DDD0002B434F4E4E45435445440D0A000000006E
:10DDE0002B5041495241424C450D0A002B444953A6
:10DDF000433A535543434553530D0A002B52454173
:10DE000044590D0A000000007B252E33663A252E6A
:10DE100033663A252E33663A252E33663A252E335D
:10DE2000663A252E33663A252E33663A252E33661A
:10DE30003A252E33663A252E33663A252E33663A36
:10DE4000252E33663A252E33667D0D0A000000002C
:10DE50008CDE000800000020340300006C01000884
:10DE600010DF0008340300200C290000C80100085E
:10DE70001C00000043000000F8FFFFFF0C00000042
:10DE80000E0000000F0000002E0000001201120220
:10DE9000021501091416791E091C1F012529438248
:10DEA00010031524F41326C11B081A0401207A4418
:10DEB000240324803F5AFF0449C70B1C0142A812C7
:10DEC0000212031204120512061A07671209120A37
:10DED000120B120C120D120E8A0FC2011913ACDDB7
:10DEE0001B08D0041AEC041AFC041AE004014015C3
:10DEF0000AD7233C35C0414523B219028F0505627C
:10DF00000AD7A33BCB803F0CE910094C500000001E
:0400000508000131BD
:00000001FF
