:020000040800F2
:10000000802C00202D02000861580008614700087C
:1000100011580008BD1800086D69000800000000B4
:10002000000000000000000000000000D96100088E
:10003000B11B000800000000F75F00082162000803
:10004000470200084702000847020008470200086C
:10005000470200084702000847020008470200085C
:10006000470200084702000847020008470200084C
:10007000470200084702000847020008470200083C
:10008000470200084702000847020008470200082C
:10009000470200084702000847020008B31B000897
:1000A000470200084702000847020008470200080C
:1000B00047020008470200084702000847020008FC
:1000C00047020008470200084702000847020008EC
:1000D00047020008470200084702000809690008B3
:1000E00047020008470200084702000847020008CC
:1000F00047020008470200084702000847020008BC
:1001000047020008470200084702000847020008AB
:1001100039650008516500084702000847020008D9
:100120004702000847020008491900084702000872
:1001300000F002F800F06AF80AA090E8000C82448F
:100140008344AAF10107DA4501D100F05FF8AFF26C
:10015000090EBAE80F0013F0010F18BFFB1A43F0A5
:100160000103184794CC0000B4CC00000A444FF0BF
:10017000000C10F8013B13F0070408BF10F8014B06
:100180001D1108BF10F8015B641E05D010F8016B4B
:10019000641E01F8016BF9D113F0080F1EBF10F8AF
:1001A000014BAD1C0C1B09D16D1E58BF01F801CBD2
:1001B000FAD505E014F8016B01F8016B6D1EF9D555
:1001C0009142D6D37047000000230024002500266A
:1001D000103A28BF78C1FBD8520728BF30C148BFAA
:1001E0000B60704766290BF01480642900F086804C
:1001F000002070471FB500F0DDFC04000020002146
:1002000009F0BCFEE0601FBD10B510BD00F0D6FDCA
:100210001146FFF7EFFF08F0B1F800F0F4FD03B46A
:10022000FFF7F2FF03BC06F09EFC00000948804780
:1002300009480047FEE7FEE7FEE7FEE7FEE7FEE7C8
:10024000FEE7FEE7FEE7FEE704480549054A064BE0
:10025000704700009F6200083101000880260020DE
:10026000802C00208028002080280020704710B5B6
:100270004C1084EA530404D54042C1F1000138BF58
:10028000491E1B4204D55242C3F1000338BF5B1E16
:1002900000F078F914F0804F04D04042C1F1000121
:1002A00038BF491E14F0004F04D05242C3F100037E
:1002B00038BF5B1E10BD00000FB4044910B503AA7F
:1002C000029800F065FC10BC5DF814FB780000207B
:1002D0000FB41CB5084B06AA7B44694600900598EC
:1002E00000F03DFC04460020694600F04BFC20462F
:1002F0001CBC5DF814FB0000A90800002DE9F041CA
:100300000646002410687529314616A510D0AFF3B3
:100310000080002802DA404213A507E031688A070E
:1003200001D512A502E0490704D511A5012401E079
:10033000AFF3008000210A2206F1240709E0B0FB98
:10034000F2FCB0FBF2F302FB1C003030785418468C
:10035000491C0028F3D123462A463046BDE8F04127
:1003600000F092B9000000002D0000002B000000FA
:10037000200000002DE9F0474FF0000A89460446AE
:10038000C0F820A02046E1688847002876D02528BC
:1003900006D0D4E901219047206A401C2062F1E791
:1003A000E168204600258847C4F81CA006460027BF
:1003B000C4F818A02A2E09D0304606F0CDFB38B379
:1003C00004EB8708303EC8F8186019E059F8041BA0
:1003D000204604EB87029161E1688847012F0646B9
:1003E00018D1E069002820DA25F020051DE0D8F8B2
:1003F000180000EB800006EB40003038C8F8180009
:100400002046E1688847064606F0A6FB0028EED1A4
:10041000012F0AD02E2E08D12046E16888477F1C84
:100420000646022F45F02005C4DBA069002803DA48
:10043000404245F00105A061E80701D025F0100514
:10044000B6B1A6F14100192802D8203645F400655E
:100450004A463146204625604D46FFF7C3FE58B157
:10046000012806D0ED1D25F0070000F1080989E7F5
:1004700004E005F1040985E730468AE7206ABDE813
:10048000F08740EA010310B59B070FD1042A0DD372
:1004900010C808C9121F9C42F8D020BA19BA884265
:1004A00001D9012010BD4FF0FF3010BD1AB1D307A4
:1004B00003D0521C07E0002010BD10F8013B11F8DA
:1004C000014B1B1B07D110F8013B11F8014B1B1B03
:1004D00001D1921EF1D1184610BD02F0FF0343EA8C
:1004E000032242EA024200F002B84FF0000204295F
:1004F000C0F0128010F0030C00F01B80CCF1040C53
:10050000BCF1020F18BF00F8012BA8BF20F8022B86
:10051000A1EB0C0100F00DB85FEAC17C24BF00F82C
:10052000012B00F8012B48BF00F8012B70474FF05A
:10053000000200B5134694469646203922BFA0E833
:100540000C50A0E80C50B1F12001BFF4F7AF09073F
:1005500028BFA0E80C5048BF0CC05DF804EB890030
:1005600028BF40F8042B08BF704748BF20F8022B73
:1005700011F0804F18BF00F8012B7047704770478B
:100580007047704753EA020C00F069802DE9F04B88
:100590004FF00006002B1FBFB3FA83F503FA05F4F2
:1005A00024FA05F65E4012BF1643B2FA82F502FA4B
:1005B00005F4C5F120051EBF22FA05FC44EA0C042F
:1005C000203556EA044C4FEA144418BF641C4FF01F
:1005D00000084FF00009904271EB030C39D3002959
:1005E00019BFB1FA81F701FA07F6B0FA80F700FAFD
:1005F00007F6C7F120071EBF20FA07FC46EA0C06E3
:100600002037B6FBF4FCA7EB0507103F07F01F0BE4
:10061000CBF120060CFA0BFB2CFA06F644BFB346CE
:100620000026202FA4BF5E464FF0000B5BEA060CAD
:1006300008BF4FF0010B19EB0B09ABFB027C48EB39
:100640000608C01B06FB02CC0BFB03CC71EB0C01B4
:10065000C1E70B46024641464846BDE8F08B13B55C
:100660004FF000004FF00001AFF30080BDE81C40E8
:10067000704710B500F0A2FA006810BD10B504462E
:1006800000F09CFA046010BD2DE9F0470D46994634
:100690009246044600F124080168880604D5E06902
:1006A00021F01001216000E00120A84201DD471B7C
:1006B00000E00027A1697A1902EB0900081AA0617D
:1006C0002078C00602D42046AFF30080002608E060
:1006D000D4E901211AF806009047206A401C761CD4
:1006E00020624E45F4DB2078C0060AD52046AFF3E1
:1006F000008006E0D4E9012130209047206A401CA8
:100700002062381EA7F10107F4DC07E0D4E90121DB
:1007100018F805009047206A401C2062281EA5F1A9
:100720000105F3DC2046AFF300802078000602D5F7
:100730000220BDE8F0870120FBE770472DE9FF4F5D
:100740000C461E464FF0FF378BB0D2E90001DDF8B2
:1007500060800A908A46C1F30A5505B93D460021DA
:1007600008464FF00000BAF1000F00F4400005DA2F
:1007700000EB80004FF4400101EA50004FEA90592D
:10078000B9F1010F00DDB9460A9850EA4A000ED0CF
:1007900044F61050A5F2FF3545432F14B8F1000F71
:1007A0001ED07542291E1EDDC9F100021CE0B8F101
:1007B000010F4FF0000001D0302103E0F24305E0CB
:1007C0002154401CB042FBDB304600220021215462
:1007D0000B99C1F80880C1E900200FB0BDE8F08F87
:1007E000BD1B6D1CDEE74A4600DA694206A800F030
:1007F0006FFA06AB93E8070003AB83E807005046A7
:100800000A9900F049FB8DE80700A0F500501F3859
:1008100000900398002D09DD42F21F014A4608446A
:1008200003A90390684600F0A8FD08E0A0F5005079
:100830004A461F3803A90390684600F0B2FD8DE8D0
:1008400007000004000C03D04FF0FF30410800E027
:100850001046B8F1000F03D00022009215461EE0AA
:10086000751E05D400F0AEF9303262556D1EF9D513
:10087000B3460122084302D000227F1C04E0207806
:10088000302801D100227F1E002A099786D01DE062
:10089000112D07DA00F096F9303262556D1C50EADE
:1008A0000102F5D1084302D00098C8B10EE0002142
:1008B000681E05E0235C625C63542254401E491CA0
:1008C0008142F7DBAB46A81B401E0990002004F8CC
:1008D0000B000B98099AC0F80880C0E9002B7CE750
:1008E00011264FF0000859E72DE9F04F88460446DD
:1008F000D21D22F0070191B0D1E90001CDE90A0132
:1009000006F08EF802460B98C00F01D02D2007E0AC
:100910002068810701D52B2002E0202101EAC000D8
:10092000032A099001D0072A05DB034641462046E9
:1009300000F08EF90BE12078800601D5E06900E037
:100940000620B8F1650F814606D0B8F1660F18D0C1
:10095000B8F1670F70D131E00020B9F1110F0090AC
:1009600001DB112301E009F101030AAA01A90CA886
:10097000FFF7E4FEDDE90C70002609F1010583466E
:1009800047E001204B4600904FF000470AAA01A91A
:100990000CA8FFF7D3FEDDE90DB00C995D460026EB
:1009A00010B909F101000D18B9EB050003D4C0F12D
:1009B000FF3609F10105A5EB09002BE0B9F1010FA4
:1009C00001DA4FF001090020B9F1110F00904846FB
:1009D00001DD112300E003460AAA01A90CA8FFF7D4
:1009E000ADFEDDE90C704D460026834620780007F9
:1009F0000AD4AB4500DA5D4601A8012D04DD41199A
:100A000011F8011C302907D04F4502DA17F1040F05
:100A100004DA012082460FE06D1EEEE7002F02DCB3
:100A2000ED1B3E4403E0781CA84200DD7D1CB81B92
:100A300000F1010A4FF000472078000703D4AA45CF
:100A400001DB4FF0FF3A0021B7F1004F0DF14308F1
:100A50008DF8431024D002202B23002F01DA7F428F
:100A60002D230A21021EA0F1010000DC5FB197FBDB
:100A7000F1FC97FBF1F201FB1C7C17460CF1300CEA
:100A800008F801CDEEE7A8F10100037021880905FF
:100A900001D5452100E06521A0F1010800F8011C05
:100AA00009980FA9A1EB0807FF1D00B1012041190A
:100AB00001EBEA70A1693844081A401EA061207851
:100AC000C00602D42046AFF30080099828B1D4E9CB
:100AD00001219047206A401C20622078C00622D560
:100AE0002046AFF300801EE0002E04DBB34502DD9C
:100AF00001A8805D00E03020D4E901219047206A00
:100B0000401C2062761CAAF101005FEA000A0AD1AB
:100B100000F050F8C0680168405CD4E901219047BA
:100B2000206A401C2062281EA5F10105DCDC07E0DC
:100B3000D4E9012118F8010B9047206A401C20627B
:100B4000381EA7F10107F3DC2046AFF30080032035
:100B500011B043E601694A1C02610878704700B58C
:100B60008FB0CDE901310021059105497944CDE9E6
:100B7000031011466846FFF7FDFB0FB000BD0000F3
:100B8000E5FFFFFF0A6802F8010B0A6070470000EA
:100B9000074B70B50D467B44FFF7E1FF044628463E
:100BA00000F004F910B14FF0FF3070BD204670BD69
:100BB0001B720000004870473C2600200048704728
:100BC0001C26002030B5B0F10A024FEA900E71F1F8
:100BD00000034EEA817EB0EB0E0061EB91014FEA1B
:100BE000101E4EEA017E10EB0E0041EB11114FEA90
:100BF000102E4EEA016E10EB0E0041EB11214FEA70
:100C0000104E4EEA014E10EB0E0041EB1141401820
:100C100041F100014FEAD00040EA41704FEAD101B2
:100C200010EB80054FEA810444EA907444EB010420
:100C30006D1944EB0404521BA3414FF0000348BF5D
:100C40000A3200D530BD401C41F1000130BD00002A
:100C50002DE9F0411F46044603260168072A01F4E6
:100C6000006004DB08B116A505E016A503E008B195
:100C700015A500E015A521F010002060A069C01E98
:100C8000A0610FB1401EA0612046AFF300804FB1BC
:100C9000D4E9012138469047206A401C2062C01CDC
:100CA000206206E0206AFAE7D4E9012115F8010B79
:100CB0009047761EF8D22046AFF30080BDE8F08161
:100CC0004E414E006E616E00494E4600696E6600F0
:100CD0002DE9F047814616468AB0334878440DC85E
:100CE0008DE80D0030487844801C03AC0DC884E8C2
:100CF0000D0041F69B300844372190FBF1F290FB48
:100D0000F1F5A5F1800501FB12041B3C02D56442FC
:100D1000012000E00020DFF890A080460027FA4480
:100D2000AAF1BE0A0DE0E00709D03246684607EB9B
:100D300047010AEB810100F034FB8DE807006410E5
:100D40007F1C002CEFD1184F7F44AC3F18E0E80720
:100D500014D007EB04100DF1180A90E80E008AE891
:100D60000E00C068F04201D198190890324606A9D9
:100D700003A800F016FB03AB83E807006D10641CAA
:100D8000002DE4D132466946B8F1000F03A802D025
:100D900000F0F3FA01E000F004FBC9E90001C9F832
:100DA00008200AB0BDE8F0870CC00000007B00F00E
:100DB00080007047004870471C2600207546FFF7EA
:100DC000F9FFAE4605006946534620F00700854608
:100DD00018B020B5FFF738FABDE820404FF0000604
:100DE0004FF000074FF000084FF0000B21F0070113
:100DF000AC46ACE8C009ACE8C009ACE8C009ACE856
:100E0000C0098D46704710B50446AFF300802046F8
:100E1000BDE81040FFF703BA4FF0013C50F8042B37
:100E200051F8043B9A4221D1A2EB0C03934313EAFD
:100E3000CC1317D150F8042B51F8043B9A4215D12A
:100E4000A2EB0C03934313EACC130BD150F8042B01
:100E500051F8043B9A4209D1A2EB0C03934313EAE5
:100E6000CC13DBD04FF00000704700BFD01A01BA9E
:100E7000B1FA81F101F0180122FA01F0CB40C1F181
:100E80002001DBB2C0B2C01A2CFA01F3D11A91438F
:100E900011EAC311E6D170475FEA400C08BF91F038
:100EA000000F4FEA8C234FEAC12243EA51514FEA27
:100EB0001C5018BF00F5F0404FEA300018BF41F059
:100EC00000415FEA6C5C00F02980BCF1FF3F08BF85
:100ED00040F080407047130C06BF12044FF0100C16
:100EE0004FF0000C130E04BF12020CF1080C130F8C
:100EF00004BF12010CF1040C930F04BF92000CF11B
:100F0000020CD30F04BF52000CF1010C11464FF03C
:100F10000002A0F11F00A0EB0C00704711F0004F81
:100F200008BF704731F000413FF4D5AF0B0C06BF4E
:100F300009044FF0100C4FF0000C0B0E04BF090217
:100F40000CF1080C0B0F04BF09010CF1040C8B0F02
:100F500004BF89000CF1020CCB0F04BF49000CF157
:100F6000010CCCF12003A0EB0C0022FA03F302FAEF
:100F70000CF241EA030100F10100704720F07F4CC0
:100F800080EA030023F07F47ACEB070303F57C53B3
:100F900000F0004003F1FF032DE980494FEA154BB3
:100FA00009B44FEA144325EA0B4E24EA03480FF232
:100FB000042606EB132749083E785FEA320203FB5A
:100FC0000667C7F5000707FB06F64FEA54374FEAF6
:100FD000D64606F1020607FB066CCCF1005C4FEA30
:100FE0001C472CEA074C07FB06F40CFB06F504EB48
:100FF00015464FEA961634BF00204FF000404FEAE6
:10100000D13706FB07FC4FEA1C4C0CFB0BF7D21B3D
:1010100003FB0CF761EB07010CFB0EF7B0EB07408D
:1010200072EB17420CFB08F734BFA2EB0742B2EB9E
:10103000074261EB17414FEA0C444FEA910706FB68
:1010400007FC4FEA1C4C0CFB0BF7B0EBC74072EBF4
:10105000573203FB0CF734BFA2EBC742B2EBC742D7
:1010600061EB57310CFB0EF7B0EBC70072EB577218
:101070000CFB08F734BFA2EBC702B2EBC70261EB6F
:101080005771039F4FEA816141EA921104EBCC044E
:101090004FEAD1374FEA826206FB07FC42EA901220
:1010A0004FEA80604FEA1C4C0CFB0BF7D21B03FB92
:1010B0000CF761EB07010CFB0EF7B0EB074072EB8E
:1010C00017420CFB08F734BFA2EB0742B2EB074212
:1010D00061EB17414FEA8C554FEA910704EB9C24D2
:1010E00006FB07FC4FEA1C4C0CFB0BF7B0EBC740B0
:1010F00072EB573203FB0CF734BFA2EBC742B2EBE3
:10110000C74261EB57310CFB0EF7B0EBC70072EB37
:1011100057720CFB08F734BFA2EBC702B2EBC70251
:1011200061EB577115EB4C254FEA816141EA921151
:101130004FEA82624FEAD13742EA901206FB07FC7F
:1011400044F100044FEA80604FEA1C4C0CFB0BF7A3
:10115000D21B03FB0CF761EB07010CFB0EF7B0EBA6
:10116000074072EB17420CFB08F734BFA2EB0742B3
:10117000B2EB074261EB174115EB1C154FEA8131C9
:1011800041EA92414FEA823242EA90424FEA80308D
:101190004FEA0C7644F1000448EA03434EEA0B4858
:1011A0004FF0000EB2EB080C71EB030724BF624650
:1011B00039464EEB0E0E4FF0000B001852414941DC
:1011C0004BEB0B0BB2EB080C71EB03077BF1000B45
:1011D00024BF624639464EEB0E0E4FF0000B00184E
:1011E000524149414BEB0B0BB2EB080C71EB03077F
:1011F0007BF1000B24BF624639464EEB0E0E51EADE
:10120000020718BF46F0010616EB0E7655F10002F4
:1012100054F1000103D5BDE88901BDE80088BDE8AF
:101220008901BDE80048B619524141EB0101A3F123
:101230000103704780807F7E7D7C7B7A797877762A
:1012400076757473727171706F6E6E6D6C6C6B6AA3
:101250006A69686867666665646463636261616041
:10126000605F5F5E5E5D5D5C5C5B5B5A5A595958BE
:101270005857575656555555545453535252525128
:10128000515050504F4F4F4E4E4D4D4D4C4C4C4B7E
:101290004B4B4A4A4A4949494848484747474746C5
:1012A0004646454545444444444343434342424201
:1012B00042414141002B26D4770021D01CB54FEA92
:1012C000370703B44FF010004FF010014FF000004B
:1012D0000FBCBDE810400BF1010BBBF1010F08BFC3
:1012E0005FEA170722BF12F1010211F101014FF06D
:1012F000004143F1000300F0004043EA0000704762
:10130000F9D35708DAE746EA064613F1400F4FEAE9
:1013100016461FDD13F1200FDFBF16430A460021DA
:1013200020335B42C8D0C3F1200746EA064602FAE2
:1013300007F74FEA164646EA0706C3F1200722FAE6
:1013400003F201FA07F721FA03F14FF0000342EA32
:101350000702B1E746EA020646EA06464FEA1646A3
:1013600046EA0106BCBF46EA0646360C4FF00003CB
:101370004FF000024FF000019EE72DE9C048934670
:1013800030B491E8380007C831EA400C48BF34EA6D
:10139000430C03D5FFF7F2FDFFF78CFFF0BCBDE86F
:1013A00000882DE9C048934630B491E8380007C85A
:1013B00010F0804F08BF13F0804F03D100F005F804
:1013C000FFF778FFF0BCBDE8008820F07F4780EA97
:1013D000030023F07F4C07EB0C03A3F57C5300F0D4
:1013E0000040A3F1FE0392F0000F00F0B38095F0EF
:1013F000000F00F077802DE901494FEA11404FEAD4
:10140000144621EA004800FB06FC24EA064708FBD4
:1014100006F607FB08F800FB07F718EB06484CEB4D
:10142000164C4FEA124B18EB07484FEA15464CEBA7
:10143000174022EA0B4E0BFB06FC25EA06470EFB83
:1014400006F607FB0EFE0BFB07F71EEB064E4CEBFA
:10145000164C4FF000061EEB074E4CEB174B18EBEB
:101460000B0840F1000018EB0E0B58EB000840F1A0
:1014700000008F1A4FF000013CBFC943661B14BF28
:10148000B5EB040C00213CBFC943F61B4FEA1744DF
:101490004EEA8E0E27EA04454FEA1C4704FB07621A
:1014A0002CEA074C05FB07F70CFB05F604FB0CFCCC
:1014B00016EB074642EB174216EB0C4642EB1C427A
:1014C0001BEB060658EB0202414146EA9E0601D597
:1014D000BDE80189B619524141EB0101A3F10103B5
:1014E000BDE801894FEA14454FEA114724EA054651
:1014F00021EA074C05FB07F406FB07F70CFB06F196
:1015000005FB0CFC11EB074144EB17444FEA124773
:1015100011EB0C4144EB1C4422EA074C05FB07F29B
:1015200006FB07F70CFB06F605FB0CFC16EB074663
:1015300042EB174216EB0C4642EB1C456A1854F17D
:10154000000148BF7047B619524141EB0101A3F1B8
:101550000103704795F0000F37D04FEA11424FEA70
:10156000144721EA024624EA074C02FB07F106FB76
:1015700007F70CFB06F402FB0CFC14EB074441EBF1
:1015800017414FEA154714EB0C4441EB1C4125EA87
:10159000074C02FB07F506FB07F70CFB06F602FB00
:1015A0000CFC16EB074645EB174516EB0C4645EBD6
:1015B0001C42121951F1000148BF7047B61952413F
:1015C00041EB0101A3F1010370474FEA14454FEAD3
:1015D000114724EA054621EA074C05FB07F106FB03
:1015E00007F70CFB06F24FF0000605FB0CFC12EBB4
:1015F000074241EB174112EB0C4251EB1C4148BF33
:101600007047921841EB0101A3F1010370470000FC
:1016100070B5044600688168C943C90717D181685D
:1016200021F00101816001F015FD05460AE000BFCF
:1016300001F010FD401B022804D920688068C043D7
:10164000C00706D020688068C043C007F0D00020E3
:1016500070BDA06A40F01000A062E06A40F0010096
:10166000E062012070BD0000F8B500260446009637
:1016700000688168C943C9072DD0816841F0010124
:101680008160164816490068B0FBF1F000E0401E8A
:1016900000900028FBD101F0DDFC054616E000BFFC
:1016A00001F0D8FC401B022810D920688068C04394
:1016B000C0070BD0A06A40F01000A062E06A40F0C2
:1016C0000100E06284F824600120F8BD2068806891
:1016D000C043C007E4D10020F8BD0000880000200E
:1016E00040420F002DE9F04F3D48C9B0006809F0B5
:1016F00047FA82463B488B46006809F041FA81462A
:1017000039480F91006809F03BFA07463748884688
:10171000006809F035FA054635480E46006809F0BC
:101720002FFA0E9033480C46006809F029FACDE9EB
:101730000C013148006809F023FACDE90A012F486D
:10174000006809F01DFACDE908012D48006809F08C
:1017500017FACDE906012B48006809F011FACDE926
:1017600004012948006809F00BFACDE90201274875
:10177000006809F005FACDE900012548006809F084
:10178000FFF90B460F99CDE916ABCDE914910DF198
:101790003C09024689E8F0011E4918A8FEF798FDA9
:1017A00000281ADDC02800DDC0201B4E002218AB27
:1017B00044F62064371D0EE09D5C214600E0491E82
:1017C000D6F800C05FEA0C6C02D40029F7D101E022
:1017D00001B13D60521C8242EEDB49B0BDE8F08FA2
:1017E000400200203C020020380200203402002089
:1017F00030020020780200207402002068020020DD
:1018000064020020540200204C02002088020020C4
:1018100084020020B0CD000800480040F0B5224905
:101820000022CC7A8B7A27465B1C641C4D7ADBB293
:10183000E6B22B2812D085B30C7A01F1280C641C77
:10184000E4B20CEB850C0C725CF804CC1CF804C000
:1018500084450CD18B72222B06D01CE06D1C4D727E
:101860000A728B72CE7216E08A72CA7211E00E4B47
:10187000203303EB850353F8043C1B5D834203D004
:10188000012D0BD10D2F09D3CE722C2E03D1CA728C
:101890008A724A720A720120F0BD03E08A72CA722B
:1018A0004A720A720020F7E74401002002494FF40F
:1018B000004008607047000014080140FEE7000087
:1018C0002DE9F0410D4C0A4607460B4E10462168A3
:1018D00009F054FB216B09F07FF90146084809F033
:1018E0004DFB05463146384609F048FB294609F0CC
:1018F00073F92063BDE8F0810AD7A33CA002002061
:1019000048E17A3F2DE9F0410D4C0A4607460B4E5F
:101910001046216809F032FB216E09F05DF901469D
:10192000084809F02BFB05463146384609F026FBEE
:10193000294609F051F92066BDE8F0810AD7A33C99
:10194000A002002048E17A3F014800F01DBE0000DF
:10195000EC05002030B590F840500124AC40C56B38
:101960006C60046863604368102B036803D099605F
:101970000068C26030BD9A600068C16030BD000080
:10198000F8B5374F002601200096387002466B46A6
:101990007521682006F06CFC32A0FEF78DFC9DF8E6
:1019A000000068280CD0BFF34F8F37480168374AD2
:1019B00001F4E06111430160BFF34F8F00BFFDE709
:1019C00006F0FCFD002848D1782007F0B5FA10B9E0
:1019D00024A0FEF771FC782006F022FD10B92CA09F
:1019E000FEF76AFCC82007F067FA10B932A0FEF7CC
:1019F00063FC05F08BFE10B939A0FEF75DFC45488D
:101A0000044606F097FC0546E01C06F093FC45EA08
:101A1000C005A01D06F08EFC45EA801080B206F0DD
:101A200025F810B93CA0FEF747FC40F2731005F012
:101A300045FD10B942A0FEF73FFCC82005F07EFF2F
:101A400010B949A0FEF738FC08F0FAF9012007F0B8
:101A500059F910B94DA0FEF72FFC3E70F8BD0000FB
:101A6000080000206D70755F7365745F73656E7339
:101A70006F7220636F6D706C657465202E2E2E2E34
:101A80002E2E0D0A000000000CED00E00400FA0507
:101A90006D70755F636F6E6669677572655F6669A5
:101AA000666F20636F6D706C657465202E2E2E2E10
:101AB0002E2E0D0A000000006D70755F7365745F57
:101AC00073616D706C655F7261746520636F6D70BA
:101AD0006C657465202E2E2E2E2E2E0D0A00000011
:101AE000646D705F6C6F61645F6D6F74696F6E5F62
:101AF0006472697665725F6669726D77617265207E
:101B0000636F6D706C657465202E2E2E2E2E2E0D3B
:101B10000A000000F8000020646D705F7365745F58
:101B20006F7269656E746174696F6E20636F6D703A
:101B30006C657465202E2E2E2E2E2E0D0A000000B0
:101B4000646D705F656E61626C655F66656174751A
:101B5000726520636F6D706C657465202E2E2E2E5D
:101B60002E2E0D0A00000000646D705F7365745FB7
:101B70006669666F5F7261746520636F6D706C6516
:101B80007465202E2E2E2E2E2E0D0A006D70755F80
:101B90007365745F646D705F737461746520636FE7
:101BA0006D706C657465202E2E2E2E2E2E0D0A0063
:101BB00070474FF4007001F03FB972B6FEE70000C5
:101BC0000EB50B2801D00F2800D100900120019004
:101BD000072002906946074800F0DCF9054800F04C
:101BE000B7FB0A21034800F015FB024800F050FA49
:101BF00080B20EBD740300202DE9F04100250E4691
:101C000007462C4608E03846FFF7DAFF0544012076
:101C100005F01CFC641CE4B2B442F4D3B5FBF6F04E
:101C200080B2BDE8F08100002DE9FE4FDFF8089298
:101C3000DFF80882DFF808A2DFF808B2824D012839
:101C40007ED04421D02002F08CFD04464321D020D8
:101C500002F087FD04EB00207C4C4621E081D0207F
:101C600002F07FFD06464521D02002F07AFD06EB0A
:101C7000002060824821D02002F073FD06464721F3
:101C8000D02002F06EFD06EB002020823C21D02007
:101C900002F067FD06463B21D02002F062FD06EB14
:101CA000002020813E21D02002F05BFD06463D2130
:101CB000D02002F056FD06EB0020A0804021D0206D
:101CC00002F04FFD06463F21D02002F04AFD06EB10
:101CD000002007B2E780B4F90E60704209F0EEF818
:101CE000C8F80000B4F9080008F0D3FBDFF8608101
:101CF000584B424608F046FA08F056F90290B4F9FB
:101D0000040008F0C6FB4246524B08F03BFA08F0CC
:101D10004BF90190384608F0BCFB42464D4B08F0A9
:101D200031FA08F041F90090304608F0B2FBDFF8D4
:101D300028814FF066373A46434608F023FA00E020
:101D400016E008F031F90646B4F9120008F0A1FBDC
:101D50003A46434608F016FA08F026F907463F4887
:101D6000DFF8FC800078022818D003283ED052E02B
:101D700004F042F93B4C2968C9F80010B4F900009E
:101D800009F09CF8C8F80000B4F9040009F096F8CE
:101D9000CAF800003448B0F9040047E0DDE900105B
:101DA00086F0004202F008FF08F0EAFE304E2F4AAB
:101DB000334608F0E7F900222E4B08F0D1FB08F07B
:101DC000F3F828603A460099029803F021F808F0E9
:101DD000D7FE264A334608F0D5F90022254B08F0F5
:101DE000BFFB08F0E1F8C8F8000014E0B4F90A00FD
:101DF00009F064F83146FFF763FD80F00040286089
:101E0000B4F90C0009F05AF83946FFF77BFD80F071
:101E10000041C8F800102968C9F80010B4F9100092
:101E200009F04CF8CAF80000B4F9060009F046F8C9
:101E3000CBF80000BDE8FE8F6000002064000020A9
:101E40006800002070000020E4000020A4010020B1
:101E50008FC2F5285C1F9A40665E8D40000000200E
:101E6000E0000020EC000020F2000020F1D4C85374
:101E7000FB2109400080664010B50B20FFF7A0FE53
:101E800008F01EFB4FF06632094B08F069FB002298
:101E9000084B08F065FB0022074B08F061FB6FF070
:101EA0000B0209F0EAF9BDE8104008F0C3BA0000DF
:101EB00066660A400000264000005940F8B500253B
:101EC0000446009590F8240001280BD0012084F8E6
:101ED00024002046FFF79CFB2046FFF7C5FB0600C9
:101EE00002D050E00220F8BDA06A20F4885040F0F3
:101EF0000200A062022001F04FF925490968B1FBF8
:101F0000F0F0400000E0401E00900028FBD1206867
:101F1000816841F00801816001F09CF8074608E003
:101F200001F098F8C01B0A2803D9206880680007D0
:101F300015D4206880680007F2D42068816841F0D9
:101F40000401816001F086F8074612E001F082F892
:101F5000C01B0A280DD920688068400709D5A06AEF
:101F600020F0020040F01000A06284F8245001200C
:101F7000F8BD206880684007E8D4A06A20F002001D
:101F800040F00100A06284F824503046F8BD000003
:101F900088000020F8B50024009490F824202546FD
:101FA000012A12D0012280F824204A681F23072A20
:101FB0000DD20668776B521E02EB820293409F435C
:101FC0000B6893401F43776319E00220F8BD066851
:101FD0000D2A0AD2376BD21F02EB820293409F4335
:101FE0000B6893401F43376309E0F76A0D3A02EB31
:101FF000820293409F430B6893401F43F7620A6835
:10200000072306680A2A0AD3F7680A3A02EB420253
:1020100093409F438B6893401F43F76008E0376904
:1020200002EB420293409F438B6893401F4337610A
:102030000A68102A01D0112A20D1124B02689A4254
:1020400017D193681B0219D4936843F4000393607B
:102050000968102912D10C490C4A0968B1FBF2F148
:1020600001EB8101490000E0491E00910029FBD1EC
:1020700004E0816A41F020018162012480F824504B
:102080002046F8BD002401408800002040420F0097
:102090000068C06C704700002DE9F04104004FF06B
:1020A000000514D0A06A002628B9E66284F82460EE
:1020B000204600F083F82046FFF7AAFAA16A01F053
:1020C0001001014304D0A06A40F01000A0626BE050
:1020D000A16A21F4885141F00201A16233492368C9
:1020E0008B42E16904D1B1F5402F01D14FF40021B9
:1020F000277B4FF4807C41EA470261680A43A1686C
:10210000614509D0012907D05FF0000194F814E07F
:10211000BEF1010F02D00AE06146F7E7C7B1A76A36
:1021200047F02007A762E76A47F00107E7625F68A8
:1021300027F469470F435F60236899681C4F394053
:1021400011439960A16861450BD0012909D00CE0C9
:10215000DFF860E0A7690EEB47370F4347F40061F3
:10216000E5E7218A0D05A5F580152168CB6A23F4E2
:1021700070032B43CB62216889680F4B1940914251
:1021800008D1E662A16A21F0020141F00101A162D9
:10219000BDE8F081A06A20F0020040F01000A062CB
:1021A000E06A40F00100E0620120F1E7003C0140FC
:1021B000FDF7E1FF00E0FFFFFE0E1FFF00B585B059
:1021C0000021009101910291039100680E4988421B
:1021D00018D10E48816941F480618161816901F4FF
:1021E00080610491816941F01001816180696946D3
:1021F00000F0100004902220009003200190044879
:1022000000F026FE05B000BD00280140001002408D
:10221000001001402DE9F84300270D4604460097C1
:1022200000F018FF804620688168C90508D5A06ABB
:1022300040F02000A06284F824700120BDE8F883FB
:102240004168C90503D4C06A10F4700F2AD0022077
:1022500000F0A2FF3B490968B1FBF0F62068036972
:1022600039490B424FEA61014FEAA1121FD1C368FD
:102270004FEA611C13EA0C0F19D103690B4225D1F7
:10228000C068104222D1142023E0681C0AD02DB16E
:1022900000F0E0FEA0EB0800A84203D92068006827
:1022A000800725D5206800688007EED52DE00369FA
:1022B0000B4202D1C168114206D0026923490A4289
:1022C00006D1C068084203D1542002E0292000E072
:1022D000FC204643009816E0681C11D02DB100F098
:1022E000B9FEA0EB0800A8420AD90098B04207D274
:1022F000A06A40F00400A06284F8247003209DE7E7
:102300000098401C0090B042E6D321686FF01200A4
:102310000860A06A40F40070A06220688068C0F382
:10232000424007280CD1207B50B9A06A20F480706D
:10233000A062A06AC00403D4A06A40F00100A062B9
:1023400000207BE788000020244992244992240041
:1023500070B5044690F8240001280DD0012084F8BF
:1023600024002046FFF780F902004FF0000005D05E
:1023700084F82400104670BD022070BDA16A40F2AE
:102380000123994341F48071A1621F4D23681F49C5
:10239000AB4218D10E6816F4702F14D0A66A46F41A
:1023A0008016A6620E68760505D5A66A26F4005644
:1023B00046F48056A662A66AF6040AD5E66A26F0B6
:1023C0000606E66206E0A66A26F48016A6625E6845
:1023D000E9E7E06284F824006FF0020018602068EA
:1023E0008368C3F34243072B05D1A84208D109688B
:1023F00011F4702F04D0816841F480118160B9E735
:10240000816841F4A001F9E700280140042401405B
:1024100010B590F821100022022905D00421816313
:1024200080F82020012010BD01680B6823F00E0306
:102430000B6001680B6823F001030B6090F84030DB
:10244000C46B012101FA03F3636080F8211080F866
:102450002020104610BD00002DE9F05F90F82110FB
:102460000024022903D004218163012485E001684E
:102470000A6822F00E020A6001680A6822F001026E
:102480000A603F4E3E4FB215DFF8F4C0DFF8F0901F
:10249000DFF8ECA0DFF8E8B0DFF8E4E00168783FAF
:1024A00013011502ACF1640CA9F15009AAF13C0A20
:1024B000ABF1280BAEF1140E4FF48018B14227D9BE
:1024C000B9420ED0614512D049451DD0514518D0B2
:1024D000594518D0714501D1424615E0294EB14207
:1024E00001D1012210E0274E1436B14201D1102251
:1024F0000AE0244E2836B14206D0224A3C329142AC
:1025000001D11A4600E02A461E49091F0A602BE045
:10251000B94213D0614517D0494522D051451DD04D
:1025200059451DD0714501D142461AE0B14202D150
:102530004FF0807215E0134EB14201D1012210E03C
:10254000104E1436B14201D110220AE00D4E283649
:10255000B14206D00B4A3C32914201D11A4600E00A
:102560002A46074980394A60012180F8211000215C
:1025700080F82010416B01B188472046BDE8F09FEC
:1025800080000240080402402DE9F05FC16B0A6838
:1025900001680B68046C4FF0040808FA04F8844DD5
:1025A000844E854FDFF814C2DFF81492DFF814A2CE
:1025B000DFF814B2DFF814E218EA020F65D05FEA20
:1025C000437862D50A68920603D40A6822F00402AE
:1025D0000A60DFF8F0814FF48062016808F11408A6
:1025E00013011402414524D9A9420DD0B1420FD0A4
:1025F000B9421AD0614515D0494515D0514501D190
:10260000120312E0594501D104220EE0714501D1B7
:1026100040220AE06D4D1435A94206D06B4A28329B
:10262000914201D11A4600E022466749091F0A601B
:1026300029E0A94213D0B14215D0B94220D061455A
:102640001BD049451BD0514502D14FF4800217E001
:10265000414502D14FF0806212E0594501D1042278
:102660000EE0714501D140220AE0584D1435A942CF
:1026700006D0564A2832914201D11A4600E022463D
:102680004B4908394A60C16A71E04FF0020808FA04
:1026900004F818EA020F70D05FEA83786DD50A68F3
:1026A000920606D40A6822F00A020A60012180F824
:1026B0002110DFF810814FF40072016808F114084E
:1026C00013011402414524D9A9420DD0B1420FD0C3
:1026D000B9421AD0614515D0494515D0514501D1AF
:1026E000120312E0594501D102220EE0714501D1D9
:1026F00020220AE0354D1435A94206D0334A28324B
:10270000914201D11A4600E022462F49091F0A6072
:1027100029E0A94213D0B14215D0B94220D0614579
:102720001BD049451BD0514502D14FF4001217E090
:10273000414502D14FF0007212E0594501D1022209
:102740000EE0714501D120220AE0204D1435A94246
:1027500006D01E4A2832914201D11A4600E0224694
:10276000134908394A60002180F82010816A002945
:102770001CD0BDE8F05F0847FFE70825A5401542DB
:1027800014D01A0712D50A6822F00E020A6090F8D7
:102790004020C36B012101FA02F25A60816380F884
:1027A0002110002180F82010016BE0E7BDE8F09FC8
:1027B000080002401C000240300002404400024079
:1027C000580002406C000240080402401C04024011
:1027D00030B560B11A4B026814219A4209D2194BE4
:1027E0001344B3FBF1F18900016417490AE00120A9
:1027F00030BD134B5B421344B3FBF1F1890001641C
:102800000F490839C163022180F82110136843F68B
:10281000F0718B43F0E901142143D0E902452C43C8
:1028200021430469214344692143846921431943B5
:10283000116000214163012242770177084630BDD3
:1028400008040240F8FFFDBF0000024070B50446D6
:1028500090F82000002501280CD0012084F82000E9
:1028600094F821600020012E06D084F82000022573
:10287000284670BD022070BD022684F82160A06346
:102880002068066826F0010606602046FFF762F819
:10289000E06A00282068016802D041F00E0106E0DD
:1028A00021F0040101602068016841F00A01016023
:1028B0002068016841F001010160D9E72DE9F04F7E
:1028C00093B0B0F5007F46D1042003F06DFCFE4CC0
:1028D0002060082003F068FCDFF8F08341420F20FD
:1028E000C8F800101E21FFF787F9F949F94D088053
:1028F000A878E8B10020A870F7480078FFF794F9AD
:102900002878401C287002F085FFF4480168B1F572
:102910007A7F02DA0168491C0160A8780026012844
:1029200008D0EF490868642818DBEE48066017E015
:102930000120E0E7FFF7A0FA2867696F491C696783
:10294000AA6F64291044A86705D190FBF1F1E6480D
:102950000160AE676E6713B0BDE8F08F401C086081
:10296000206808F0ABFAE14908F0AAF908F008F984
:10297000DF4AE04B07F0F4FD012208F07EFC4FF047
:102980008042DD4B07F0FEFB07F00EFBD14C074603
:102990008034A06308F0F4F80022D84B07F0E0FD83
:1029A0004FF0FF3208F069FC07F0FEFAD449DFF877
:1029B0005493834608604946384608F0DFFA216C94
:1029C00008F00AF982462064D8F8000008F076FA88
:1029D000C64908F075F908F0D3F8C54AC54B07F0A9
:1029E000BFFD012208F049FC4FF08042C24B07F0C6
:1029F000C9FB07F0D9FA8046E06308F0C1F800226D
:102A0000BE4B07F0ADFD4FF0FF3208F036FC07F08B
:102A1000CBFABD49074608604946404608F0AEFA81
:102A2000616C08F0D9F8814660643946584608F070
:102A3000D3F808F0A5F8B54AAF4B07F091FD4FF079
:102A4000FF3208F01AFCDFF8C8B207468846DBF808
:102A5000000008F095F83A46434607F0D7FA07F029
:102A6000A3FACBF80000AC48AA490068019008F02E
:102A700027F908F085F89E4A9E4B07F071FD07F094
:102A800093FA2066A648A549006808F019F908F0ED
:102A900077F8A44AA44B07F063FD07468846606EAA
:102AA00008F06EF83A46434607F0B0FA07F07CFAB1
:102AB000834660669D480068012780B1DFF8708218
:102AC000D8F8000058B95046E16808F02DFB686658
:102AD0004846216908F028FBA866C8F800702878E5
:102AE00002287DD17B4C2E7080345046A16C08F0BA
:102AF0001BFB696D009108F0E3F8C4F848A020655D
:102B00004846E16C08F010FB009908F0D9F8C4F8C9
:102B10004C9060654FF0FF31584608F0DCFB606672
:102B20006B48008808F0E2F9A96D08F0F3FA8149D2
:102B300008F024FA019908F04FF8764908F0C0F837
:102B400008F01EF86A4A6B4B07F00AFD07F02CFAF2
:102B5000A0628046E16A08F0E7FA009908F0B0F850
:102B60008146606B08F00CF84FF03332724B07F07F
:102B7000F7FC82468B46484608F002F86F4A704BD5
:102B800007F0EEFC52465B4607F040FA07F00CFAFD
:102B90002063C4F82C80606302F064FE216B129104
:102BA000286B08F0EBF90690616E0A91E86A08F06C
:102BB000E5F904906169206D039008F0B5FA0D9075
:102BC000696A08F0DBF9A16A82461191286A08F067
:102BD000D5F90090206EE169834608F0A5FA00E07F
:102BE000DBE01090E96908F0C9F981462169606C61
:102BF00008F09AFA0F90A96908F0C0F98046E168D8
:102C0000206C08F091FA0E90696908F0B7F9414616
:102C100007F0E2FF494607F0DFFF009907F0DCFF0D
:102C2000514607F0D9FF616D80460091A06908F018
:102C30007BFA0B90A96A08F0A1F9414608F074FAF2
:102C4000049908F071FA069908F06EFA20620C9067
:102C50001299286D08F092F907900A99E86C08F02B
:102C60008DF90A900D98696C08F088F982461199DF
:102C7000286C08F083F906901098E96B08F07EF94B
:102C800081460F98A96B08F079F980460E98696B18
:102C900008F074F9414607F09FFF494607F09CFF92
:102CA000069907F099FF514607F096FF80460B986A
:102CB000A96C08F063F9414608F036FA0A9908F061
:102CC00033FA07993EE000004C000020500000203D
:102CD0001C000020A401002000000020340000207F
:102CE00028000020240000205C00002000606A47CB
:102CF000F1D4C853FB210940E17A743F00C0504031
:102D0000940200200AD7A33B980200207B14AE4710
:102D10009C020020000034436000002033338341D4
:102D20006400002012E7FAA146DF913F3000002046
:102D300074000020EA04B43D3333E33F9A99999933
:102D40009999D93F08F0F0F93049804660628B4587
:102D50001FDC2F498B451CD2696D0C98894608F001
:102D60000DF9039907F038FF0546A065494640462E
:102D700008F004F9009907F02FFFE0652946A06BE1
:102D800001F09AFEA066E16DE06B01F0CBFEE0661B
:102D900002E06F70A666E66666661E48007838B385
:102DA0005FF0000002F064F91B4C1C4B65422246A8
:102DB0002946986E03F018F9986622462946D86E7F
:102DC00003F012F90146D86615489A6E026015485C
:102DD0000160104603F002FA1348D0F83401134999
:102DE000134AC0B2087012680A2A03DA0F7004E0AE
:102DF0006420D7E700283FF4AEAD0E480660001D02
:102E00000660001D0660001D0660A4E5F90F493F3D
:102E1000F90F49BF190000200CE5FFFF2402002034
:102E2000540000205800002000002242040000202E
:102E30005C00002034040040044910B50A680242D6
:102E400002D00860FFF73AFD10BD000014040140F5
:102E50002DE9F84FDFF8C8910024A9F1040B2346AF
:102E60000F2709F1040AABF1040ED1E00125A540BA
:102E700006EA0502AA4276D1DFF8A8C14E68A6EBA1
:102E80000C0866452BD00DDC032E34D005DC36B3A0
:102E9000012E19D0022E2FD11BE0112E16D0122E8A
:102EA0002AD119E0B8F5881F19D006DCB8F5803FA3
:102EB00015D0B8F5801F1FD111E0B8F5001F0ED056
:102EC000B8F5041F18D10AE0CB6815E0CB681B1DCC
:102ED00012E0CB6808330FE0CB680C330CE08B6852
:102EE0002BB1012B4FF0080303D0456104E004230C
:102EF00002E0056100E00023FF2A01D8064601E058
:102F000000F104064FEA840501D9A5F12005D6F8A1
:102F1000008007FA05FC28EA0C0803FA05F548EAE0
:102F20000508C6F800804D68ED0070D53E4DAE69CD
:102F300046F00106AE61AD6924F0030605F0010517
:102F400000953A4D06EB050CDCF80850A607360F45
:102F500007FA06F825EA0805DFF8D480404503D1D2
:102F60004FF0000825E052E0DFF8C880404502D16C
:102F70004FF001081DE0DFF8C080404502D14FF05E
:102F8000020816E0DFF8B480404502D14FF0030894
:102F90000FE0DFF8AC80404502D14FF0040808E0B4
:102FA000DFF8A080404502D14FF0050801E04FF066
:102FB000060808FA06F848EA0508CCF808804D68C3
:102FC000D9F80060ED024D4601D5164300E0964366
:102FD0002E604D68DAF80060AD02554601D5164303
:102FE00000E096432E604D68DBF80060AD035D465F
:102FF00001D5164300E096432E604D68DEF8006070
:10300000ED03754601D5164300E096432E60641C1F
:103010000A681646E2407FF429AFBDE8F88F000049
:10302000080401400000111000100240000001409F
:1030300000080140000C0140001001400014014054
:1030400000180140001C01400AB1016170470904E9
:10305000FBE7000001488068704700007C0000200A
:103060000248816802781144816070477C0000202A
:10307000074810B5016841F010010160032000F01D
:1030800079F8032000F006F800F024F8002010BDC5
:103090000020024070B50D4D04464FF47A71287837
:1030A000B1FBF0F00A490968B1FBF0F000F0B2FBA7
:1030B00048B9102C07D200222146501E00F03AF8E1
:1030C00000206C6070BD012070BD00007C000020FD
:1030D000880000200E4808B5816941F00101816136
:1030E000816901F001010091C16941F08051C16124
:1030F000C06900F080500090052000F03BF80548C2
:10310000416821F0E06141F00071416008BD0000BC
:103110000010024000000140002809DB00F01F02FF
:10312000012191404009800000F1E020C0F8001129
:1031300070470000F0B40E4B1B680C46C3F302232B
:10314000C3F10705042D00D90425191D072901D253
:10315000002300E0DB1E012606FA05F1491E21408E
:1031600099409E40761E16403143F0BC03F06CBC83
:103170000CED00E0064900F0070208684FF6FF0377
:10318000184040EA0220034A1043086070470000DC
:103190000CED00E00000FA0510B501460020284CB7
:1031A00004292FD00BDC012930D0022929D100F0CD
:1031B0006BF96168C1F38131491C49001FE008299E
:1031C00020D010291DD161682268D20119D51D486F
:1031D000C1F38342C903805C0AD56168194AC1F30F
:1031E0004041921E515C184AB2FBF1F1484301E0A4
:1031F000164948436168490203D440000321B0FBEB
:10320000F1F010BDBDE8104000F04EB9226AC2F3E3
:103210000121012903D1920701D5C80310BD02295C
:1032200005D1626A920702D549F6404010BD0329D4
:10323000FCD121688903F9D54FF2244010BD00006C
:103240000010024066B3000800127A0000093D0039
:103250002DE9F84305460078354CC00754D0E069A5
:103260000026C00008D4E06940F08050E061E069C9
:10327000012600F0805000902E480168C90512D444
:103280000168804641F480710160FFF7E3FE074664
:1032900005E000BFFFF7DEFEC01B642823D8D8F886
:1032A0000000C005F6D5206A10F4407021D0A9882E
:1032B00001F4407181421CD0206A1F49012220F490
:1032C00040700A6000220A602062C00711D0FFF738
:1032D000C1FE074641F2883808E000BFFFF7BAFE9A
:1032E000C11B414502D90320BDE8F883206A80074D
:1032F000F4D5206A696820F44070084320621EB14A
:10330000E06920F08050E0612878800705D560688A
:10331000A96820F44040084360602878C00605D5BD
:103320006068696920F48000084360600020DBE782
:103330000010024000700040400442422DE9F04776
:103340000F46050061D0434E306800F00700B842D8
:1033500009D2306820F0070038433060306800F050
:103360000700B84251D128683B4C810712D540076D
:1033700003D5606840F4E06060602878000703D5FA
:10338000606840F4605060606068A96820F0F000F8
:10339000084360602878C00728D06868012810D0EA
:1033A0002168022810D0890700292EDA616821F0EF
:1033B000030101436160FFF74DFE804641F2883909
:1033C0000DE021688903EFE78901EDE7FFF742FE91
:1033D000A0EB0801494502D90320BDE8F0876068E9
:1033E000696800F00C00B0EB810FEFD1306800F09D
:1033F0000700B8420BD9306820F00700384330602E
:10340000306800F00700B84201D00120E5E72878D5
:10341000400705D56068E96820F4E0600843606013
:103420002878000706D56068296920F4605040EAD2
:10343000C100606000F038F86168084AC1F3031108
:10344000515CC8400649086006480068FFF722FE44
:103450000020C2E7002002400010024076B30008BE
:103460008800002080000020044805490068496861
:10347000044AC1F30221515CC84070478800002013
:103480000010024086B300080448054900684968F6
:10349000044AC1F3C221515CC84070478800002033
:1034A0000010024086B300080E4A51680E4801F031
:1034B0000C03042B11D0082B0FD10C48C1F383430C
:1034C000C903C05C0AD55168084AC1F34041921E45
:1034D000515C054A5043B0FBF1F070470449484342
:1034E000704700000010024000127A0054B3000838
:1034F00000093D002DE9F84F040070D02078C04D40
:10350000C00749D06868C0F38100012807D0686807
:10351000C0F38100022809D16868C00306D5286875
:10352000800339D560680028E7D035E06068B0F5E1
:10353000803F0BD010B1B0F5A02F11D0286820F437
:1035400080302860286820F4802002E0286840F459
:1035500080302860606890B1FFF77CFD06460AE085
:10356000286840F480202860F0E700BFFFF772FD74
:10357000801B642873D828688003F7D50CE0FFF718
:1035800069FD064605E000BFFFF764FD801B642867
:10359000F0D828688003F7D420789A4E80074FF03F
:1035A00001094FF0000839D5686810F00C0F07D0FA
:1035B0006868C0F38100022809D16868C00306D496
:1035C0002868800714D52069012808D110E02069F7
:1035D000B0B1C6F80090FFF73DFD074605E00AE1EF
:1035E000FFF738FDC01B0228C4D828688007F7D52C
:1035F0002868616920F0F80040EAC10028600DE009
:10360000C6F80080FFF726FD074604E0FFF722FD1D
:10361000C01B022823D828688007F7D42078000729
:103620002CD57948A169D9B1C0F80090FFF712FDF7
:10363000074604E0FFF70EFDC01B02280FD8686A9A
:103640008007F7D571484FF4FA510068B0FBF1F0EC
:10365000009000BF0098411E0091FAD20EE080E079
:10366000C0F80080FFF7F6FC074604E0FFF7F2FC25
:10367000C01B022875D8686A8007F7D420784007F5
:1036800060D5E8690027C00008D4E86940F08050A0
:10369000E861E869012700F0805000905C4801680B
:1036A000C90513D40168834641F480710160FFF7B6
:1036B000D1FC824606E000BFFFF7CCFCA0EB0A007D
:1036C00064284ED8DBF80000C005F5D5E068012875
:1036D0000AD008B1052813D0286A20F0010028621A
:1036E000286A20F0040002E0286A40F00100286205
:1036F000E06841F2883B98B1FFF7ACFC82460BE0F2
:10370000286A40F004002862EEE700BFFFF7A2FC41
:10371000A0EB0A0159455AD8286A8007F6D50CE073
:10372000FFF798FC824605E0FFF794FCA0EB0A0146
:1037300059454CD8286A8007F6D41FB1E86920F0B3
:103740008050E861E06988B36968C1F381010229AA
:1037500044D00228C6F8608004D0FFF77BFC044602
:1037600038E034E0FFF776FC074604E0FFF772FC30
:10377000C01B02282BD828688001F7D4206AB0F536
:10378000803F05D16868A16820F400300843686074
:10379000D4E908010843696821F47411084368609A
:1037A000C6F86090FFF756FC044606E025E000BF2F
:1037B000FFF750FC001B022809D828688001F7D5C4
:1037C0001BE000BFFFF746FC001B022802D90320C4
:1037D000BDE8F88F28688001F4D40EE00128F7D006
:1037E0006868226A00F48031914204D1616A00F471
:1037F0007010884201D00120EAE70020E8E70000CD
:103800000010024000004242800442428800002032
:103810000070004010B5401EB0F1807F01D3012040
:1038200010BD4FF0E02460610F21601703F00CF928
:103830000020A06107202061002010BD70B590F825
:103840003C20012A2CD0012480F83C40022280F840
:103850003D2003685A689D6822F070060A6832436A
:103860005A60104B02689A420ED00F4B9A420BD00E
:10387000B2F1804F08D00D4B9A4205D00C4B9A42C2
:1038800002D00C4B9A4204D1496825F080031943B9
:10389000916080F83D40002180F83C10084670BDE2
:1038A000022070BD002C01400034014000040040A3
:1038B00000080040000C004010B5040003D094F84C
:1038C0003D0010B107E0012010BD002084F83C004D
:1038D000204600F01FF8022084F83D00211D2068DA
:1038E00002F0DEFC012084F8460084F83E0084F8F3
:1038F0003F0084F8400084F8410084F8420084F8D6
:10390000430084F8440084F8450084F83D0000201A
:1039100010BD000008B500680649884208D1064875
:10392000C16941F00201C161C06900F0020000906C
:1039300008BD0000000400400010024070B50446BD
:1039400090F83C000025012817D0012684F83C603F
:10395000022084F83D002068826822F0770222F479
:103960007F4282600868502838D00DDC20284FD074
:1039700005DC90B3102811D14AE0022070BD302838
:1039800046D040280AD13BE060282FD070280DD0C7
:10399000B0F5805F03D0B0F5005F12D0012584F848
:1039A0003D60002084F83C00284670BDCB68D1E91A
:1039B0000121206802F0C7FC2068816841F077018E
:1039C00009E0CB68D1E90121206802F0BCFC206845
:1039D000816841F480418160E1E719E0CA68496883
:1039E000206802F085FD5021206806E0CA68496819
:1039F000206802F08EFD6021206802F0AEFCCEE768
:103A0000CA684968206802F073FD40212068F4E725
:103A1000226801461046F0E72DE9F0410D4604000A
:103A200003D094F83D0018B108E00120BDE8F08112
:103A3000002084F83C00204600F040F8022084F882
:103A40003D002068816844F2070291438160211D96
:103A5000206802F025FC226890689169166A2B683C
:103A6000AF69034340F20330814341EA0721A8686C
:103A7000EF6908434FF6FC418843E96840EA0720B4
:103A8000014328692F6A000140EA0730084369684A
:103A90006D6926F0220646EA0515294393602268DF
:103AA000906154F8460B0162012004F81F09E0758B
:103AB0002076E0762077A0750020B7E700B585B0C6
:103AC000002100910191029103911A4B02681A485A
:103AD000C0219A4213D1C26942F00402C261C26994
:103AE00002F004020492826942F008028261806955
:103AF000009100F0080004906946104815E0104B52
:103B00009A4214D1826942F400528261826902F4BD
:103B100000520492826942F0100282618069009131
:103B200000F01000049069460648FFF791F905B0CF
:103B300000BD00000008004000100240000C0140E1
:103B4000003401400010014070B590F83E6004461A
:103B500090F83F5090F8423090F84320022021B175
:103B600004290ED0012E1BD114E0012E18D1012BF7
:103B700016D184F83E0084F842000122002120681A
:103B800020E0012D0CD1012A0AD184F83F0084F8ED
:103B9000430014E0012D03D1012B01D1012A01D0F2
:103BA000012070BD84F83E0084F83F0084F8420094
:103BB00084F8430001220021206802F0B7FB0122B3
:103BC0000421206802F0B2FB2068016841F0010185
:103BD0000160002070BD000010B586B0002100918A
:103BE00001910291039100681349884221D1134841
:103BF000816941F004018161816901F0040104914E
:103C0000816941F0080181618069022400F00800A7
:103C10000490C020CDE90004694609480394FFF7E9
:103C200017F90320CDE90004694606480394FFF71D
:103C30000FF906B010BD0000000400400010024063
:103C400000080140000C014070B5044690F83C00AB
:103C500000260D4601280FD0012084F83C006AB1EF
:103C6000042A1DD0082A2FD00C2A3FD0012600207C
:103C700084F83C00304670BD022070BD206802F020
:103C800075FB2068816941F00801816120688169C4
:103C900021F004018161206881692A69114311E0E2
:103CA000206802F093FB2068816941F40061816122
:103CB0002068816921F480618161206881692A69B5
:103CC00041EA02218161D2E7206802F0B5FB206859
:103CD000C16941F00801C1612068C16921F0040196
:103CE000C1612068C1692A69114311E0206802F0AE
:103CF000D7FB2068C16941F40061C1612068C169D6
:103D000021F48061C1612068C1692A6941EA022108
:103D1000C161ACE710B5040003D094F83D0010B1C8
:103D200007E0012010BD002084F83C00204600F090
:103D30001EF8022084F83D00211D206802F0B0FA30
:103D4000012084F8460084F83E0084F83F0084F89F
:103D5000400084F8410084F8420084F8430084F86D
:103D6000440084F8450084F83D00002010BD7047F1
:103D700010B50446022249B104290ED0082913D0F7
:103D800094F84100012816D0012010BD94F83E009F
:103D90000128F9D184F83E200FE094F83F00012873
:103DA000F2D184F83F2008E094F840000128EBD1DC
:103DB00084F8402001E084F841200122206802F0CC
:103DC000B5FA13492068134A884201D0904203D1C2
:103DD000436C43F400434364206888420DD0904212
:103DE0000BD0B0F1804F08D00B49884205D00B4969
:103DF000884202D00A49884204D1816801F0070153
:103E0000062903D0016841F001010160002010BDC6
:103E1000002C014000340140000400400008004034
:103E2000000C0040704710B504460068406994F8E3
:103E30004110C0F3C010212911D180B12068143085
:103E400050E8001F21F0800140E80012002AF5D15F
:103E5000A06B08B1FEF7DCFA204602F025FC2068D2
:103E6000406994F84210C0F38010222911D180B12A
:103E70002068143050E8001F21F0400140E8001293
:103E8000002AF5D1E06B08B1FEF7C2FA204602F035
:103E9000E4FB002010BD7047F8B5016804460868CF
:103EA000CA684B6910F00F0F4FF000055AD003F0AD
:103EB000010602F49077374365D0C10705D0D105DC
:103EC00003D5616C41F001016164410705D5D90753
:103ED00003D0616C41F002016164810705D5D90707
:103EE00003D0616C41F004016164010707D502F061
:103EF0002001314303D0616C41F008016164616CC1
:103F000000293BD0800604D5900602D5204602F059
:103F1000D9FB20684069616CC0F3801001F0080192
:103F2000014320462BD002F098FB206840694006F0
:103F300021D52068143050E8001F21F0400140E8EE
:103F40000012002AF5D1E06BA8B16D494163E06B26
:103F5000FEF782FA002811D0E06B416B01B0BDE89A
:103F6000F040084783060ED593060CD52046BDE8E1
:103F7000F84002F0A7BB2046FFF78DFFF8BDFFF722
:103F80008AFF6564F8BD266B2023012E7CD1C6060E
:103F90007AD5D60678D508684868009048694FF009
:103FA0000206400640D5E16B086840680004000C3A
:103FB000E8D0A28D8242E5D9E085886920282DD0FD
:103FC00020680C3050E8001F21F4807140E8001296
:103FD000002AF5D12168143151E8000F20F00100CA
:103FE00041E80002002AF5D12068143050E8001F93
:103FF00021F0400140E80012002AF5D184F8423057
:10400000256320680C3050E8001F21F0100140E8C3
:104010000012002AF5D1E06BFEF7FAF96663A08D75
:10402000E18D401A81B22AE0A08DE18D401A81B263
:10403000E08D0028A6D00029A4D022680C3252E8D6
:10404000000F20F4907042E80007002FF5D120689F
:10405000143050E8002F22F0010240E80027002F22
:10406000F5D184F84230256320680C3050E8002FE9
:1040700022F0100240E80023002BF5D166632046B1
:10408000FFF7D0FEF8BDFFE705062BD5150629D5AD
:1040900094F841002128F5D1A068B0F5805F01D1E6
:1040A0002069B0B1206A411C216221680078486013
:1040B000E08C401E0004000CE084E3D12068C1685D
:1040C00021F08001C1602068C16841F04001C160F9
:1040D000D8E7206A0088C0F308004860206A801C86
:1040E0002062E5E74006CDD55006CBD5CA6820460C
:1040F00022F04002CA6084F8413000F030FBC1E792
:104100005D65000870B5040004D094F841000025F6
:1041100010B106E0012070BD84F84050204600F048
:1041200023F8242084F841002068C16821F400515C
:10413000C160204602F028FB2068016921F490410B
:1041400001612068416921F02A0141612068C1684C
:1041500041F40051C1606564202084F8410084F876
:1041600042006563002070BDF0B585B00024009466
:104170000194029403940546D0F800C06748DFF824
:1041800098E1061502210322654BC714F4453FD17F
:10419000D0F81CC04CF4002CC0F81CC0D0F81CC0D7
:1041A0000CF4002CCDF810C0D0F818C04CF0100C56
:1041B000C0F818C08069CDE9006100F01000CDE9B9
:1041C000032069461E461846FEF742FECDE90074FC
:1041D000694630460294FEF73BFE534E5148C6E90D
:1041E00000048020C6E9024020203461C6E9054071
:1041F0003046F461FEF7ECFA08B1FDF7DEFCEE6341
:104200000122114634207562FEF794FF342031E01C
:10421000464DAC4532D1C56945F48015C561C569C7
:1042200005F480150495856945F01005856185695B
:1042300005F010050495856945F0200585618069C4
:10424000039200F0200004904FF48050CDE900016B
:1042500069461846FEF7FCFD0420CDE900046946D6
:1042600033480294FEF7F4FD012211463520FEF793
:1042700061FF3520FEF750FF05B0F0BD2D4B9C458A
:1042800021D1836943F480438361836903F48043CC
:104290000493836943F0040383618069264D00F031
:1042A000040004904FF40070CDE9000103926946C8
:1042B0002846FEF7CDFDCDE9006469462846029404
:1042C000FEF7C6FDD8E71D4B9C45D5D1C36943F425
:1042D0008023C361C36903F480230493836943F09B
:1042E000080383618069CDE9006100F00800CDE931
:1042F0000320134D69462846FEF7AAFDCDE9007458
:10430000694628460294FEF7A3FD012211462720A4
:10431000FEF710FF2720ADE7004C004000100240E0
:104320000010014030040240EC0500200050004025
:1043300000140140003801400008014000480040DE
:10434000000C014090F84230202B01D00220704731
:1043500021B11AB10023036302F072BA0120704741
:1043600090F84230202B01D00220704721B11AB1C1
:104370000023036302F0ACBA012070472DE9F14F2E
:10438000E1490098012600240068E04D4FF0020A40
:1043900088427FD1AC466F789CF802109CF80E00E2
:1043A0009CF803B0DA4A0BEB4B0C0B180CEB020930
:1043B00007F1010CDBB20CF0FF0C3A2F6AD2DFE8F8
:1043C00007F01D232B34373B3E41444A41444A41C8
:1043D000444A41444A41444A41444A41444A41448E
:1043E0004A41444A41444A41444A41444A41444A78
:1043F00041444A41444A41444A53575BA52848D165
:1044000010706E70A53105E05A2807D1507085F8FC
:1044100001A05A31A9703DE03A2801D06C7038E013
:104420009070032068703A31F4E7D070042001E006
:104430001071052068700CE050710620FAE7907149
:104440000720F7E789F8070001E089F8080085F8F8
:1044500001C0AB701EE089F8090085F801C0AB709F
:104460000BF10100E87015E082F837003820E1E731
:1044700082F838003920DDE782F839006C70EC7082
:10448000884202D102F0B8FE03E03A21A048FCF7CE
:104490002CF8AC7000989F490068884279D19E4AF8
:1044A0009A4928790C3102F1320310B101280BD05E
:1044B00026E00878AA2823D12E7142F8324F5460A2
:1044C000148118702E701BE028780F781F54401C40
:1044D000C0B228700A2813D30027384613F800C04A
:1044E000401C6744FFB20928F8DB587AB84206D16D
:1044F00052F8330F286150686861884806702C7143
:104500000878A8616873FDF789F900BBA869844938
:1045100053280BD0732809D0502809D0702807D011
:1045200080480068B0F57A7F04D010E00E70E0E0BB
:104530000C70DEE07C4802687C49032A04DA0268D9
:10454000521C02600C6002E0642202600E60A94608
:10455000A869774F7749784A784B794D592819D00F
:1045600058281AD062281AD00A2827DD5A2839D0AC
:1045700041284DD045283ED0422840D043283ED047
:1045800044283CD046283FD047283DD048283BD03F
:1045900010E0B6E0A7F800A00CE03E800AE0DFF8EB
:1045A000A4C1DCF80080B8F1000F1DD04FF0000866
:1045B000CCF800800C8014801C802C800A282DDA16
:1045C0003E8078B1012823D0052814D0022821D0BC
:1045D00003281FD004281DD006282DD007282BD053
:1045E000082829D00C8002E04FF00108E0E7148091
:1045F00003E02C8012E00C8016801C80F9E70C8010
:1046000014801C802E80D9E70C8014801E80D4E793
:104610000E80ECE70C8014801C802E8099F80D2011
:104620003D484D467B2A0BD07D2A10D0697901295F
:1046300007D002290DD05CE00C8014801E80D8E7E2
:104640006E71A9794254491C89F8061051E085F829
:1046500005A0C178502906D04178232941D0A979F5
:10466000E971814628E0384806703AE0A979081ACD
:1046700005F00FFF02460B460020344904F0F4FE1B
:10468000EF79064609EB0700884610F8010C303830
:1046900005F0FFFE3246434605F062FF80460E46B7
:1046A000E86906F06DFA4246334605F0AFFC05F0C6
:1046B0007BFC7F1EE861EF71E8790428D6D299F877
:1046C0000100303802280CD2DFE800F00106E8696A
:1046D00006F0B8FB1E4903E0E86906F0B3FB1D498C
:1046E00008606C71AC71EC7132210B48EC61FBF726
:1046F000FCFEBDE8F84F054901220C311648FFF7D2
:104700002FBEBDE8F88F000000500040440100209B
:104710002418002000480040490A002038000020EA
:1047200039000020340000202C0000203000002040
:10473000020000203A0000203C0000203E00002043
:1047400040000020200000206C00002000002440D9
:104750000402002000020020A405002070477047DA
:10476000FEE770B50D46044600F0C0F8204600F0A4
:104770008DF800F003F9284600F088F800F0FEF804
:1047800000F0B4F8641CE0B200F080F800F0F6F835
:10479000002000F045F8044600F0D0F8204670BD37
:1047A00070B50D4C0025C4F8B8510C48016821F0D3
:1047B00070410160016841F040510160C4F8BC5192
:1047C000012004F5DC7402F041FE0120206002F0BB
:1047D0003DFE256070BD000000802142040C0140B8
:1047E00070B50D4C0025C4F8B8510C48016821F093
:1047F00070410160016841F0405101600126C4F838
:10480000BC61304604F5DC7402F020FE2660012015
:1048100002F01CFE256070BD00802142040C0140A6
:104820002DE9F047814617480024016821F07041C6
:104830000160016841F000410160134E25462746A2
:104840004FF00108C6F8B871022002F0FFFDC6F86B
:10485000B8816006040ED6F83C0108B1641CE4B2CD
:10486000022002F0F3FD6D1CEDB2082DEAD3B9F180
:10487000000F02D0FFF794FF01E0FFF7B1FF2046E1
:10488000BDE8F087040C0140008021422DE9F04191
:1048900006461448016821F070410160016841F04A
:1048A00040510160104C0027C4F8B8713D464FF0EC
:1048B0000108F009C4F8BC017006060E012002F0E0
:1048C000C5FDC4F8B881012002F0C0FDC4F8B8717C
:1048D000012002F0BBFD6D1CEDB2082DE9D3BDE84F
:1048E000F0810000040C01400080214270B51148A5
:1048F000016821F070410160016841F040510160A0
:104900000D4C0120C4F8BC01D4F83C1149B1C4F8E5
:10491000B80102F09BFD0025C4F8BC51D4F83C015D
:1049200008B1002070BD012002F090FDC4F8B8511C
:10493000012070BD040C0140008021420D4810B5DB
:10494000016821F070410160016841F0405101604F
:10495000094C0020C4F8B801C4F8BC01012004F5DA
:10496000DC7402F073FD012020606060BDE810403F
:1049700002F06CBD040C01400080214270B5134868
:104980000024016821F070410160016841F000419C
:1049900001600F4D0126C5F8BC61304602F056FD9E
:1049A000C5F8B86107E0641CE4B2322C03D9FFF704
:1049B000C5FF002070BD012002F048FDD5F83C0184
:1049C0000028F0D1C5F8B801012070BD040C0140E9
:1049D0000080214210B51446FFF7C3FE207001206D
:1049E00010BDF8B515461C460E4607466A46FFF749
:1049F000F1FF01209DF80010A8400CB1084301E030
:104A000021EA0000C2B28DF800203146384600F09D
:104A10002BF8F8BD2DE9F84314461D460F46804695
:104A20006A46089EFFF7D6FF00281BD0611CFF20B6
:104A3000C4F1080200FA01F12A44521ED040014399
:104A4000C5F108008640F2B2C4F10700C2409DF8EB
:104A50000000084010438DF80000C2B239464046BD
:104A600000F002F8BDE8F88307B502AB012200F0C0
:104A700001F80EBD2DE9F0411E4615468846074651
:104A80000024FFF733FF3846FFF700FFFFF776FFFC
:104A90004046FFF7FBFEFFF771FF06E0305DFFF7D2
:104AA000F5FEFFF76BFF641CE4B2AC42F6D3FFF7F0
:104AB00045FF0120BDE8F0812DE9F04106F02AFB19
:104AC000164C0746E16F06F02FFB0546206E06F0F8
:104AD000F5F9294606F052FA0546E06D06F0EEF9C2
:104AE000394606F04BFA294606F076F804F18006BE
:104AF0000546306806F0E2F9294606F06DF806F042
:104B0000A1F930600648E76761780078084302D071
:104B10000020306060703068BDE8F081A4010020A2
:104B2000040000202DE9F04106F0F4FA164D074686
:104B3000696806F0F9FAA5F180040646206E06F0D1
:104B4000BDF9314606F01AFA0646E06D06F0B6F9F0
:104B5000394606F013FA314606F03EF80646A868D4
:104B600006F0ACF9314606F037F806F06BF9C5E906
:104B70000170064861780078084302D00020A860E0
:104B80006070A868BDE8F0812402002004000020C5
:104B900041060748826942F0010282610548426885
:104BA00022F0E062426042680A43426070470000BF
:104BB00000100240000001402DE9F04F04469148EA
:104BC000ABB011AFB0E86810299287E868106CC8E4
:104BD0000DAF87E86C0050E91423CDE9272350E995
:104BE0001223CDE9252350F8588900F15C031FAF4B
:104BF00093E80C109346199350F8682B2A926CC8CE
:104C000087E86C0050E91820CDE9232000200790A8
:104C100008900490059006901B901C9009900A90B3
:104C20000B9003900C901D901E901A90E24608463F
:104C300005F0A6FF05460E4684F0004005F0A0FFF3
:104C40002A46334602F018FA05F0AEF96E4F159079
:104C50000DAC0222CDE9004707AE012311460296B2
:104C6000104604F0EFF91BAA29A927A88DE8070030
:104C700001231A461946022004F0E4F91B9907980B
:104C800005F0AAFF07F1080528601C99089805F0AF
:104C9000A3FF68600DF10C0905F1280100940223BF
:104CA000CDE901191A461946184604F0CBF909A9AD
:104CB0001FAACDF80090CDE9012102231A4619461A
:104CC000184604F0BFF94146099805F085FF4F4C9E
:104CD000594620600A9805F07FFF606019990B988B
:104CE00005F07AFFA06051460C9805F075FFE06072
:104CF0000DF1940A0223CDE900A40DF1740B1A46BC
:104D0000CDF808B01946012004F09CF90DF16808AF
:104D100023A9CDF800B0CDE90118012302221146E4
:104D2000184604F08FF92A991A9805F055FF0146A4
:104D30004FF07E5005F0C4FF1A9023A8CDE9004043
:104D40000222012311460296104604F07BF905F178
:104D5000080B01238DE840091A461946022004F089
:104D600071F9CDF800A0CDE90158012302221146C6
:104D7000184604F067F91A99159806F0D5F91A90B3
:104D8000CDF800B00123CDE901861A46194602206C
:104D900004F058F90799286805F01EFF3860089953
:104DA000686805F019FF7860CDF800B0CDE901A979
:104DB000022301221146184604F044F90399119880
:104DC00006F0B2F903900499129806F0ADF9049038
:104DD0000599139806F0A8F905900699149806F01D
:104DE000A3F9069005F12800CDF800900223CDE943
:104DF00001401A461946184604F024F938682BB0C9
:104E0000BDE8F08F74CA000824030020FC250020B0
:104E10002DE9F04F04469348ABB000F178030F46FC
:104E200093E8681011A9299281E8681000F18805BB
:104E30000DF134084ECD88E84E00D0E90812CDE9D6
:104E40002712D0E90A12CDE92512B5E80E108846DE
:104E5000CDF858C0416892469B462A912ECD1FAE90
:104E600086E82E00D0E90C10CDE923100020079031
:104E700008900490059006901B901C9009900A9051
:104E80000B9003900C901D901E901A90384605F0E0
:104E900077FE06460D4684F0004005F071FE32466E
:104EA0002B4602F0E9F805F07FF86F4F15900DAC36
:104EB0000222CDE9004707AE0123114602961046B3
:104EC00004F0C0F81BAA29A927A88DE80700012330
:104ED0001A461946022004F0B5F81B99079805F008
:104EE0007BFE07F1080528601C99089805F074FE00
:104EF00068600DF10C0905F1200000940223CDE952
:104F000001091A461946184604F09CF809A91FAA77
:104F1000CDF80090CDE9012102231A461946184622
:104F200004F090F84146099805F056FE4F4C514662
:104F300020600A9805F050FE606059460B9805F015
:104F40004BFEA06016990C9805F046FEE0600DF14E
:104F5000940A0223CDE900A40DF1740B1A46CDF892
:104F600008B01946012004F06DF80DF1680823A976
:104F7000CDF800B0CDE901180123022211461846F0
:104F800004F060F82A991A9805F026FE01464FF0C1
:104F90007E5005F095FE1A9023A8CDE9004002222C
:104FA000012311460296104604F04CF805F1080B57
:104FB00001238DE840091A461946022004F042F800
:104FC000CDF800A0CDE90158012302221146184670
:104FD00004F038F81A99159806F0A6F81A90CDF84A
:104FE00000B00123CDE901861A461946022004F0DB
:104FF00029F80799286805F0EFFD38600899686876
:1050000005F0EAFD7860CDF800B0CDE901A90223F2
:1050100001221146184604F015F80399119806F07C
:1050200083F803900499129806F07EF8049005998D
:10503000139806F079F805900699149806F074F81C
:10504000069005F12001CDF800900223CDE9014141
:105050001A461946184603F0F5FF38682BB0BDE82C
:10506000F08F00003CCA00083C0300200C26002002
:10507000094A68B109490B685B1C0B60834206D181
:10508000D2F88801C043C2F8880100200860704748
:105090000120C2F888017047000022428C000020E5
:1050A0002DE9F05F0024DFF89090DFF890A0DFF8A2
:1050B000908026462546274608EBC400406800EB52
:1050C000090353451ED338F834B0ABF10101B1F5F3
:1050D000E07F17D81849761C4942F6B2884202DAB6
:1050E0000146284606E01749884206DD164906F0C3
:1050F0001BF8294605F070FD0546BBF1FA0F01D2F9
:105100007F1CFFB2641CE12CD6DB082E12D90F489D
:10511000006801280ED10E48006858B1082F02D34C
:105120000320BDE8F09FB5F5000F01DB0120F8E793
:105130000220F6E70020F4E70000B8BD01005301AB
:105140006018002000009B430000B44320000020B2
:10515000240000202DE9F05F0025DFF824A1DFF80E
:1051600024813A270AF69C59AB4605EB4500C0EB73
:10517000451100240AEB410694FBF7F107FB1141AE
:10518000305D3A2972D2DFE801F01D20282B2E3144
:10519000343740493740493740493740493740491B
:1051A0003740493740493740493740493740493708
:1051B00040493740493740493740493740493740EF
:1051C00049595C6089F800003DE089F801003AE047
:1051D0004A78104488F8010048E089F8020032E07B
:1051E00089F803002FE089F804002CE089F8050015
:1051F00029E089F8060026E098F80220414602EBF3
:10520000420303EB0902D071E2E798F8022041461D
:1052100002EB420303EB09021072D9E798F802206F
:1052200002EB420C0CEB0903521C587298F8013047
:10523000184488F8010088F8022017E089F8370040
:1052400001E089F838004146C2E789F8390088F85A
:1052500002B098F80110884202D101F0CDFF03E0BE
:105260003A210948FBF763F988F801B0641C3A2C2D
:1052700082DB6D1C1D2DFFF678AFBDE8F09F0000AE
:10528000880A0020780100202418002030B5114A37
:10529000114C0021506AA4F5A75500EB4003C3EB65
:1052A000401305EB4303655C5D54491C3A29FADB66
:1052B0001C2806D1094B012151601960084B0021BF
:1052C00019601D21401C90FBF1F301FB130050629B
:1052D00030BD000078010020681F0020240000205D
:1052E0002800002010B5022000F011F8032000F083
:1052F00020F8002000F014F8002000F02FF8002023
:1053000000F026F8BDE81040002000F01BB808B5FA
:105310000323009002226B21D020FFF77BFB08BD06
:1053200008B50223009004221C21D020FFF772FB55
:1053300008BD08B50223009004221B21D020FFF7EE
:1053400069FB08BD034601223721D020FFF749BB86
:10535000034605226A21D020FFF743BB03460622FD
:105360006B21D020FFF73DBB0C4810B50A49016006
:1053700000218160017301754FF46022C2614160B8
:1053800001210161FCF788FE08B1FCF716FCBDE8BD
:1053900010400248FCF792BD002801407403002031
:1053A000094808B5416941F00201416140690022A4
:1053B00000F00200009011463A20FDF7BBFEBDE868
:1053C00008403A20FDF7A8BE001002402DE9F04F3A
:1053D00085B000245148009401940294039481699B
:1053E00041F010018161816901F01001049181692E
:1053F00041F020018161816901F0200104918169FE
:1054000041F004018161816901F004010491816925
:1054100041F0080181618069414F00F0080004906B
:10542000002244F210313846FDF70EFE012204211D
:105430003846FDF709FEDFF8ECB04FF44048012292
:1054400041465846FDF700FEDFF8DCA04FF4004966
:10545000002249465046FDF7F7FD00223821584604
:10546000FDF7F2FD7814CDE9000469463846029450
:10547000FDF7EEFC01254FF48040CDE900056946BB
:105480003846CDE90245FDF7E3FC4FF445700326AD
:10549000CDE90005CDE9024669463846FDF7D8FC5E
:1054A000CDE900540227694650460297FDF7D0FC2B
:1054B000CDF800800396CDE9015469465846FDF7C2
:1054C000C7FCCDF800900397CDE9015469465046DA
:1054D000FDF7BEFC3820CDE9000569465846CDE908
:1054E0000245FDF7B5FC28028DE8310069465846B3
:1054F000FDF7AEFC680200900C48CDE90105694655
:105500005846FDF7A5FC012202211720FDF712FEE7
:105510001720FDF701FE05B0BDE8F08F0010024036
:1055200000100140000C0140000801400000211063
:1055300010B58EB000240794089409940A940B9433
:105540001C2168460C94FAF7F2FF32483049C0E952
:10555000001441F61F41C0E90241802104618161CC
:10556000FEF7AAF908B1FCF728FB4FF4805007902A
:1055700007A92848FEF7E2F908B1FCF71EFB254809
:10558000FEF7C8FB08B1FCF718FB0B940BA92148E8
:105590000C94FEF753F908B1FCF70FFB6020CDE93E
:1055A00000040294002269461A480494FEF74CFB5A
:1055B00008B1FCF702FB042269461648FEF744FBDB
:1055C00008B1FCF7FAFA082269461248FEF73CFBDC
:1055D00008B1FCF7F2FA0C2269460E48FEF734FBDC
:1055E00008B1FCF7EAFA00210A48FEF7C1FB0421E2
:1055F0000848FEF7BDFB08210648FEF7B9FB0C2161
:105600000448FEF7B5FB0348FEF7E6FA0EB010BDFE
:1056100000040040A403002010B58CB0242168468B
:10562000FAF785FF00241848099416490A94C0E93E
:1056300000144FF6FF71C0E9024104618461032048
:10564000CDE900040120CDE902040A210491CDE94D
:105650000540CDE9074169460B48FEF7DDF908B181
:10566000FCF7ABFA099409A907480A94FEF7E6F893
:1056700008B1FCF7A2FA3C210348FEF765FA0CB02A
:1056800010BD000000080040EC03002010B58CB0F5
:1056900024216846FAF74BFF00241848099416495C
:1056A0000A94C0E900144FF6FF71C0E90241046199
:1056B000446184610320CDE900040120CDE90204A6
:1056C0000A210491CDE90540CDE9074169460B481F
:1056D000FEF7A2F908B1FCF770FA099409A9074886
:1056E0000A94FEF7ABF808B1FCF767FA3C210348CF
:1056F000FEF72AFA0CB010BD00340140340400203B
:1057000010B5114C0F480C2120604FF461306060DF
:105710000020A060E060C4E90401A061E0612046CF
:10572000FEF7F0FC08B1FCF748FA2068C16841F0C8
:105730001001C160BDE81040FF2204490248FEF795
:1057400001BE0000004C0040CC040020681F002077
:105750000E4810B50C4901604FF4613141600021E1
:1057600081600C22C160C0E904128161C161FEF751
:10577000C9FC08B1FCF721FABDE810400122044938
:105780000248FEF7EDBD0000005000401405002067
:10579000520100200C4810B50A4901604FF4E13174
:1057A0004160002181600C22C160C0E90412816166
:1057B000C161FEF7A7FC002803D0BDE81040FCF74C
:1057C000FCB910BD003801405C0500200E4810B542
:1057D0000C4901604FF4E1314160002181600C22ED
:1057E000C160C0E904128161C161FEF78BFC08B1A0
:1057F000FCF7E3F9BDE81040012204490248FEF736
:10580000AFBD000000480040A4050020500100206A
:10581000FEE7000000B501F0ABF80E4901280CD0FE
:1058200002280DD0032807D10878002804D10A489F
:10583000016869B10021016000BD0020087000BD51
:105840000648017811B10021017000BD0121FBE77C
:105850000121F0E7190000202000002008000020AE
:10586000FEE700002DE9F0477948007800287BD159
:1058700078480068784E002506F18004002873D02F
:10588000E168206C05F050FC0746F06E05F016FB51
:10589000716E05F03FFC394605F03CFB4AD8F06ECE
:1058A00005F00CFB716E05F097F90746E168206C76
:1058B00005F03AFC394605F02DFBEFD82169606C04
:1058C00005F032FC0746F06E05F0F8FAB16E05F00F
:1058D00021FC394605F01EFB2CD8F06E05F0EEFADF
:1058E000B16E05F079F906462169606C05F01CFC83
:1058F000314605F00FFB1DD8FFF7D2FB574E584F2E
:10590000584910B90A88012A15D0574A1288012A25
:105910002BD0564A564E574F1288DFF85C81DFF87D
:105920005C91012A3BD0564A1288012A50D009883E
:10593000012965D06BE0E06805F022F932463B466C
:1059400004F064FB04F030FBE060206905F018F916
:1059500032463B4604F05AFB04F026FB20614948DE
:105960006061A061484818E054E0E06805F008F97B
:1059700032463B4605F01AF804F016FBE060206959
:1059800005F0FEF832463B4605F010F804F00CFB3B
:1059900020613E486061A0613D48E06137E0E06819
:1059A00005F0EEF832463B4605F000F804F0FCFA4C
:1059B000E060206905F0E4F832463B4604F026FB3F
:1059C00004F0F2FA04F11001E56181E801031EE040
:1059D000E06805F0D5F832463B4604F017FB04F0CA
:1059E000E3FAE060206905F0CBF832463B4604F06C
:1059F000DDFF04F0D9FAC4E90409C4E9068506E02C
:105A000028B10128CBD00228E2D0032804D0656158
:105A1000A561E561BDE8F087E06805F0B1F81D4ECD
:105A20001D4F32463B4604F0C1FF04F0BDFAE06072
:105A3000206905F0A5F832463B4604F0B7FF04F0B4
:105A4000B3FA206115486061A0611548A5E7000020
:105A50001900002030000020A40100209A99999993
:105A60009999A93F3A0000203C0000203E00002008
:105A70007B14AE47E17A943F6F1203BB6F12033B76
:105A8000400000206F12033C4DF30E3D0AD7A3BB2C
:105A90004DF30EBDCDCCCC4CE17AA43F6F1283BB4D
:105AA0004DF38EBD10B40021084B0A465FF0000094
:105AB00003EBC004401CC0B262548028F8D3491CD8
:105AC000C9B20829F2D310BC00F09CB830060020FF
:105AD00010B57F2816D83F2914D80723A3EBD1038C
:105AE00001F00701C1F107040121A140064CDBB21E
:105AF00004EBC000002AC25CC9B201D00A4300E036
:105B00008A43C25410BD00003006002010B50220A8
:105B1000FFF73EF80120FFF73BF8394C0020C4F8AE
:105B20009001642004F5C87401F076FC0120206027
:105B30000021AE2000F030F90021D52000F02CF932
:105B40000021502000F028F90021A82000F024F9BD
:105B500000213F2000F020F90021D32000F01CF9A3
:105B60000021084600F018F90021402000F014F947
:105B700000218D2000F010F90021142000F00CF914
:105B80000021202000F008F90021022000F004F993
:105B90000021A12000F000F90021C02000F0FCF855
:105BA0000021DA2000F0F8F80021122000F0F4F8CB
:105BB0000021812000F0F0F80021EF2000F0ECF847
:105BC0000021D92000F0E8F80021F12000F0E4F8ED
:105BD0000021DB2000F0E0F80021302000F0DCF8AC
:105BE0000021A42000F0D8F80021A62000F0D4F86D
:105BF0000021AF2000F0D0F8BDE81040FFF752BF01
:105C00000080214270B5114E002400BF04F1B000A5
:105C1000C0B2002100F0C0F80021084600F0BCF836
:105C20000021102000F0B8F85FF0000506EBC50079
:105C30000121005D00F0B0F86D1CEDB2802DF5D3B0
:105C4000641CE4B2082CE1D370BD000030060020D3
:105C50002DE9FF4F203A1F460C46894602F0FF0A05
:105C60000025DDF834B032E00C2F09D01A4901EBE1
:105C70000A104FF00008465D300607D55A4609E085
:105C800016490AEB4A0001EB8000F2E7BBF1000F76
:105C900012D0002221460098FFF71AFF7006641CFC
:105CA000060EE4B2A4EB0900B84207D100984C46B6
:105CB000401CC0B2009008E00122EBE708F10100AF
:105CC00000F0FF08B8F1080FD6D36D1CEDB2BD424D
:105CD000CAD3BDE8FF8F000002B800088EB30008E9
:105CE0002DE9FF4F81B00026DDF838A01D46934610
:105CF000814634464FF001084FEA5A0727E0281B37
:105D0000401EC1B20A2003F0ECF9BBFBF0F00A21FF
:105D1000B0FBF1F201FB120026B9691E8C4201DAD8
:105D200048B101263030C2B207FB0490C0B25346DE
:105D3000CDF8008006E007FB0490C0B25346202255
:105D4000CDF800800299FFF783FF641CE4B2AC42F7
:105D5000D5D305B0BDE8F08FF8B516460D4604461C
:105D6000012714E07A2C02D900241035EDB23A2D27
:105D700003D900242546FFF795FE009732780C23BF
:105D800029462046FFF764FF0834E4B2761C3078D9
:105D90000028E7D1F8BD000070B500250E4A0123A8
:105DA00011B1C2F88C3101E0C2F88C510B4C0021CA
:105DB000C4F8B851060602D5C2F8943101E0C2F821
:105DC0009451C4F8B8314006491C000EC9B20829E4
:105DD000EED3C2F88C3170BD008021420000224217
:105DE0000020044902460A54401CC0B20928FAD3D4
:105DF00070470000400A00202DE9F84F0124824638
:105E0000ADF800401D4800254570ADF800401C4E1F
:105E10001C4F81464FF6FF7826E000BFBDF800100A
:105E200011EA0A0F02D0C6F8A44101E0C6F8A45155
:105E3000C6F8A041052001F009FBC6F8A0510520D5
:105E400001F004FBC6F8A041D7F8200130B199F861
:105E50000110BDF80020114389F80110BDF80000C1
:105E600008EA4000ADF80000BDF80000FF28D5D9D1
:105E7000BDE8F84F102001F0E9BA0000400A002008
:105E8000000022420080214270B5FFF7A9FF00F018
:105E90004FF80B480B4BB0F803100A4820338180B1
:105EA0000020012413F8105000F101006D1E04FAC7
:105EB00005F20A42C0B202D01028F3D3002070BD10
:105EC000400A00200401002010B5FFF7DDFF114952
:105ED000114AC861D379CB60137A0B6154794C6154
:105EE00092798A6101240D4A042801D1107878B191
:105EF000886800280BD0762B09DA1078002806D1A4
:105F0000084914700648086008490748086010BD31
:105F10008C60F0E704010020400A002018000020F7
:105F20000000964344000020000048444800002040
:105F30002DE9FC4700248DF800400125ADF8045000
:105F4000254EC6F89041254F3878FFF755FF7878F1
:105F5000FFF752FF02208DF80000214FDFF88490F8
:105F60004FF6FF7830E000BFADF8045020E000BFEE
:105F7000C6F8A051052001F069FAC6F8A041052035
:105F800001F064FAC6F8A051D7F8200150B19DF88D
:105F90000010BDF8042019F8011011439DF80020ED
:105FA00009F80210BDF8041008EA4100ADF8040039
:105FB000BDF80400FF28DBD9102001F047FA9DF856
:105FC0000000401C8DF800009DF800000928CBD38C
:105FD000C6F89051BDE8FC8700002242060100206F
:105FE00000802142400A0020884200DD084690429D
:105FF00000DA1046704770472DE9F04F89B0684CC1
:1060000007A8CDE9004004F1260106AB02AA881FCB
:1060100001F086FB2088C0057ED5029804F04EFF73
:106020006FF01D06314605F056F980466060039812
:1060300004F044FF314605F04EF90746A06004988D
:1060400004F03CFF314605F046F90546E06005984E
:1060500004F034FF314605F03EF906462061012187
:10606000404605F038F9294604F088FF05464FF010
:1060700040484146384604F081FF314604F07EFF37
:10608000294604F0A9FD04F07BFD00F0ADFDDFF82A
:1060900014A14FF066394A46534604F061FA03F002
:1060A00083FF6061E0680121054605F014F983462D
:1060B000294604F063FF0546A0684146064604F001
:1060C0005DFF314604F05AFF294605F02DF84FF0E8
:1060D0007E5104F081FD04F053FD07460D46012179
:1060E000606805F0F8F8314604F048FF0646584667
:1060F000216904F043FF314604F06EFD04F040FDD9
:106100003A462B4600F0B8FF4A46534604F028FAB8
:1061100003F04AFFA06100E03FE0216901910846D9
:1061200004F02CFFE16807460846009104F026FFC2
:10613000A16806468B46584604F020FF6168054674
:106140008846404604F01AFF294604F045FD3146D2
:1061500004F0EAFF394604F0E7FF04F011FD0646BB
:106160000D464046019904F009FF0746584600993C
:1061700004F004FF394604F02FFD012105F0ABF8CF
:1061800004F0FEFC32462B4600F076FF4A465346AA
:1061900004F0E6F903F008FFE06109B0BDE8F08F14
:1061A000CC00002066A64C400021032805D004281E
:1061B00005D0082805D000207047044A02E0044AB0
:1061C00000E0044A1068116000B2704724040040E7
:1061D00024080040243401407047000010B50F4BE4
:1061E0004FF4E1521C1D002804DD1A60C0F5E15097
:1061F000206003E000F5E15018602260074B08338F
:10620000181D002904DDC1F5E1511960026010BDBF
:106210001A6001F5E151016010BD00003404004036
:10622000FCF71EBF30B595B028216846FAF77FF914
:1062300014210AA8FAF77BF918210FA8FAF777F9C1
:1062400001210804CDE900100025029502240491E3
:10625000CDE907404FF4E01009906846FDF74AF990
:1062600008B172B6FEE70AA90F2081E831004FF4A9
:106270008060CDE90D0502210AA8FDF75FF808B19D
:1062800072B6FEE74FF4004011900F940FA8FCF790
:10629000DFFF002801D072B6FEE715B030BD7047B1
:1062A000F0B502681C4B1D4D1D4E1E4F1E4C4FF08D
:1062B000804C984209D0A04207D0604505D0A84242
:1062C00003D0B04201D0B84204D122F0700E4A6827
:1062D00042EA0E02984209D0A04207D0604505D09C
:1062E000A84203D0B04201D0B84203D122F4407595
:1062F000CA682A434D6922F080022A4302608A68F4
:10630000C2620A688262984201D0A04201D1096942
:10631000016301214161F0BD002C014000040040F7
:1063200000080040000C00400034014010B501F0AE
:106330001F030121046A99408C430462016A9A4058
:106340001143016210BD10B5846842EA032224F4AF
:106350007F440A432243826010BD826822F07002AB
:106360000A4342F00701816070470000F0B5036AFC
:10637000026A22F00102026242688469124E24F02D
:1063800073050C682C4323F002058B682B430D4DDD
:10639000A84201D0B04205D123F00807CB683B43A7
:1063A00023F00403A84201D0B04205D14D6922F484
:1063B000407215438A692A43426084614968416397
:1063C0000362F0BD002C014000340140F0B5026AC8
:1063D000036A23F010030362436884690D6824F4A0
:1063E000E64444EA05248D6822F0200242EA0512C0
:1063F0000F4D104EA84201D0B04206D1CF6822F016
:10640000800242EA071222F04002A84201D0B042C4
:1064100007D14D6923F4406343EA85038D6943EA5C
:10642000850343608461496881630262F0BD0000B6
:10643000002C014000340140F0B5026A036A23F4E5
:10644000807303624368C46922F4007224F0730508
:106450000C68124E2C438D6842EA05220E4DA8426C
:1064600001D0B04206D1CF6822F4006242EA07228E
:1064700022F48062A84201D0B04207D14D6923F4D2
:10648000405343EA05138D6943EA05134360C46131
:106490004968C1630262F0BD002C01400034014034
:1064A00030B5046A026A22F4805202624268C3690B
:1064B0000D6823F4E64343EA05238D6824F4005471
:1064C00044EA0534084DA84202D0084DA84204D140
:1064D0004D6922F4804242EA85124260C3614968F4
:1064E0000164046230BD0000002C01400034014012
:1064F00010B5036A046A24F001040462846924F07C
:10650000F00444EA021423F00A020A43846102629E
:1065100010BD10B5036A046A24F010040462846993
:1065200023F0A00324F4704444EA023243EA011148
:106530008261016210BD000010B50448FDF7ACFC9B
:10654000BDE81040014800F0E5B90000CC0400208F
:106550000148FDF7A1BC00001405002010B5406AF9
:106560000021C185C184FDF796FC10BD70B5446A59
:106570002068406994F84110C0F3C010002521291B
:1065800004D118B1E584204600F08EF820684069F7
:1065900094F84210C0F38010222904D118B1E58587
:1065A000204600F05AF8606C40F01000606420460D
:1065B000FDF771FC70BD10B50146406A09680968B5
:1065C0004FF0000289062ED4C28501680C3151E8D3
:1065D000003F23F4807341E80034002CF5D10168BA
:1065E000143151E8003F23F0010341E80034002C4E
:1065F000F5D10168143151E8003F23F0400341E830
:106600000034002CF5D1202180F84210016B0129C3
:1066100009D101680C3151E8003F23F0100341E833
:106620000034002CF5D14263016B012902D0FDF743
:10663000A5FE10BD818DFDF7F5FB10BD10B5406ABC
:1066400001214163016B012902D0FEF787F810BDDB
:10665000818D4908FDF7E6FB10BD01680C3151E85A
:10666000002F22F4907241E80023002BF5D101683D
:10667000143151E8002F22F0010241E80023002BE1
:10668000F5D1016B012909D101680C3151E8002FC6
:1066900022F0100241E80023002BF5D1202180F8E0
:1066A000421000210163704701680C3151E8002F4E
:1066B00022F0C00241E80023002BF5D1202180F810
:1066C0004110704708B590F84210222901D00220ED
:1066D00008BD82684FF480539A4201D1016921B10B
:1066E000816A9A421BD04AB10AE00268816A526804
:1066F000C2F308020A80816A891C08E0026972B14B
:106700000268526802F07F020A70816A491C816245
:10671000C18D491E0904090CC18503D01BE0026824
:106720005268F1E70168CA6822F02002CA60016875
:10673000CA6822F48072CA6001684A6922F00102C4
:106740004A61202180F8421000214163026B012A36
:1067500003D0FDF713FE002008BD016301680C3172
:1067600051E8002F22F0100241E80023002BF5D160
:1067700001680A68D20602D50A6849680091818DCD
:10678000FDF750FBE7E7000070B5044600680169BB
:10679000E26821F44051114301612169A068084376
:1067A000616908432168CA6841F20C639A43024355
:1067B000CA6020684169A26921F4407111434161B6
:1067C0001E492068884202D1FCF75EFE01E0FCF71A
:1067D0004BFE00EBC00101EB0012606864218000F9
:1067E000B2FBF0F3B3FBF1F36FF018067343B2FBA7
:1067F000F0F5B2FBF0F605EB8305322303EB05154C
:10680000B5FBF1F5B6FBF1F605F0F00505EB061565
:10681000B2FBF0F6B2FBF0F0B0FBF1F06FF0180253
:10682000504306EB800003EB0010B0FBF1F0216851
:1068300000F00F002844886070BD0000003801405F
:1068400038B58162044682850020134660642222A6
:1068500084F84220E56B1B4AAA62E56B1A4AEA6299
:10686000E56B1A4A2A63E26B50630A462168E06BC3
:10687000091DFBF7EBFF2068016840680090206964
:1068800048B120680C3050E8001F41F4807140E8A6
:106890000012002AF5D12068143050E8001F41F0A2
:1068A000010140E80012002AF5D12068143050E8B8
:1068B000001F41F0400140E80012002AF5D10020FD
:1068C00038BD0000B76500083D6600086D6500082A
:1068D00081628285C28500214164222180F84210B4
:1068E000016921B10168CA6842F48072CA60016816
:1068F0004A6942F001024A610068C16841F0200122
:10690000C1600020704700000148FDF7C5BA0000D3
:10691000A405002038B511481149006888421CD1EF
:106920000168C943C90618D40168406800900B4843
:10693000FDF779FA0B4800684068C0F1FF00C4B267
:10694000FEF7A4FC21460848F9F7F1FDBDE8384000
:10695000FF2205490148FDF7F5BC38BDCC040020F5
:10696000004C0040EC050020681F0020FEE70000FE
:10697000294810B503780021284A062B37D2DFE8D2
:1069800003F0030816203042D2F80011012913D079
:106990002DE083885B1C9BB28380052B27D1D2F826
:1069A0000021012A01D0818006E0022214E0D2F801
:1069B0000011012902D00321017018E08188491CCF
:1069C0000DE08288B2F5C87F03D901708180022072
:1069D00010BD052A02D90422027000E001708180F6
:1069E00005E083885B1C9BB28380262B01D00020AE
:1069F00010BDD2F80021012A03D00170818001204E
:106A000010BD0522E8E7D2F80021012AD6D0818006
:106A10000170032010BD0000900000200000214202
:106A2000490050EAC12018BF04204A0D18BF40F0A9
:106A3000010040F2FF72B2EB515F08BF40F002006C
:106A4000012808BF052070470907090E002804DB4C
:106A500000F1E02080F80014704700F00F0000F112
:106A6000E02080F8141D70472DE9F0414F1E00EB27
:106A7000C7010446D1E9000115461E4637F006025B
:106A80000DD02A46334603F06BFD7F1E04EBC7038F
:106A9000D3E9002303F0BAFA37F00602F1D1022F4E
:106AA00025D0042F13D0062F18BFBDE8F0812A4649
:106AB000334603F055FDD4E90A2303F0A7FA2A462A
:106AC000334603F04DFDD4E9082303F09FFA2A462C
:106AD000334603F045FDD4E9062303F097FA2A462E
:106AE000334603F03DFDD4E9042303F08FFA2A4630
:106AF000334603F035FDD4E9022303F087FA2A4632
:106B0000334603F02DFDD4E90023BDE8F04103F046
:106B10007DBA0000002213461046014903F032BB43
:106B20000000F03F012204F0A8BB03F06FBA00227E
:106B300013461046114603F025BB40F201320020F7
:106B40004FF0E04104F099BB024A0020110704F025
:106B500094BB000001FDFFFF30380A2801D201205C
:106B600070470020704770472DE9FE4F07460E46DC
:106B70000025684601F032F900246FF00F0AE8465C
:106B80004FF0010957F8240056F82410401A00D598
:106B9000404204F093F9514604F09DFB58F824104C
:106BA00011F0FF4F0BD004F08BF84FF07E5104F042
:106BB000BBFA0A4920F00040884205DC07E008499A
:106BC00008440849884202D309FA04F00543641CCA
:106BD000032CD7DB2846BDE8FE8F0000295C0F3E62
:106BE000666666C19A99D9002DE9F04D8D4F21F066
:106BF000004A86B005460C46BA452ADBAAEB0700D8
:106C000028430AD08848824501DC1AD1CDB106B0AC
:106C10002846BDE8F04DFFF785BF844A844B2846DF
:106C200003F09EFC07460E46824A834B28462146C7
:106C300003F096FC06B03A463346BDE8F04D03F04B
:106C4000E5B90120F9F71AFD06B0BDE8F04DFFF7F0
:106C50006EBF7A48824542DABAF1795F0BDA28468C
:106C6000FFF7DEFE042808BFFFF76EFF284606B0D8
:106C70002146BDE8F08D2A460B46104603F070FC15
:106C8000834602466E480E460B4606217844FFF7BF
:106C9000EBFE5A46334603F063FC804669488A4659
:106CA0005A46334604217844FFF7DEFE5A463346FF
:106CB00003F056FC00223B4603F0A8F902460B46BF
:106CC0004046514603F05EFA2A46234603F048FC4C
:106CD00006B02A462346BDE8F04D03F097B9284692
:106CE00024F0004100223D463B4603F06DFD4FF08D
:106CF000FF3204F0C2FA0646024653480F460B46DE
:106D000006217844FFF7B0FE32463B4603F028FCEC
:106D1000CDE900014D4832463B4604217844FFF757
:106D2000A3FE32463B4603F01BFC00222B4603F039
:106D30006DF9834602913046394603F0EBF8804600
:106D400043480D46504517DCDDE900015A46029BD9
:106D500003F018FA42462B4603F002FC42462B464B
:106D600003F054F9012204F088FA304A304B03F062
:106D70001DFE304A304B4CE04FF0000A52460B46A5
:106D8000404603F043F9CDE9031052462B46104626
:106D9000194603F0E5FB32463B4603F015FDDDE9FD
:106DA000033203F0EFF906460F46DDE900015A46CB
:106DB000029B03F0E7F983460091012230463946F1
:106DC00004F05BFA194A1A4B03F0FEFC06460F4624
:106DD00001224046294604F050FA5A46009B03F02F
:106DE000BFFB32463B4603F0E1FD06460F4601225B
:106DF0005046294604F041FA0E4DDFF858802A46E5
:106E0000434603F0E1FC32463B4603F0DDFC2A46F4
:106E1000434603F0D9FC002CD8BF81F0004106B0F6
:106E2000BDE8F08D0000F03F0000F07F075C1433F8
:106E300026A6913C182D4454FB21F93F0000E03F69
:106E4000685E00007E5E0000F25D0000085E0000EB
:106E50003333EF3FFB21E93F2DE9F84F04460D4660
:106E600021F0004000917349814211DC724988424F
:106E700001DC06D12CB120462946BDE8F84FFFF7CA
:106E800051BE6E48002DCCBF6D496E49BDE8F88FEC
:106E90006D49814211DD6D498142D8BF4FF0FF3607
:106EA0006DDD20462946FFF7BBFD042808BFFFF72C
:106EB0004BFE20462946BDE8F88F6549654F25F011
:106EC0000045814233DD6449814219DD00263246A6
:106ED0004FF080432046294603F098F880468A46C2
:106EE00001222046294604F0C8F900223B4603F05F
:106EF0005DFD4246534603F045F904460D463EE02B
:106F000001260022BA463B462046294603F07EF879
:106F100080460F46002253462046294603F046FD90
:106F200042463B4603F02EF904460D4627E04B4906
:106F300081421BDDDFF828A10226002253462046AD
:106F4000294603F00DFB00223B4603F05FF8804624
:106F50000F46002253462046294603F027FD4246AD
:106F60003B4603F00FF904460D4608E0032622468F
:106F70002B4600203B4903F005F904460D46224606
:106F80002B461046194603F0EBFA8B468246024622
:106F90000B4603F0E5FA07460246334888460B469F
:106FA00006217844FFF760FD52465B4603F0D8FAAD
:106FB00082462E488B463A46434605217844FFF7E1
:106FC00053FD3A46434603F0CBFA02460B46002EE9
:106FD000504659460CDA03F019F822462B4603F0C6
:106FE000BFFA01B022462B46BDE8F04F03F0ECBBE0
:106FF00003F00CF822462B4603F0B2FA1C4A7A44FE
:1070000002EBC603D3E9002303F0D0FC22462B4653
:1070100003F0CCFC174A7A4402EBC603D3E9002301
:1070200003F0D2FB009A002AB8BF81F00041BDE80E
:10703000F88F0000000010440000F07F182D445429
:10704000FB21F93FFB21F9BF0000DC3F0000203E9F
:107050000000F33F0000F03F0000E63F00800340E7
:107060000000F83F0000F0BF925C0000505C0000A0
:10707000EE5B0000B65B00002DE9F04D9446CCF1CC
:10708000000423F000464CEA0404524F46EAD4744C
:107090009A46884621F00042BC4206D8454240EA62
:1070A000050442EAD474BC4204D9BDE8F04D6246FE
:1070B000FFF73BBDAAF14055A5F17F6555EA0C04E9
:1070C0000BD0022404EAAA74434DDFF810E144EA2D
:1070D000D87452EA000B04D00CE0BDE8F04DFFF785
:1070E000BBBE002C14BF012CBDE8F08D022C30D0AB
:1070F000032C32D056EA0C0B0AD0BE4220D1BA4241
:1071000009D126F0804622F080423346114617E02E
:1071100000291ADB25E0DFF8C8B0FB44002C04BFCF
:10712000DBE90001BDE8F08D012C02BFDBE90001C5
:1071300081F00041BDE8F08D022C0AD0032C0CD068
:10714000BA4212D1B8F1000F0BDA23482549BDE845
:10715000F08D28462449BDE8F08D28467146BDE8EB
:10716000F08D1D482149BDE8F08D921B12153C2A77
:10717000C4BF19481D490EDCBAF1000FBEBF12F1A1
:107180003C0F0020014606DB624602F0FBFF21F0C7
:107190000041FFF761FE002C08BFBDE8F08D012C17
:1071A00004BF81F00041BDE8F08D114A114B022C63
:1071B00007D003F0FBFB2A46BDE8F04D0A4B03F075
:1071C000F5BB03F0F3FB2A46BDE8F04D064B03F098
:1071D000FBBA00000000F07F182D4454FB2109C0C9
:1071E0004A5B0000FB21F9BFFB210940FB21F93F6D
:1071F000075C143326A6A13C2DE9F04391B0202171
:107200006846F9F794F9754DA879697900EB012082
:1072100003F056F9724C0022234602F0B3FF02F04D
:10722000C3FE074695F8380095F8371000EB0120AB
:1072300003F046F90022234602F0A4FF02F0B4FE58
:107240000446202108A8F9F772F96648DFF898810A
:10725000874207DD6548844204DA4146204603F050
:10726000BBFC044600262046394603F05DFFF11EB4
:1072700004F031F8814608AC304603F037FE014691
:10728000484603F07BFE394603F0A6FC414644F82D
:107290002600884203DD03F047FF44F82600761CF1
:1072A000F6B2082EE8D300200BE0102860D2DFE809
:1072B00000F0080813131E1E292934343F3F4A4AA0
:1072C000555500EB40012944009A0B7AC9791A44BC
:1072D00002EB012100914BE000EB40012944019AAF
:1072E0000B7AC9791A4402EB0121019140E000EBCD
:1072F00040012944029A0B7AC9791A4402EB012110
:10730000029135E000EB40012944039A0B7AC979D8
:107310001A4402EB012103912AE000EB40012944C9
:10732000049A0B7AC9791A4402EB012104911FE0F7
:1073300000EB40012944059A0B7AC9791A4402EB03
:107340000121059114E000EB40012944069A0B7AD3
:10735000C9791A4402EB0121069109E000EB4001D2
:107360002944079A0B7AC9791A4402EB0121079143
:10737000401CC0B2102898D31D4A1E490020137823
:10738000EC4600BF1D1801EBC50754F820607E6075
:107390005CF82060401C7608C0B221F835600828EF
:1073A000F0D30833D8B21070E12813D30B4B002070
:1073B00013F13C0301EBC00403EBC00564686C608F
:1073C00031F8304023F83040401CC0B2E128F1D3FE
:1073D0000020107011B0BDE8F083000024180020D8
:1073E000000059400000AF430000B443000050418A
:1073F000780100201C1100204FF0E020016921F0ED
:107400000401016103480921017042F228314180E1
:1074100070470000A00100200B49498848434FF005
:10742000E021486100228A61086940F0010008619A
:107430000869C30701D0C003FAD5086920F001002C
:1074400008618A6170470000A00100200B4909789B
:1074500048434FF0E021486100228A61086940F00A
:10746000010008610869C30701D0C003FAD50869A3
:1074700020F0010008618A6170470000A00100202F
:1074800008B560B120208DF8000028208DF801009B
:1074900030208DF8020038208DF8030004E0A3228C
:1074A00004216846F9F719F86A46042140F69E203F
:1074B00001F09EFD01F064FA08BD00003EB50446EF
:1074C00002208DF80000CA208DF80100E3208DF81D
:1074D000020009208DF803006A460421682001F0AB
:1074E00087FDA3208DF80000610609D5C0218DF825
:1074F0000110C8218DF80210C2218DF8031005E09B
:107500008DF801008DF802008DF8030014F4C07F9F
:1075100009D0C4218DF80410CC218DF80510C621A6
:107520008DF8061005E08DF804008DF805008DF843
:1075300006008DF808008DF807008DF809006A46EE
:107540000A2140F6A72001F053FDA0074FF0D8050F
:1075500003D020208DF8000001E08DF800506A462D
:10756000012140F6B62001F043FDA00601D501201F
:1075700000E0002000F08EF814F4C07F1ED0E0057B
:107580000AD5B2208DF800008B208DF80100B620BE
:107590008DF802009B2009E0B0208DF800008020CB
:1075A0008DF80100B4208DF8020090208DF80300C2
:1075B0006A46042140F6A22001F01AFDE1074FF4CB
:1075C0000B6022D0F8218DF800106A46012101F0ED
:1075D0000FFDFA21072000F039FB072000F004FB23
:1075E000012000F021FB642000F0C4FB4FF4FA708E
:1075F00000F0D0FBC821254800F0BEFA282000F09A
:10760000D3FA0A2000F0E0FA05E08DF800506A464F
:10761000012101F0EDFCA00703D5D9208DF8000071
:1076200001E08DF800506A46012140F23D7001F002
:10763000DFFC600701D5012000E0002000F048F8E1
:10764000E00601D5012000E00020FFF719FF104DF2
:1076500044F00800688101F093F90020A8736006E7
:1076600001D50620A87314F4C07F02D0A87B801D2A
:10767000A87314F0140F02D0A87B1030A873A007D1
:1076800002D0A87B001DA87300203EBD09E3CA02FA
:10769000300A00200EB54FF4976310B106A107C958
:1076A00001E008A207CA8DE807006A4609211846CA
:1076B00001F09EFC0EBD0000B8AAB38DB4980D3544
:1076C0005D000000B8AAAAAAB088C3C5C700000020
:1076D00008B560B1C0208DF80000C2208DF801000F
:1076E000C4208DF80200C6208DF8030004E08B2230
:1076F00004216846F8F7F1FE6A46042140F6982016
:1077000001F076FC01F03CF908BD0000C8234FF4FD
:107710008062024940F6F63001F014B844BE000819
:107720002DE9FF4F89B01746DDE9165200244C4E73
:10773000884681462C80A246B07B694601F0AEF8AF
:107740004FF0FF3B18B158460DB0BDE8F08F70897F
:1077500010F0140F3CD0009909BA21F0FF039DF8F6
:1077600003100B433B6001991B1409BA21F0FF027F
:107770009DF807105B430A437A6002999DF80B401D
:1077800009BA21F0FF012143B960039C091424BA0E
:1077900024F0FF0C9DF80F4012144CEA040CC7F8BB
:1077A0000CC04FEA2C47494302FB023207FB07118A
:1077B00011441024A1F17061B1F1007F04D901F0EE
:1077C000DFF8A5F800A0BEE7298841F48071298080
:1077D0004206694611D50A19A41D13885BBAA8F898
:1077E000003053885BBAA8F80230928852BAA8F8E1
:1077F00004202A8842F008022A8010F4C07F11D0A9
:107800000A19A41D13885BBAA9F8003053885BBA23
:10781000A9F80230928852BAA9F804202A8842F0C6
:1078200070022A80800716D00C44E07800F0C00572
:1078300000F03F016078C00706D0C80801F00701DA
:107840003268491C02B190476078000703D571681F
:1078500009B1A80988470C9801F042FC002073E7A1
:10786000300A00202DE9FF41044603A800F020FE65
:10787000BDF80C00410CC3032F48028902F003003D
:10788000550754F8200000D54042C2F3C1059606C2
:1078900054F8255000D56D42C2F38116D20554F834
:1078A000264000D56442A0FB0367C21702FB0372A7
:1078B00000FB0120820042EA9670A5FB0367EA17ED
:1078C00002FB037205FB0122950045EA9672A4FBB8
:1078D0000367E51705FB037304FB01318B0043EAE3
:1078E0009671030E8DF80030030C8DF80130030AF9
:1078F0008DF802308DF80300100E8DF80400100C86
:107900008DF80500100A8DF80600080E8DF80800A5
:10791000080C8DF80900080A8DF80A008DF8072078
:107920008DF80B106A460C214FF4257001F060FBB6
:1079300004B0BDE8F0810000300A002030B50446F4
:1079400013A285B007CA8DE807004FF0FF35C82C99
:1079500016D8C820B0FBF4F1491E080A8DF80C00B7
:107960008DF80D1003AA022140F2162001F040FB11
:1079700030B96A460C2140F6C12001F039FB10B144
:10798000284605B030BD054884810020F9E7000095
:10799000FEF2ABC4AAF1DFDFBBAFDFDF300A0020AD
:1079A000F8B53049098901F0030250F822404A072E
:1079B00000D56442C1F3C1028B0650F8222000D5E5
:1079C0005242C1F3811350F82330C80500D55B4201
:1079D000254984FB0140850045EA947082FB014201
:1079E000A40F44EA820483FB0121950F45EA810537
:1079F000010E8DF80010010C8DF80110010A8DF8B0
:107A000002108DF803006A4604214FF4747001F0EF
:107A1000EFFA4FF0FF3688B9200E8DF80000200CE9
:107A20008DF80100200A8DF802008DF803406A46A7
:107A300004214FF4757001F0DBFA08B13046F8BD4F
:107A4000280E8DF80000280C8DF80100280A8DF80A
:107A500002008DF803506A4604214FF4767001F05D
:107A6000C7FAF8BD300A002009E3CA022DE9FF4138
:107A700004463CA004F00303006802903AA00068AA
:107A800003903AA006683AA0056802A8C15C8DF888
:107A90000010C4F3C101425C8DF80120C4F38112CF
:107AA000805C8DF8020003A8C35C8DF80430415C53
:107AB0008DF80510805C8DF806006A46032140F2BF
:107AC000264001F095FA4FF0FF37E0BB01AA0321F1
:107AD00040F22A4001F08CFAA8BBCDE900656007AE
:107AE0000BD59DF8000040F001008DF800009DF8D6
:107AF000040040F001008DF80400A0060BD59DF8AD
:107B0000010040F001008DF801009DF8050040F0F3
:107B100001008DF80500E0050BD59DF8020040F04E
:107B200001008DF802009DF8060040F001008DF87C
:107B300006006A4603214FF4886001F059FA10B933
:107B400001AA032100E004E040F2314001F050FAC4
:107B500018B1384604B0BDE8F08106480481002021
:107B6000F8E700004CCD6C000CC92C0036567600AE
:107B700026466600300A00204FF47A7290FBF2F03D
:107B800008B54843010E8DF80010010C8DF8011066
:107B9000010A8DF802108DF803006A4604214FF4A3
:107BA000AE7001F025FA08BD0521B0FBF1F008B573
:107BB000010A8DF800108DF801006A4602214FF489
:107BC000AD7001F015FA08BD0521B0FBF1F008B564
:107BD000010A8DF800108DF801006A4602214FF469
:107BE000AC7001F005FA08BD08B500218DF8001051
:107BF000C10702D030218DF80010810705D59DF80E
:107C0000001041F00C018DF80010400705D59DF8DB
:107C1000000040F003008DF800006A4601214FF497
:107C2000A47001F0E5F908BD08B560B1042800D9D9
:107C30000420401E8DF800006A46012140F24F10DA
:107C400001F0D6F908BD0120F3E700002DE9FC4161
:107C5000054640074FF0FF367CD0B1F5C86F79D8A4
:107C6000084603F043F93E4903F02AF8074601A805
:107C700000F000FC9DF80400022806D004280DD076
:107C800008282ED0102865D134E00E21384603F0A4
:107C900022FB03F0F3F884B2324907E00D213846A5
:107CA00003F019FB03F0EAF82F4984B2384603F0D9
:107CB00065F903F0E3F8210A8DF8001080B28DF821
:107CC0000140010A8DF802108DF80300E8076C46A8
:107CD00020D0224602214FF4EA7001F089F9C8BB96
:107CE00011E00C21384603F0F6FA03F0C7F884B22D
:107CF0001E49DBE70B21384603F0EDFA03F0BEF82E
:107D000084B21B49D2E7A21C02214FF4927001F009
:107D10006FF9F8B9A8070DD56A4602214FF4EC7047
:107D200001F066F9B0B9A21C02214FF4947001F081
:107D30005FF978B9680710D56A4602214FF4EE70F2
:107D400001F056F930B9A21C02214FF4967001F0EF
:107D50004FF910B13046BDE8FC810020FBE7000080
:107D600000004843000040460000C0450000404578
:107D70000000C0440521B0FBF1F008B5010A8DF800
:107D800000108DF801006A4602214FF4EF7001F0F7
:107D90002FF908BD0521B0FBF1F008B5010A8DF8F7
:107DA00000108DF801006A4602214FF4ED7001F0D9
:107DB0001FF908BD10B504460548E1B2007828B1A6
:107DC000044800BF02F0CCF8204610BD0248F9E795
:107DD0000800002000380140004800402DE9FE4323
:107DE0000646264801AB042240680D21007800F0C9
:107DF0003FFA10B10720BDE8FE839DF804101C2057
:107E000000EAD1029DF80710DFF87490C1F3011366
:107E10001A438DF800209DF80520C1F3810300EA84
:107E2000D2021A438DF801209DF8062001F00301CB
:107E300000EAD20008430024124F8DF80200A04649
:107E40006D46285D10B146F824900AE046F824807B
:107E50000DE000BF56F82400394603F08FF846F8CD
:107E60002400285D401E10F0FF002855F2D1641C4C
:107E7000E4B2032CE5D30020BDE70000A000002001
:107E80007B14AE3E1D5A843F2DE9FE4F054601206E
:107E9000C14E8DF800004FF000088DF80180306869
:107EA0000C461746817C70686B460222007800F011
:107EB00017FA4FF0FF3A00287AD1C820FFF7ACFA42
:107EC0008DF8008030686B460122C17B70680078B5
:107ED00000F006FA0028EFD130686B4601224179A4
:107EE0007068007800F0FCF90028E5D130686B4636
:107EF0000122817C7068007800F0F2F90028DBD163
:107F000030686B460122C17D7068007800F0E8F9A6
:107F10000028D1D130686B46012201797068007861
:107F200000F0DEF90028C7D14FF00C098DF8009061
:107F300030686B46012201797068007800F0D0F952
:107F4000002835D10F20FFF767FAB06A6B4601228F
:107F5000407A8DF80000306881787068007800F011
:107F6000BFF9002824D1B06A6B460122007A8DF84F
:107F70000000306841787068007800F0B1F900289E
:107F800073D1B06A807A0FB140F0E0008DF8000044
:107F900030686B46012281797068007800F0A0F9A2
:107FA000002862D12FB1B06AC07A40F0E00001E051
:107FB0004AE018208DF8000030686B460122C17934
:107FC0007068007800F08CF9F0BB17B1C820FFF79B
:107FD00023FA40208DF8000030686B4601220179B9
:107FE0007068007800F07CF970BB78208DF8000094
:107FF00030686B46012241797068007800F070F9B2
:1080000010BB3220FFF708FA8DF800803068474631
:108010006B46417970680122007800F061F998B9E7
:1080200031687068B046897A00786B46022200F0A9
:108030001FF948B9BDF80000AF6040BAB0FBF9F0D5
:108040006F60C6B22F6000E00FE0A7606760276036
:10805000002739E0D8F80010D8F804006B46C97A38
:1080600000780C2200F004F910B15046BDE8FE8FF4
:10807000BDF80000236840BA02B2BDF80200BDF8A6
:1080800004101A44226040BA626800B21044606072
:1080900049BAA06809B20844A060BDF806002B6880
:1080A00040BA02B2BDF808001A4440BA01B2BDF8A5
:1080B0000A002A606A6840BA11446960A96800B27F
:1080C00008447F1CFFB2A860B742C3D3286883224C
:1080D000C117090441EA104100040023F8F7C7F86A
:1080E00032460023F8F7C3F8286068688322C11776
:1080F000090441EA104100040023F8F7B8F83246B9
:108100000023F8F7B4F86860A8688322C11709044F
:1081100041EA104100040023F8F7A9F83246002391
:10812000F8F7A5F8A86020684FF40065C1170904A6
:1081300041EA104100042A460023F8F798F8324635
:108140000023F8F794F8206060682A46C1170904F4
:1081500041EA104100040023F8F789F83246002371
:10816000F8F785F86060A0682A46C117090441EA5B
:10817000104100040023F8F77AF832460023F8F79C
:1081800076F8A060002802DDA0F5803001E000F55F
:108190008030A060002069E7A00000202DE9F84FA2
:1081A00081462E488846002540686B4603220078A9
:1081B0000D2100F05DF810B10720BDE8F88F9DF8A3
:1081C0000000002400F01F008DF800009DF8010061
:1081D0006FF00F0B00F01F008DF801009DF80200FA
:1081E0006E4600F01F008DF802004FF0010A00BF3C
:1081F00059F8241058F82400081A00D5404202F01B
:108200005DFE594603F067F80746305DC0B114487B
:1082100002E0144902F0B2FE315D491E11F0FF0187
:108220003155F6D10146384602F04AFD4FF07E51F5
:1082300002F07AFF0C4920F00040884205DC07E09C
:108240000A483844B0F1D97F02D90AFA04F005434C
:10825000641C032CCCDB2846AFE70000A000002004
:108260000000C84154E3853F295C0F3E0000E0BE9A
:108270002DE9F0411D4614460F460646FCF736FB35
:10828000B0B17006000EFCF701FBFCF777FB90B174
:108290003846FCF7FBFAFCF771FBFCF727FB0120E3
:1082A00000EB4600C0B2FCF7F1FAFCF767FB0FE009
:1082B0000120BDE8F081FCF741FBF9E7012C0DD06E
:1082C0005FF00100FCF7ACFA641E05F8010BE4B2A4
:1082D000002CF3D1FCF732FB0020EAE70020F1E7A5
:1082E0002DE9F0411E4615460F460446FCF7FEFAFE
:1082F00068B16006000EFCF7C9FAFCF73FFB48B115
:108300003846FCF7C3FAFCF739FB00240CE00120E7
:10831000BDE8F081FCF712FBF9E7305DFCF7B6FA37
:10832000FCF72CFB10B1641CAC42F6DBFCF706FB3F
:108330000020EDE790F90010002902DD4FF0000069
:10834000704702DA4FF00400704790F901100029DD
:1083500002DD4FF00100704702DA4FF00500704770
:1083600090F90200002802DD4FF00200704702DAA7
:108370004FF0060070474FF007007047FAF778FE9D
:10838000FDF750FFFDF722F8FDF7D2F8FDF702FAEE
:10839000FDF71CFAFDF77AF9FDF73EF9FCF7E4FF6B
:1083A000FCF7FEFFFDF7ACF9FDF7D2F90220FCF770
:1083B000EFFB0120FCF7ECFBFFF71EF8F9F776FA6C
:1083C000FDF7A4FBFCF78EFFF9F7DAFA124C134F16
:1083D00000262670FAF73EFE6168411A142902D37E
:1083E0006060F9F77FF9FAF735FE0546E068281A6C
:1083F000142802D3E560FDF767FDA068281A6428F9
:1084000002D3A56000F076FE38680028E1D0FCF7C2
:10841000A1FE3E60DDE70000080000207C01002096
:108420002DE9F041124C20F00101002594F82400C0
:1084300010B10020BDE8F081A07A4FF0FF3668B19E
:108440000840277C2074884200D0354641B1012085
:1084500001F034FD00F094FA38B127743046E9E7B2
:10846000207D00B1012001F029FD2846E2E700004F
:10847000A00000200D494A7A42B1012A08D0022A00
:108480000FD0032A0FD04FF0FF307047022200E0D8
:1084900004220270C97C11B11106C90D01700020BF
:1084A00070470822F5E71022F3E70000A000002043
:1084B0000F494A7A42B1012A09D0022A11D0032A6F
:1084C00012D04FF0FF3070474FF4804201E041F688
:1084D0009C720280C97C11B1C2F34E010180002060
:1084E00070474FF48052F4E74FF40062F1E7000068
:1084F000A00000200B49097A39B1012907D00229CF
:108500000AD003290BD0002103E0FA2101E04FF447
:10851000FA710180002070474FF47A71F9E74FF447
:10852000FA61F6E7A00000200A49097A41B1012961
:1085300008D002290AD003290AD04FF0FF30704733
:10854000054900E005490160002070470449FAE749
:108550000449F8E7A0000020000003430000834224
:1085600033330342333383410C49C97A072913D289
:10857000DFE801F01204060A0C0E1000BC2100E036
:1085800062210180002070472A21FAE71421F8E7D0
:108590000A21F6E70521F4E70021F2E7A000002018
:1085A000054991F8242012B14FF0FF307047C98976
:1085B0000180002070470000A00000202DE9FC4150
:1085C0004C4C80208DF8000020686B460122817C95
:1085D00060680078FFF784FE4FF0FF37002832D143
:1085E0006420FEF719FF00258DF8005020686B46C7
:1085F0000122817C60680078FFF772FE002870D14C
:1086000020686B460622817D60680078FFF730FEA7
:10861000002866D19DF805009DF80310C007400FA3
:1086200001F0010140EA41019DF801004FF001060F
:1086300000F00100014309D0012905D0022915D01D
:108640002DA0F7F739FE4CE0E67410E020686B4689
:108650000122C17860680078FFF70AFE40BB9DF8F0
:10866000000010F00F0020D0042822D0E574FF2075
:1086700004F80A0F4FF6FF7104F8020C04F8010C1D
:108680006070A180A0712072A67026766576E57272
:10869000A572E56025616561A576E576A5834FF451
:1086A000FA6000F06BFB18B907E01D48F7F704FE0D
:1086B00017E01CA0F7F700FEC6E7022000F080FAE2
:1086C00078B92A2000F0C2FB58B9322000F0F4FB40
:1086D00038B90020FFF7A4FE18B9002000F0A4FA72
:1086E00010B13846BDE8FC81002000F025FC0020D8
:1086F000F8E70000A0000020556E737570706F726F
:1087000074656420736F6674776172652070726F30
:1087100064756374207265762025642E0A0000005B
:1087200004CD000848616C662073656E73697469D6
:1087300076697479207061727420666F756E642E2C
:108740000D0A00002DE9FF4FDFF89480064685B042
:1087500098F8250015460F464FF0FF39B0BBAFB370
:10876000002420E0301B102800DD102080B283465A
:108770003A1901469246204600F03AFC30BB6A4660
:108780005946204600F0D2F800BB50465A4669468A
:10879000F7F777FE20B16FF0010009B0BDE8F08F68
:1087A00004EB0B0084B2B442DCD3280A8DF810002D
:1087B0008DF81150D8F80000444604AB817ED8F8FB
:1087C000040002220078FFF78BFD08B14846E4E779
:1087D000012084F825000898E0840020DDE70000EF
:1087E000A00000202DE9F84305464FF0FF39282866
:1087F00044D80727284C00267DB1012000F0F4FA68
:1088000020208DF800004FF00108012D17D0052D14
:1088100018D88DF8018005201FE0002000F0E4FA50
:108820008DF800608DF8017020686B460222817C13
:1088300060680078FFF754FD00BB267529E08DF8CD
:108840000160E8E7142D04D802208DF801000A2009
:1088500003E003208DF80100142000F0F7FA9DF8E2
:1088600001006B4607EB80108DF8010020680222A2
:10887000817C60680078FFF733FD10B14846BDE8A1
:10888000F8830820A072267384F814800020FFF774
:10889000C7FD0020F3E70000A00000202DE9F84309
:1088A000214C0646174694F8240089464FF0FF38BD
:1088B00090B3A07A80B320686B460222817A606808
:1088C0000078FFF7D5FC38BBBDF8000045BAB542CB
:1088D00002D2002038701FE060684188B5EB510F6C
:1088E00011D9216800786B46497C0122FFF7C0FC52
:1088F00090B99DF80000C00605D500F041F86FF072
:108900000100BDE8F8832068F2B24B46C17A606886
:108910000078FFF7ADFC08B14046F2E7B5FBF6F092
:10892000401E38700020ECE7A0000020F8B51600CB
:108930000D464FF0FF371FD0104CA17AE1B1010A6C
:108940008DF80010C0B28DF80100411960684289AD
:10895000914211D8216800786B46097E0222FFF708
:10896000BFFC48B92068EAB23346417D60680078B0
:10897000FFF77EFC002800D03846F8BDA00000209C
:10898000F8B5524C4FF0FF36A07A00287CD0002575
:108990008DF8005020686B460122C17B606800782A
:1089A000FFF79EFC00286FD120686B4601224179B9
:1089B00060680078FFF794FC002865D120686B465A
:1089C0000122017960680078FFF78AFC00287AD1DB
:1089D00094F82400C8B30C208DF8000020686B4682
:1089E0000122017960680078FFF77AFC00286AD1DB
:1089F000C0208DF80000A07AC00702D0E0208DF8DA
:108A0000000020686B460122017960680078FFF75A
:108A100067FC002857D1607C18B102208DF8000057
:108A200001E08DF8005020686B460122C17B606830
:108A30000078FFF755FC38BB8DF8005020686B4676
:108A4000012241796068007839E0FFE704208DF861
:108A5000000020686B460122017960680078FFF70A
:108A60003FFC88B9A07C80B9A07AC0070DD06020F7
:108A70008DF8000020686B4601220179606800785B
:108A8000FFF72EFC00B902E01DE04020F0E7607C1B
:108A900018B101208DF8000001E08DF80050206829
:108AA0006B460122C17B60680078FFF719FC50B962
:108AB0002068064B01224179606810330078FFF787
:108AC0000FFC002800D03046F8BD0000A0000020B8
:108AD0002DE9F047394C82468AB094F824000F46BD
:108AE00020B1002000F00EF9012600E0002607A8C2
:108AF000FFF700FD06A8FFF7BDFC09A8FFF734FD4E
:108B000008A8FFF74DFD94F80A9094F8108000250E
:108B1000002239465046FFF7B7F910B16D1C022DFF
:108B2000F6DB022D1AD00025012203A96846FFF7C3
:108B3000ABF910B16D1C022DF6DB022D0ED003A98E
:108B40003846FEF711F8C7B269465046FFF726FBD4
:108B500010F0FF0F4FF0000502D002E0002503E007
:108B600001250FB945F00205FF2020726072E07206
:108B70004FF6FF71E181A072207401202073BDF8CF
:108B80001C0000F0FBF89DF8180000F019F8BDF883
:108B9000240000F05BF9BDF8200000F08DF9484694
:108BA00000F0CAF94046FFF73BFC16B1012000F087
:108BB000A9F80AB02846BDE8F0870000A000002010
:108BC00038B5184C4FF0FF35A17A19B3022806D0FA
:108BD000042806D008280ED010281BD10DE0002054
:108BE00000E008208DF80000607A9DF80010B0EBDE
:108BF000D10F04D005E01020F4E71820F2E70020A0
:108C000038BD20686B460122C17960680078FFF7A3
:108C100067FB08B1284638BD9DF80000C0086072A7
:108C2000EDE70000A0000020F8B5354C0546A07C1B
:108C3000A84201D10020F8BD31484FF0FF366B4605
:108C4000D0E900104FF001020979007835B3FFF741
:108C50000FFB70BB9DF800006B4620F020008DF8E4
:108C6000000020680122017960680078FFF738FB76
:108C7000F8B90320FEF7D0FB02208DF8000094F82D
:108C8000220078B382202BE020686B460122017D10
:108C900060680078FFF724FB58B92EE0FFF7E8FA88
:108CA00038B9A07AC0079DF8000003D040F020003A
:108CB00002E00CE020F020008DF8000020686B46F8
:108CC0000122017960680078FFF70AFB08B130469D
:108CD000F8BD0320FEF7A0FB94F8220000B180202D
:108CE0008DF8000094F823000028CDD09DF80000F6
:108CF00040F030008DF80000C6E7A5749AE7000048
:108D0000A000002038B51C4C94F8241081421DD0DE
:108D1000002500B394F82500D0B1002001F0CEF872
:108D20000020FFF781FFE08C00F0C6F88DF80050BE
:108D300060686B46012200782321FFF7D1FA0120F9
:108D400084F8240001F0BAF8FFF71AFE002038BDBD
:108D50004FF0FF3038BD002001F0B0F8207C8DF8D6
:108D6000000060686B46012200782321FFF7B8FA03
:108D700084F82450E8E70000A000002038B5194C22
:108D80004FF0FF35A17A31B3FA2809D0B0F5FA7F58
:108D900008D0B0F57A7F0FD0B0F5FA6F1BD10DE097
:108DA000002000E008208DF80000207A9DF80010D7
:108DB000B0EBD10F04D005E01020F4E71820F2E763
:108DC000002038BD20686B460122817960680078F8
:108DD000FFF786FA08B1284638BD9DF80000C008A4
:108DE0002072EDE7A000002038B5174C054694F836
:108DF0002300A84201D1002038BD0DB1302000E091
:108E000000208DF80000A07C28B19DF8000040F003
:108E100002008DF8000094F8220028B19DF80000AF
:108E200040F080008DF8000020686B460122017D33
:108E300060680078FFF754FA10B14FF0FF3038BD8A
:108E400084F82350D7E70000A000002038B5194C63
:108E50004FF0FF35A17A31B3BC2801D3012010E0D7
:108E6000622801D302200CE02A2801D3032008E065
:108E7000142801D3042004E00A2801D3052000E0CF
:108E800006208DF80000E07A9DF80010884201D19C
:108E9000002038BD20686B46012281786068007828
:108EA000FFF71EFA08B1284638BD9DF80000E072B1
:108EB000EEE70000A0000020F8B51E4D04464FF07C
:108EC000FF37A87A48B395F8240030BB287D4FF4CB
:108ED0007A7648B164B1282C03D8E0B2FFF782FC5F
:108EE00026E00020FFF77EFC042C05D2042406E0D7
:108EF0000020FFF777FCF9E7B44200D93446B6FB0F
:108F0000F4F0401E8DF8000028686B46012241787D
:108F100068680078FFF7E4F908B13846F8BD9DF8B5
:108F20000000401CB6FBF0F0E8814008FFF78EFF20
:108F30000020F8BDA0000020F8B5054610F0700F25
:108F40004FF0000601D0012004E015B18DF800605B
:108F500002E040208DF80000244C6B46012220687E
:108F6000817C60680078FFF7BBF94FF0FF3760BB8A
:108F70009DF8000020F0400020738DF80060680626
:108F800002D404208DF80000A80605D49DF8000046
:108F900040F002008DF80000E80605D49DF80000BE
:108FA00040F001008DF80000280705D49DF800006E
:108FB00040F038008DF8000020686B460122C17C2B
:108FC00060680078FFF78CF910B1A6723846F8BDDA
:108FD00025B1082D02D00020FFF706FFA5722675E7
:108FE0003220FEF719FA0020F8BD0000A000002092
:108FF000F8B516000D464FF0FF371FD0104CA17A80
:10900000E1B1010A8DF80010C0B28DF801004119DC
:1090100060684289914211D8216800786B46097EC8
:109020000222FFF75DF948B92068EAB23346417D74
:1090300060680078FFF754F9002800D03846F8BD82
:10904000A00000202DE9F05F9946DDF82CB00D4618
:10905000824691422ED1002728E0002423E00C997B
:1090600009FB07F0002201EB8008164648F824208F
:1090700016E000BF09FB06F00BEB80000A9A50F8DF
:10908000241005FB07F002EB800050F8260001F0E9
:1090900075FF58F8241001F09FFD48F82400761C55
:1090A000AE42E7DB641C4C45D9DB7F1C5745D4DB63
:1090B000BDE8F09FBDE8F05F01A0F7F7FDB8000044
:1090C000B4EDCEF3A3BABED8D5F3B5C4B3DFB4E7DD
:1090D000B2BBB6D4A3A10000002800DA404270471A
:1090E00070470246012000E05043491EC9B2FBD23E
:1090F00070470000F8B54FF48061B648F7F7F5F90E
:109100000021B5A20846FCF727FEB4480C250095BF
:109110000288042300212820FCF7E2FDB0A20021F0
:109120004620FCF719FEB0480068012804D1AF487A
:10913000006808B1AEA200E0AEA200216920FCF7F1
:109140000BFEADA20A210020FCF706FEAC48007819
:10915000012804D1ABA20A215220FCF7FDFDAA4848
:109160000078042801D0052808D1A84800780128F3
:1091700004D1A7A20A215220FCF7EEFDA64CA74E6F
:109180002068B04207D3A6A20A213020FCF7E4FDF4
:109190002068B04204D2A3A20A213020FCF7DCFDF3
:1091A000206801F04FFEFFF797FF024603230A21D4
:1091B00038200095FCF794FD9BA214210020FCF7B9
:1091C000CBFD9B4C2068B04207D395A214212A20E6
:1091D000FCF7C2FD2068B04204D292A214212A20DA
:1091E000FCF7BAFD206801F02DFEFFF775FF02467F
:1091F0000423142132200095FCF772FD8D4CA068E9
:1092000001F03CFE82B20523142152200095FCF7A8
:1092100067FD89A214217220FCF79EFD87A21E2102
:109220000020FCF799FD864F3868002811DA7CA2EF
:109230001E211020FCF790FD3868FFF74DFF024615
:1092400004231E211A200095FCF74AFD38680028E7
:109250000EDB74A21E211020FCF77EFD3868FFF79C
:109260003BFF024604231E211A200095FCF738FD1F
:109270002068B04207D36AA21E213C20FCF76CFD97
:109280002068B04204D267A21E213C20FCF764FD96
:10929000206801F0D7FDFFF71FFF024604231E21BF
:1092A00044200095FCF71CFD66A21E216020FCF7FF
:1092B00053FD66A228210020FCF74EFD644F38685C
:1092C000002811DA56A228211020FCF745FD386845
:1092D000FFF702FF0246042328211A200095FCF71D
:1092E000FFFC386800280EDB4EA228211020FCF776
:1092F00033FD3868FFF7F0FE0246042328211A20C8
:109300000095FCF7EDFC6068B04207D344A2282129
:109310003C20FCF721FD6068B04204D241A2282124
:109320003C20FCF719FD606801F08CFDFFF7D4FECE
:1093300002460423282144200095FCF7D1FC41A2D9
:1093400028216020FCF708FD42A232210020FCF712
:1093500003FD41A232211E20FCF7FEFC3DA232217A
:109360004020FCF7F9FC3D4C642102232068009565
:1093700090FBF1F232211320FCF7B2FC20680A26A0
:1093800090FBF6F090FBF6F106FB1102012332216F
:109390002A200095FCF7A4FC2068012390FBF6F13D
:1093A00006FB1102322108460095FCF799FC2C4C73
:1093B000207830B10FA232215F20FCF7CDFC20785D
:1093C00020B928A232215F20FCF7C6FCBDE8F84096
:1093D000FCF718BC30060020414443001C0000206C
:1093E00041564F3A000000002000002024000020D9
:1093F0004F5F4E004F464600416E676C65000000AF
:109400001800002050533200190000201A000020DC
:109410004C696461720000006000002000008080E0
:109420002D0000002B0000004779726F78000000CB
:1094300064000020940200206D6D00004C000000CC
:10944000540000206D6D2F730000000052000000DA
:1094500058000020560000002E0000005C00002094
:10946000040000204F4E20002DE9F04D1D460C4613
:1094700098B0174621F0004123F00043002814BFA4
:109480004FF0010C4FF0000C0CEB440CFE4A0CEBBF
:1094900002064FEA620C66452BD33E0018BF012638
:1094A00006EB45061644F94A964222D3F84A53EA97
:1094B000070C02D0944205D148B918B000201146DB
:1094C000BDE8F08D002808BF4FF0000C01D04FF030
:1094D000010C0CEB440212F5001F0AD8002F14BF38
:1094E0004FF0010C4FF0000C0CEB450212F5001F81
:1094F00007D918B03A462B462146BDE8F04DFDF796
:1095000014BB0022DFF88CA3002CB8BF534526DA29
:10951000DFF884C36345A8BF022220DADFF870C3F6
:109520009C451CDCDFF874C30CEB235CBCF1140F0E
:1095300008DDCCF1340627FA06FC0CFA06F6BE422A
:109540000DD108E05FB9CCF1140623FA06FC0CFA41
:1095500006F69E4203D10CF00102C2F1020251EA6A
:10956000000C19D1002D17DA002C18BF022A01D0E7
:10957000012A07D00220F7F781F818B0BDE8F04DB6
:10958000FDF7C8BA0220F7F779F8FDF7C3FA18B06B
:1095900081F00041BDE8F08DB7F1000C6CD153456E
:1095A00025D104F1804212F5801201BF002800206D
:1095B000B74918B008BFBDE8F08DB548884207DC50
:1095C000002DA1BF6046294618B0BDE8F08D07E028
:1095D000281E05DA80F0004118B06046BDE8F08D25
:1095E000AF497944D1E9000118B0BDE8F08DDFF84A
:1095F000A0C2634525D1002D1FDA19B1514512D102
:10960000D8B909E0002840F0EC82A24A214618B0FF
:1096100062F31E01BDE8F08D0020214618B060F312
:109620001E01BDE8F08D08DA18B02346BDE8F04D04
:1096300002460020614600F0A5BD18B02146BDE8F5
:10964000F08D514518DAB5F1804F0DD0A5F1005CD1
:10965000BCF1FF5C10D1B4F1000C0DDB18B0614619
:10966000BDE8F04D00F056BC234618B00246BDE8F8
:10967000F04D194600F074BF060024F0004C3BD1B9
:10968000D9B1514533D1002C06DD002DA1BF0020FA
:10969000514618B0BDE8F08D002C01DD002D1BDB1C
:1096A000002C13DA002D11DB012A4FF0000014BF4B
:1096B00078497C4918B0BDE8F08D022A18BF002C0B
:1096C0000AD0012A08D1002C06DA0AE0002CB8BF23
:1096D000002D11DA012A04D0002018B00146BDE89F
:1096E000F08D18B000204FF00041BDE8F08DA1F1E1
:1096F0004050B0F17F601AD0012000EBE47050EAD6
:10970000020421D0624C521E4FF0000B104304BFE4
:109710004FF0000B644C654883427CDD644A654829
:1097200093421FDD884217DB002D25DB37E0002C3C
:1097300000DA4AB1022A0CBF01204FF0FF3018B006
:10974000BDE8F04D00F0A5BE0120F6F797FF18B078
:10975000BDE8F04DFDF7EBB94D4A8A4202DC002D21
:109760000ADC1CE0814202DA002D18DA04E0484BE2
:10977000994220DD002D12DD0220F6F77FFFFDF774
:10978000DCF905460E46002253465846214600F0B5
:10979000E7FE18B066F31E012846BDE8F08D0220F2
:1097A000F6F76CFFFDF7D0F90A46214618B062F3D0
:1097B0001E01BDE8F08D00223046614601F0F6F84A
:1097C00080460E466FF0010201F057FD4FF0553212
:1097D000394B00F0F9FF4246334600F0C1FE00224B
:1097E000364B00F0F1FF8246424633460491104664
:1097F000194600F0B5FE5246049B00F0B1FE8A46C1
:1098000000904FF0C0422E4B4046314600F0A8FE7B
:109810002C4A2B4B00E027E0CDE906015146009889
:1098200000F09EFE82460191274A284B4046314671
:1098300000F096FE5246019B01F0B8F882460B46B6
:1098400002460591DDE9060100F0E0FBDDE90623B3
:1098500000268846304601F0A9F85246059B00F0E4
:10986000B3FF024600F07EB90020B1F5801F07DA91
:1098700035223046614601F000FD06466FF03400A7
:1098800000EB215024E00000FFFF1F00FFFF0F004E
:109890000000F03F0000F07F0000404301FCFFFFAC
:1098A000823600000000F0FF0000F0BF0000E04141
:1098B0000000F043FFFFEF3F5555D53F0000E03F6C
:1098C0004715F73FFE822B6544DF5DF80BAE543E33
:1098D000A0F2FF300190C1F3130040F07F6141F02E
:1098E00040510291FE498842D8BF002004DDFD4965
:1098F0008142C8BF012001DD0D9008E000200D90DD
:109900000198401C01900298A0F5801002900299E5
:10991000F54878440B910D9900EBC100D0E9002384
:109920000F9330460A920B9901F040F8CDE90601F9
:10993000DDE90A2130460F9B00F068FB02460B462A
:109940000020EA4900F01EFC059102460B460090FB
:10995000DDE9060100F004FE1490E5488A464FF068
:10996000000878440299006812904FF0005040EAD5
:1099700061010D980F9B01EB804000F500210991DA
:109980000A9A129801F012F832460B9B00F01CFF65
:109990004246534600F0E4FD0646029140465146D9
:1099A000099B129A00F0DCFDDDE9062300F00CFFB4
:1099B0003246029B00F0FAFF059B009A00F0D0FDB2
:1099C0000091149A049053461046194600F0C8FDC1
:1099D00006460246C7480B46029106217844FDF729
:1099E00043F8CDE90510029B32461046194600F0B7
:1099F000B7FDDDE9053200F0B3FD0591064653469B
:109A000040461946149A00F001FB009B049A00F0AE
:109A1000A7FD3246059B00F0F9FACDE90510424654
:109A200053461046194600F09BFD0022B24B0291AE
:109A30000A9000F0EBFADDE9053200F0E7FA0E4695
:109A40004246AD4B404600F0B1FF029B0A9A00F03F
:109A5000ADFFDDE9053200F0B7FE424602910A9003
:109A600033461046514600F07BFDCDE906015346D2
:109A7000149A02990A9800F073FD8A4602903346C0
:109A800042460099049800F06BFD5346029A00F09C
:109A9000BDFA82460B4602460591DDE9060100F05B
:109AA000B5FADDE9062300208846064600F07EFF71
:109AB0005246059B00F088FE824609914FF06042B5
:109AC0008E4B3046414600F04BFD049006918C4A87
:109AD0008A4B5046099900F043FD82460291894A1B
:109AE000894B3046414600F03BFD5246029B00F058
:109AF0008DFA864B7B440D9A03EBC203D3E9002316
:109B000000F084FA0E900791019800F0C2FC0591D4
:109B1000DDE9061382460E9A049800F077FA7C4A33
:109B20007A440D9B02EBC303D3E900230093029216
:109B300000F06CFA5246059B00F068FA0026884651
:109B400052463046059B00F031FF009B029A00F020
:109B50002DFF069B049A00F029FF079B0E9A00F048
:109B600033FE024600200B4602903846294600F09C
:109B7000F7FC824601912B4638461946029A00F0BE
:109B800015FF3246434600F0EBFC5246019B00F0C5
:109B90003DFA07468A46324643462946029800F077
:109BA000DFFC05460E463A46534600F02FFA594A66
:109BB0008846914221DBA8EB020353EA000210D150
:109BC0002A46334600F0F2FECDE90401524A534BD7
:109BD0003846514600F01AFADDE9042300F0BEFDD4
:109BE00021D20220F6F74AFDFCF7A7FF0A462146DC
:109BF00018B062F31E01BDE8F08D494B28F0004219
:109C00009A4210D3474A08EB020353EA00027FF45A
:109C1000C6AD2A46334600F0C9FE3A46534600F028
:109C20009DFD7FF6BCAD0022019228F000403E4928
:109C30003E4A01EB2051824223DA481C4FF4801146
:109C400021FA00F040443A4AC0F30A517A44394BB1
:109C5000A1F2FF31CB4020EA0303C0F3130040F42C
:109C60008010C1F11401C84012680190B8F1000FD2
:109C7000BCBF404201902846314600F097FE0546A1
:109C80000E462A4633463846514600F0BFF94FF09B
:109C900000084246284B4046059100F061FCCDE9A2
:109CA0000601264A264B4046059900F059FC0091D2
:109CB00002902A4633464046059900F077FE3A4620
:109CC000534600F081FD1F4A1F4B00F049FC009BEA
:109CD000029A00F09BF90746884602460B4635E09B
:109CE0008E9803007AB60B00323200000000F03F7D
:109CF00002330000983100000000084009C7EE3F21
:109D0000FD033ADCF5015B14E02F3EBE703000002D
:109D10003430000000009040FE822B654715973CD0
:109D200000CC904000346F3F01FCFFFF0000E03F9B
:109D300018300000FFFF0F00432EE63F396CA80CDF
:109D4000615C20BEEF39FAFE422EE63FDDE90601F6
:109D500000F05CF9DDE9062305460E4600F026FE1C
:109D60003A46434600F030FD0F462A4633460090FF
:109D70001046194600F0F4FB824602462E488846FB
:109D80000B4605217844FCF76FFE5246434600F02F
:109D9000E7FB2A46334600F017FD80468A463B46DD
:109DA00028463146009A00F0DBFB3B46009A00F063
:109DB0002DF90691009000224FF080434046514615
:109DC00000F0F4FD0F460C904246534628463146BB
:109DD00000F0C6FB3B460C9A00F0D4F9069B009AB3
:109DE00000F0E4FD2A46334600F0E0FD0022134B6C
:109DF00000F0EAFC054601980E4601EB00510815FB
:109E0000002810DC28463146019A01F036FAFCF7AA
:109E100007FE042808BFFCF797FE28463146019A42
:109E200001F02BFA05460B4618B02A465846214643
:109E3000BDE8F04D00F094BB202E00000000F03F84
:109E400010B588B0694604A8FEF742FE072832D153
:109E500007A8FEF769FB049801F030F807990C4653
:109E600001F08CF800F0EEFF0490059801F026F860
:109E7000214601F083F800F0E5FF0590069801F017
:109E80001DF8214601F07AF800F0DCFF069004A8E6
:109E9000FDF786FD03A8FEF70BFBBDF80C0000994B
:109EA0004143009101994143019102994143684620
:109EB0000291FDF7D7FC08B010BD0000F8B5144CB6
:109EC0000146224694F82460D2E9000200235D1E78
:109ED00056B179B1022111E0C17B10786B460122A5
:109EE000FEF7FEF968B90EE0A67A56B111B1617CB1
:109EF00061B902E08DF80030EEE701218DF8001025
:109F0000EAE72846F8BD9DF8000060740020F8BD1F
:109F1000A00000202DE9F04106460F4600F060FC4D
:109F2000041E0D4618BF0120284320F00040C0F158
:109F30007F6000F1E040C00F0ED0301C18BF012040
:109F4000384320F00040C0F17F6000F1E040C00FD6
:109F500004BF0120F6F792FB20462946BDE8F081B8
:109F600044F6206200E0521E03685B0602D4002A19
:109F7000F9D17047002AFCD04160704710B5002924
:109F80000AD00878002807D005487844F6F744FF3F
:109F9000002801D0002010BD0248784410BD000008
:109FA0008E2E0000862E000021F00042A2F16052A9
:109FB000B2F5801F01F0004328BFD2F17F6C0BD9AE
:109FC0005FEA001C43EAC20242EB507018BF7047C0
:109FD00028BF20F001007047B2F5801FBCBF1846B3
:109FE00070474FEA410C1CF5001F02D2084601F0F1
:109FF0008CB870B500F05EFB00000089FFF7F6BF7B
:10A000004FF00040A0F580007047000010B591EAC5
:10A01000030F48BF83F0004300F1D084841A71EB32
:10A02000030C05D2121943EB0C03001B61EB0C016E
:10A03000DFF824E14FEA1154A4EB135C1EEA430F4E
:10A0400018BF9EEA445F73D023EA0E03DCF1200EB2
:10A0500021EA045143F4801332D322FA0CFE10EBB0
:10A060000E0023FA0CFE41EB0E01CCF1200E03FA98
:10A070000EFE10EB0E0051F10001B1F5801FCCF186
:10A08000200E32D201EB045112FA0EF2BDE810405C
:10A0900058BF7047401C38BF5FEA420218BF704784
:10A0A000002814BF20F0010041F100014FEA4103F4
:10A0B00013F5001F38BF7047A1F1C04100F048BB45
:10A0C000012A43EB0302ACF1200CDCF11F0E32BF7E
:10A0D0004FF0000E23FA0CF310EB030041EB045198
:10A0E000B4EB115FD0D0A1EB045101F58011490808
:10A0F0005FEA300001EB04510ED350F1000038BF8D
:10A1000012FA0EFE08D1BDE81040C9E7401C38BF66
:10A110005FEA4202CAD1C3E7BDE810404FEA4103FB
:10A1200013F5001F38BF7047A1F1C04100F010BB0C
:10A130009EEA445F08D011EA5E0FBDE8104004BFFC
:10A1400001F0004100207047BDE8104070B500F0FC
:10A15000B1FA00BF64FBBE3E0000E0FF02494FF0D1
:10A16000000001F058B800BF0000F87F491058BF48
:10A17000C1F140415B1058BFC3F140438B42EFF344
:10A18000008070472DE9C04130B4DFF8A0C23CEA3E
:10A19000111418BF3CEA131400F0EC8081EA0305A7
:10A1A0001CEA111444EAD57418BF1CEA131500F018
:10A1B000C780A4EB05044FF0004545EAC12145EAFC
:10A1C000C32341EA505143EA525304F17F74994248
:10A1D00004F500344FEAC0204FEAC22208BF904283
:10A1E00000F09C804FEA13650FF24016765D4FEA4F
:10A1F000134506FB05F7C7F1807706FB07F74FEA23
:10A20000D737A7FB03687642C8F58038A7FB06CE90
:10A2100038BFA8F1010807FB08E64FF0000EA6FBC7
:10A22000028CE6FB03CEDCF1000CCEF1004E38BF11
:10A23000AEF1010EA6FB0C584FF000074FF00005E1
:10A24000E6FB0E87A1FB08C6A0FB07CE16EB0E06A9
:10A2500045F10005E1FB076515F1E04E7EBFA4F571
:10A2600080345FEA46066D4116F1800745F100052E
:10A270004FEA17274FEA066647EA0567A6F1DE466A
:10A28000B6F1805F4FEA15251FD9384624F0010C3E
:10A2900005EBC471BCF1FE6F01EB0C1102D8F0BCF0
:10A2A000BDE8008124425CBF01F5801E9EEAC47FA8
:10A2B00002D4F0BCBDE80081244238D4F0BCA1F146
:10A2C000C041BDE8004100F043BA4FEAD22242EA61
:10A2D00043524FEAD323A7FB02864FEAD02040EA3D
:10A2E000415007FB03661EEA0E0F4FEAD12105FB22
:10A2F000026658BFA6EB0056B6EB00564FEA520E68
:10A300004EEAC37E18EB0E0E56EB530EBDD518EB7E
:10A3100002085E417F1C55F10005B6E74FF4801539
:10A320004FF000074FF000064FF00008ADE7F0BC1B
:10A330004FF0000001F1C04101F00041BDE8008193
:10A3400011EA0C1F0CEA131500D00CE013EA0C1FE5
:10A3500000F025804FF00000F0BC81EA030101F01D
:10A360000041BDE80081F0BCBDE8004181EA030185
:10A3700000F0EEB9F0BCBDE8004170B500F09AF90C
:10A38000097EFC3E00F007B881EA03014FF00000AF
:10A3900001F00041704781EA030100F0D9B9F0BC37
:10A3A000BDE800414FF0000021497047FFFDFBF977
:10A3B000F7F5F4F2F0EEEDEBE9E8E6E4E3E1E0DEF8
:10A3C000DDDBDAD8D7D5D4D3D1D0CFCDCCCBCAC86A
:10A3D000C7C6C5C4C2C1C0BFBEBDBCBBBAB9B8B791
:10A3E000B6B5B4B3B2B1B0AFAEADACABAAA9A8A884
:10A3F000A7A6A5A4A3A3A2A1A09F9F9E9D9C9C9B52
:10A400009A999998979796959594939392919190FC
:10A410008F8F8E8E8D8C8C8B8B8A8989888887878D
:10A420008685858484838382828181800000FF0702
:10A430000000F87F4FEA41034FEA5353A3F58063CE
:10A44000D3F11E03C8BFD3F1210C0CDD4FF0004245
:10A4500042EAC12242EA505232FA03FC8CEAE17C21
:10A46000ACEBE1707047102BC4BF0020704703F5C0
:10A47000787CBCF1FF3F04D06FF0004282EA2100FB
:10A48000704770B500F016F949922480002070479B
:10A49000F2E710F0004248BF4042B0FA80F310FAF1
:10A4A00003F10AD0C3F11D0303F580634FEA415065
:10A4B00002EB035202EBD12170474FF000007047CE
:10A4C000B0FA80F310FA03F10AD0C3F11D0303F5CB
:10A4D00080634FEA41504FEA035202EBD1217047AB
:10A4E0004FF000007047000051EA030C17D41CF530
:10A4F000801F58BFBCF5801F00F10680994218BF2D
:10A50000704708BF9042704707D711F5801F58BFAA
:10A5100013F5801F19D499427047894270471CF582
:10A52000801F08D5BCF5801FF7D58B4218BF704738
:10A5300008BF824270474FF4001C1CEB410F38BF2C
:10A540001CEB430F01D28B42704770B500F0B2F89C
:10A55000922449004FF000514FF08053FFF706BEA0
:10A56000DFF848C170B51CEA111E1EBF1CEA1315A6
:10A570009EEA0C0F95EA0C0F00F06F8081EA03044D
:10A5800023EA4C134EEAD47E21EA4C1141F48011A7
:10A5900043F48013AE44A1FB024CA0FB0365AEF173
:10A5A0007F7E361955EB0C05A1FB034C4CF10003E3
:10A5B000A0FB021C16EB0C06654153F10003094297
:10A5C00018BF46F0010613F4007F0BD14FEA0331A8
:10A5D0004FEA0530340341EA155140EA16506FF056
:10A5E00003020AE04FEAC3214FEAC520F40241EA20
:10A5F000555140EA56506FF0020202EB2E4201EB39
:10A60000025585EACE710AD05FEA440C18BF24F0E7
:10A61000004450F1000041F1000120EAD47040F202
:10A62000FE7C624500D270BDA84214BF4FF080444A
:10A630004FF04044002E08BF0024BEF1806FA8BF39
:10A64000A1F1C041BDE8704080F282804FF000006F
:10A6500001F1C04101F0004170479EEA0C0F0CEA85
:10A66000131518BF95EA0C0F06D04FF0000081EAD1
:10A67000030E0EF0004170BD00F01CF88900013E91
:10A6800000F007B800F009B84FEA430C5FEA5C5CE1
:10A6900008D081EA030100F05BB84FEA410C5FEAA1
:10A6A0005C5CF6D14FF00000014970470000FF07E5
:10A6B0000000F87F0EF1020E2EF0030E5EF8046B20
:10A6C000364205D4012A43EB030515F5001F12D8C5
:10A6D000012841EB010C1CF5001F0CD80ED14FEAEC
:10A6E000D17C15F5001F0CEB4C0C0CF1020C08BFD3
:10A6F0004CEBD37C04E04FF0080C01E04FEAD37C34
:10A700000CEB4C0526FA05F606F00706B6F1040C2C
:10A7100006D20EEB860CBDE870404CF0010C604791
:10A72000DFE80CF0090B02024FF000414FF000008F
:10A73000A1F5002170BD19461046012851EB010416
:10A7400018BFD4F5001484BF002001F0004170BD93
:10A750000808A0F500114FEA3101704753EA010CD7
:10A7600017D41CF5801F58BFBCF5801F00F1068070
:10A770008B4218BF704708BF8242704707D713F556
:10A78000801F58BF11F5801F19D48B4270479B4220
:10A7900070471CF5801F08D5BCF5801FF7D599427E
:10A7A00018BF704708BF904270474FF4001C1CEB65
:10A7B000430F38BF1CEB410F01D2994270470FB4D1
:10A7C0000CBC03BCFFF7C1BE91EA030F10B581F0CA
:10A7D00000413FF523AC83F0004300F0EFB80000E8
:10A7E0002DE9F04101F5801CBCF5001FC0F2C380CB
:10A7F0004FEA115C21EA0C510CF1FD0C41F480117F
:10A800005FEA5C0C0CF5C07C01D3400049413DA4DB
:10A81000890241EA905187028E0E0A0CA45D04FB66
:10A8200004F602FB06F6C6F14046A4FB0662F60DEE
:10A8300046EA422606FB06F4A4FB01235242C3F17A
:10A84000404338BF5B1EA6FB02420024E6FB032404
:10A85000D20B42EA4446A6FB0623A1FB02E2A3FB7D
:10A8600007E4A4184FF0000252F10002E3FB01429A
:10A870006442C2F1404E38BFAEF1010EA6FB042384
:10A880004FF00002E6FB0E32A2FB03464FF000043D
:10A89000B61954F10004E2FB0264A1FB06E6A4FB36
:10A8A00007E816EB08064FF0000858F10008E4FB33
:10A8B00001687642C8F1405838BFA8F10108A2FBF0
:10A8C00006E4A3FB08E52D194FF0000454F1000441
:10A8D000E2FB0854A1FB05E6A7FB04E818EB060819
:10A8E0004FF0000656F10006E1FB048618F1200542
:10A8F00056F10006A809A8F11B08B10908F03F08A5
:10A90000B8F10A0F40EA86601CD901EB0C51BDE892
:10A91000F08100BFFCF5EEE8E2DDD8D3CFCBC7C3B2
:10A92000C0BDB9B6B4B1AEACA9A7A5A3A19F9D9B6C
:10A930009A9896959392908F8D8C8B89888786852F
:10A9400084838281A0FB006800FB01F208EB4208CF
:10A95000B8EB872807D5341858EB0104D5D5401C2F
:10A9600051F10001D1E7341A78EB0104CDD4401E37
:10A9700071F10001C9E75FEA4C0C5FEA9C5C0DD104
:10A9800005D34FF0000001F00041BDE8F081BDE8C3
:10A99000F04170B5FFF78EFE6DDBFFBEBDE8F04104
:10A9A0004FF00000004970470000F87F10B591EAB1
:10A9B000030F48BF83F000433FF530AB841A71EBBF
:10A9C000030C07D212198CF0004C43EB0C03001B54
:10A9D00061EB0C01DFF8A4E14FEA1154A4EB135C26
:10A9E0001EEA430F18BF9EEA445F00F0B08023EADE
:10A9F0006E03524221EA0451C3EB6E0338BF5B1E63
:10AA0000DCF1200E25D322FA0CFE10EB0E0043FAE7
:10AA10000CFE41EB0E01CCF1200E03FA0EFE10EB02
:10AA20000E0051F10001CCF1200E29D412FA0EF2E1
:10AA300001EB0451BDE8104058BF7047401C1CBFDB
:10AA4000B2F1004F704700280CBF491C20F00100F4
:10AA5000704712EB020E43EB030218BF4FF0010EDA
:10AA60004EEA4202ACF1200CDCF11E0E54D943FA3E
:10AA70000CFE10EB0E0051F1FF31CCF11E0ED5D5BE
:10AA80000EF1010E12FA0EFE404141EB010101EB05
:10AA9000445C5FEA5C5C10D910EBDE7001EB0451A2
:10AAA00038BFBEF1004FBDE8104018BF7047002806
:10AAB0000CBF491C20F00100704730D24FEAD42C63
:10AAC00011F5001124F400641BD0B1FA81F20B3AA5
:10AAD000A41AA41ED2F12003914030FA03F31943C3
:10AAE000904001EBCC71002C01EB0451BDE810400B
:10AAF000A8BF704701F1C0414FF0000001F00041D4
:10AB00007047B0FA80F310FA03F100D110BDE41AD7
:10AB1000173C4805C90AE4E701EB045110BD491090
:10AB200001EB0451BDE810404FEA300002E04FF065
:10AB3000000170474A0008BF0042F8D0B2F5001F7C
:10AB400028BF704701F000414FF0000070479EEAB7
:10AB5000445F07D011EA5E0FBDE8104004BF00213A
:10AB600000207047BDE8104070B5FFF7A3FD00BF9F
:10AB700040DFF63E83F00041104670470000E0FFE2
:10AB800043004FEAD30C4FEA3C0C43401FBF400741
:10AB90000CF1605113F0FE4F70471CF0006F03D1B1
:10ABA00000200CF0004170470CF0004343EA507065
:10ABB00010B540EACC0000F062FA00BF000000923D
:10ABC0004FEA0001FFF7C4BD4FF000414FF0000015
:10ABD000A1F500217047000090EA010F48BF81F005
:10ABE000004100F1A882421A3CBF801A89184FEA3E
:10ABF000D0524FF07F4C1CEA410FA2EBD15318BF4B
:10AC00009CEA026F00F03B804FF0004C4CEA0020C1
:10AC10004CEA012121FA03FC10EB0C0C1ED202F1CC
:10AC2000FF325FEA1C2040EBC25038BF70471CF077
:10AC30007F0F4FEA400C18BFBCF17F4F38BF704701
:10AC4000C3F12003994008BF20F00100BCF17F4F01
:10AC500038BF7047A0F1C04000F057BA4FEA3C003F
:10AC6000000A40EBC25028BF1CF0FF0F4FEA400C17
:10AC7000E6D018BFBCF17F4F38BF7047EAE79CEAC7
:10AC8000026F05D010EA5C0F08BF00F0004070476B
:10AC900010B500F0F4F900BF64FBBE3E014800F0BF
:10ACA000BABA00BF0000C07F401058BFC0F140409A
:10ACB000491058BFC1F140418142EFF30080704715
:10ACC0004FF47F0C1CEAD0121EBF1CEAD11392EA8B
:10ACD0000C0F93EA0C0F00F0858090EA010F48BF3B
:10ACE00042F4807240F4000C41F400002CF07F41EB
:10ACF00020F07F4000B58142A2EB03020FF2081C56
:10AD0000ACEB504EC0F100009EF800E04FEA4E0E52
:10AD100000FB0EFC38BF49004FEA2C1C02F5FA027A
:10AD20000CFB0EF34FEACE1E4FEA112C4FEAC12165
:10AD30000EEB635E42EB22420EFB0CFC4FEA1C530F
:10AD400000FB03114FEA112C4FEA01310EFB0CFC02
:10AD50004FEADC4C00FB0C11C14228BF09184CEB38
:10AD600003335DF804EB10EB410143EBC250B2F545
:10AD70007C0F38BF704729D512F0F00F1CBF00F1CF
:10AD8000C04000F000407047008182838485868740
:10AD900088898B8C8D8E8F919293959697999A9C9A
:10ADA0009D9FA0A2A3A5A7A8AAACAEB0B2B3B5B709
:10ADB000B9BCBEC0C2C5C7C9CCCED1D4D7D9DCDFDF
:10ADC000E2E6E9ECF0F3F7FAFE0000004FEA400C8F
:10ADD0000CF1807CBCF17E4F28BF7047B0F1C040C1
:10ADE00000F093B990EA010F0CEAD11348BF42F486
:10ADF0008072624538BF634507D213F47F0F16D0C7
:10AE000080EA010000F00040704710B500F037F90B
:10AE1000097EFC3E00F005B880EA010000F0004029
:10AE2000704780EA010000F0004000F06EB912F4B3
:10AE30007F0F04BF0248704780EA010000F065B947
:10AE40000000C07F41000B0ED3F19E0208D950F4E0
:10AE500000034FEA032323FA02F048BF4042704741
:10AE600010B500F00CF900BF499224800020704713
:10AE70006FF0004282EA200070470000C10DD1F15E
:10AE80009E0206DB4FEA002343F0004323FA02F060
:10AE90007047004207D54FEA4001B1F1FE4F02D2A0
:10AEA0004FF00000704710B500F0E9F84992248097
:10AEB000002070476FEA20007047000010F000414A
:10AEC00048BF4042B0FA80F310FA03F2C3F19D0389
:10AED0000BD051EAC35101EB1220530638BF704723
:10AEE00000F1010008BF20F001007047B0FA80F3C4
:10AEF00010FA03F2C3F19D030AD0D90501EB122029
:10AF0000530638BF704700F1010008BF20F0010070
:10AF10007047000050EA010C00F113801CF5000F8F
:10AF200058BFBCF5000F01D48842704707D710F511
:10AF3000000F58BF11F5000F15D4884270478942A1
:10AF400070471CF5000F04D5BCF5000FF7D5814202
:10AF500070474FF0807C1CEB400F38BF1CEB410F5B
:10AF600001D28142704710B500F089F8922449005F
:10AF70004FF000504FF08051FFF796BE4FF47F0C1A
:10AF80001CEAD0121EBF1CEAD11392EA0C0F93EAFE
:10AF90000C0F00F0478090EA010F48BF42F4807226
:10AFA0004FF0004C4CEA00204CEA012102EB030276
:10AFB000A0FB0113A2F50002002918BF43F0010312
:10AFC0005B0028BF4FEA330342EB22425FEA132CB7
:10AFD0004CEBC2502EBFBCEB436FB2F57C0F7047F9
:10AFE0004FEA036CBCF1004F08BF20F00100B2F53E
:10AFF0007C0F38BF70470BD582F0FF0212F5803FFF
:10B00000C8BF704700F1C040D8BF00F00040704793
:10B0100000F5000C5FEA4C0C48BF7047B0F1C0402F
:10B0200000F073B890EA010F0CEAD11348BF42F464
:10B030008072624538BF634504D280EA010000F0A7
:10B040000040704710B500F01AF800BF8900013EBB
:10B0500000F007B800F009B85FEA410C5FEA1C6C29
:10B0600008D080EA010000F050B85FEA400C5FEAC7
:10B070001C6CF6D14FF00040A0F5800070470EF137
:10B08000020E2EF0030E5EF8044B244204D44FEA65
:10B090004102B2F17F4F11D84FEA4003B3F17F4F25
:10B0A0000CD80ED14FEAD07CB2F17F4F0CEB4C0C98
:10B0B0000CF1020C08BF4CEBD17C04E04FF0080C03
:10B0C00001E04FEAD17C0CEB4C0324FA03F404F0CA
:10B0D0000704B4F1040C06D20EEB840CBDE810405A
:10B0E0004CF0010C6047DFE80CF0070802024FF05B
:10B0F0000040A0F5800010BD0846420018BFD2F104
:10B10000807288BF00F0004010BDFF2141EAD0509E
:10B11000C005704780F0004090EA010F7FF563ADF5
:10B1200081F0004100F007B890EA010F48BF81F0BC
:10B1300000413FF558AD421A04D882F00042A0EB1E
:10B14000020011444FEAD0524FF07F4C1CEA410FED
:10B15000A2EBD15318BF9CEA026F4AD04FF0004CCB
:10B160004CEA00204CEA012121FA03FCB0EB0C0C64
:10B170000FD412F0FE0F36D05FEA4C001DD500123E
:10B1800040EBC25038BF70471CF03F0F18BF7047EC
:10B190000BE0A2F101025FEA1C2040EBC25038BF75
:10B1A00070471CF07F0F18BF7047C3F12003994010
:10B1B00014BF401E20F00100704780084FEA1223A0
:10B1C00008BF7047B0FA80FCA2EB0C02CCF1280C4F
:10B1D00060FA0CF093EA122F04BF00EBC2507047E4
:10B1E0004FEAC3707047130A5FEADC1008BF70476C
:10B1F000F6E79CEA026F04D010EA5C0F08BF00205B
:10B20000704710B5FFF73BFF40DFF63E81F000408E
:10B210007047F5F769BB0CF00F03092B08BF082036
:10B2200000F07F800A2B0BD0082B18BF704708BF97
:10B230001CF0400F0AD04FF000004FF000017047A3
:10B240001CF0400F18BF4FF0004070471CF0100F6B
:10B2500008D020F0704300F07F4242EAD3014FEA69
:10B260004370704700F0604021F07F4242EA0002E4
:10B2700001F07F4040EA727070474FF0FF0C4CF4D1
:10B28000E06C1CEA11531CBF9CEA030C9445C2BF3E
:10B29000DA4201EB02517047002B0DD0BCF1000FD8
:10B2A0000FD0002A01F00041A4BF41F0E04141F07D
:10B2B0007F614FF00000704701F000414FF0000047
:10B2C000704750EA01334FF09B0C18BF4CF0806C74
:10B2D0007EF444AF70474FF0FF0212EAD0521CBF19
:10B2E00092F0FF038B42C2BFD14200EBC1507047C6
:10B2F000002A0AD0002B0BD0002900F00040A4BF88
:10B3000040F0FE4040F40000704700F000407047FD
:10B3100043024FF00B0C18BF4CF0806C7FF4BEACB6
:10B3200070471CF4801F11D01CF4E02F03D06FEA8B
:10B33000CC31490070474FF04050EFF3008222F0CB
:10B34000704242EA000282F3008870474FF000002A
:10B350007047010202030405060708090A0B0C0DD9
:10B360000E0F1010010202030405060708090A0B5C
:10B370000C0D0E0F10100000000000000000010274
:10B38000030406070809000000000102030400008E
:10B3900000000000000000000000000000003F402E
:10B3A00000000000000000003000400030004000BD
:10B3B000000009000BC03D000BC03D00090018C093
:10B3C00024407FE0224031800000180024C01B0090
:10B3D0000D803240018003801C4027401C800740C4
:10B3E00000401000600000000000000000000000AD
:10B3F000000000001F80204040200000402020402E
:10B400001F8000000000090006001F8006000900E0
:10B410000000040004003F8004000400000000104D
:10B4200000600000000000000000040004000400B0
:10B4300004000400000000000040000000000000C4
:10B440000000002001C006003800400000001F80FE
:10B450002040204020401F800000000010403FC0DE
:10B4600000400000000018C0214022402440184045
:10B47000000010802040244024401B800000020077
:10B480000D0011003FC0014000003C8024402440DA
:10B490002440238000001F80244024403440038047
:10B4A00000003000200027C03800200000001B8072
:10B4B0002440244024401B8000001C0022C0224065
:10B4C00022401F8000000000000008400000000033
:10B4D0000000000000000460000000000000000008
:10B4E00004000A0011002080404009000900090002
:10B4F00009000900000000004040208011000A00FF
:10B5000004001800200023402400180000001F80C1
:10B510002040274029401F400000004007C039005C
:10B520000F0001C0004020403FC0244024401B8049
:10B5300000001F802040204020403080000020403C
:10B540003FC0204020401F80000020403FC02440DA
:10B550002E4030C0000020403FC024402E0030006C
:10B5600000000F0010802040224033800200204065
:10B570003FC0040004003FC02040204020403FC0A6
:10B580002040204000000060202020203FC02000FC
:10B59000200020403FC024400B0030C0204020400D
:10B5A0003FC020400040004000C03FC03C0003C0FE
:10B5B0003C003FC0000020403FC00C4023003FC083
:10B5C00020001F802040204020401F80000020409D
:10B5D0003FC024402400180000001F80214021406B
:10B5E00020E01FA0000020403FC02440260019C0DA
:10B5F000004018C024402440224031800000300028
:10B6000020403FC020403000000020003F8000402C
:10B6100000403F80200020003E0001C007003800AD
:10B620002000380007C03C0007C038000000204060
:10B6300039C0060039C0204000002000384007C053
:10B64000384020000000304021C02640384020C053
:10B650000000000000007FE04020402000000000CB
:10B6600070000C00038000400000000040204020DB
:10B670007FE00000000000002000400020000000EB
:10B68000000000100010001000100010001000005A
:10B6900000004000000000000000000002800540A3
:10B6A000054003C0004020003FC004400440038028
:10B6B0000000000003800440044006400000000039
:10B6C0000380044024403FC0004000000380054048
:10B6D000054003400000000004401FC024402440F7
:10B6E0002000000002E005500550065004202040D4
:10B6F0003FC00440040003C000400000044027C0D5
:10B7000000400000000000100010041027E00000BE
:10B71000000020403FC00140070004C0044020401A
:10B7200020403FC000400040000007C0040007C0A8
:10B73000040003C00000044007C00440040003C02C
:10B740000040000003800440044003800000041017
:10B7500007F0045004400380000000000380044010
:10B76000045007F00010044007C002400400040029
:10B770000000000006400540054004C00000000035
:10B7800004001F80044000400000040007800040C7
:10B79000044007C000400400070004C00180060008
:10B7A0000400060001C0070001C0060000000440BC
:10B7B00006C0010006C0044000000410071004E0A9
:10B7C0000180060004000000044005C0064004405B
:10B7D00000000000000004007BE0402000000000AA
:10B7E00000000000FFF000000000000040207BE0AF
:10B7F0000400000000004000800040002000200005
:10B8000040000000000000000000000000000000F8
:10B8100000000000000000001FCC000C0000000031
:10B8200000000000080030006000080030006000E8
:10B830000000022003FC1E20022003FC1E20022028
:10B84000000000000E1811043FFF10840C78000067
:10B8500000000F0010840F3800C0077818840078AB
:10B86000000000780F8410C411240E9800E40084B6
:10B8700000080800680070000000000000000000E0
:10B88000000000000000000007E01818200440023B
:10B890000000000040022004181807E0000000002B
:10B8A00000000240024001800FF00180024002408F
:10B8B00000000080008000800FF800800080008081
:10B8C00000000001000D000E00000000000000005C
:10B8D0000000000000800080008000800080008068
:10B8E00000800000000C000C0000000000000000C0
:10B8F000000000000006001800600180060018002B
:10B900002000000007F0080810041004080807F0E1
:10B9100000000000080408041FFC000400040000EC
:10B92000000000000E0C10141024104411840E0CA2
:10B93000000000000C1810041104110412880C708F
:10B940000000000000E00320042408241FFC002461
:10B95000000000001F98108411041104108810705A
:10B960000000000007F00888110411041888007016
:10B97000000000001C00100010FC13001C00100050
:10B98000000000000E3811441084108411440E3859
:10B99000000000000700088C10441044088807F0DD
:10B9A0000000000000000000030C030C0000000079
:10B9B000000000000000000101060000000000007F
:10B9C000000000000080014002200410080810045C
:10B9D0000000022002200220022002200220022079
:10B9E000000000001004080804100220014000803C
:10B9F000000000000E001200100C106C10800F00F0
:10BA0000000003E00C1813E4142417C4082807D01E
:10BA100000000004003C03C41C40074000E4001C7C
:10BA2000000410041FFC1104110411040E8800709E
:10BA3000000003E00C1810041004100410081C107F
:10BA4000000010041FFC100410041004080807F084
:10BA5000000010041FFC1104110417C4100408187E
:10BA6000000010041FFC1104110017C01000080092
:10BA7000000003E00C181004100410441C7800406F
:10BA8000000010041FFC10840080008010841FFC44
:10BA900010040000100410041FFC10041004000027
:10BAA000000000030001100110011FFE1000100033
:10BAB000000010041FFC110403801464181C1004FF
:10BAC000000010041FFC1004000400040004000C1B
:10BAD000000010041FFC1F0000FC1F001FFC1004CE
:10BAE000000010041FFC0C04030000E010181FFCF1
:10BAF000100007F00808100410041004080807F0EC
:10BB0000000010041FFC10841080108010800F00B3
:10BB1000000007F0081810241024101C080A07F26F
:10BB2000000010041FFC1104110011C011300E0C94
:10BB3000000400000E1C11041084108410441C38F2
:10BB400000001800100010041FFC10041000180062
:10BB5000000010001FF810040004000410041FF877
:10BB6000100010001E0011E0001C007013801C006B
:10BB700010001FC0103C00E01F0000E0103C1FC080
:10BB800000001004180C163401C001C01634180C43
:10BB9000100410001C00130400FC13041C0010000F
:10BBA00000000804101C1064108413041C041018F6
:10BBB00000000000000000007FFE40024002400242
:10BBC0000000000030000C0003800060001C000337
:10BBD000000000004002400240027FFE0000000022
:10BBE0000000000000002000400040004000200055
:10BBF000000000010001000100010001000100013E
:10BC00000001000040004000200000000000000093
:10BC1000000000000098012401440144014400FC9C
:10BC2000000410001FFC008801040104008800705B
:10BC30000000000000700088010401040104008875
:10BC400000000000007000880104010411081FFCBE
:10BC50000004000000F8014401440144014400C80C
:10BC600000000000010401040FFC11041104110084
:10BC70001800000000D601290129012901C9010687
:10BC8000000010041FFC008401000100010400FCFE
:10BC9000000400000104190419FC00040004000061
:10BCA00000000000000300010101190119FE00005D
:10BCB000000010041FFC0024004001B4010C01042A
:10BCC00000000000100410041FFC00040004000029
:10BCD0000000010401FC0104010001FC0104010059
:10BCE00000FC010401FC008401000100010400FCCF
:10BCF0000004000000F8010401040104010400F83C
:10BD00000000010101FF00850104010400880070AA
:10BD1000000000000070008801040104010501FF1B
:10BD200000010104010401FC008401040100018000
:10BD30000000000000CC012401240124012401980A
:10BD4000000000000100010007F8010401040000E8
:10BD50000000010001F8000400040004010801FCD7
:10BD60000004010001800170000C001001600180DE
:10BD7000010001F0010C003001C00030010C01F0A5
:10BD8000010000000104018C00740170018C0104A9
:10BD90000000010101810171000E001801600180A5
:10BDA000010000000184010C013401440184010CF4
:10BDB0000000000000000000000001003EFC400206
:10BDC00040020000000000000000FFFF0000000033
:10BDD00000000000400240023EFC010000000000A4
:10BDE0000000000060008000800040004000200053
:10BDF00020006800000476005401F7FD0001751969
:10BE00001A0C6A231B1C1F207274433B4138393AB9
:10BE10006B6C376F06246D6E7000000083000000AD
:10BE20000008000000010018320005000000204159
:10BE30000000D242295C0F3E9A99993E3333733FFA
:10BE4000295C0F3E0000700000000024000000028A
:10BE50000003000000650054FFEF0000FA80000BB3
:10BE600012820001030C30C30E8C8CE914D5400201
:10BE700013710F8E3883F8833000F883258EF88392
:10BE80003000F883FFFFFFFF0FFEA9D62400040057
:10BE90001A8279A10000003CFFFF000000100000A2
:10BEA00038836FA2003E03304000000002CAE3095D
:10BEB0003E80000020000000000000004000000064
:10BEC00060000000000C0000000C186E00000692DC
:10BED0000A16C0DFFFFF0256FD8CD377FFE1C49640
:10BEE000E0C5BEAA00000000FFFF0B2B00001657A4
:10BEF000000003594000000000001DFA00026C1D04
:10BF0000000000003FFFDFEB003EB3B6000D2278DB
:10BF100000002F3C00000000001942B5000039A2CB
:10BF20000000B365D90E9FC91DCF4C34300000000E
:10BF3000500000003BB67AE80064000000C8000032
:10BF400000000000100000001000FA921000225EB5
:10BF5000000D229F0001000000320000FF4600009B
:10BF600063D400001000000004D6000004CC0000E0
:10BF700004CC00000000107200000040000000002F
:10BF8000000000000006000200050007000000009D
:10BF900000640000000000000000000500050064CF
:10BFA0000020000000000000000000000000400031
:10BFB0000000030000000032F8980000FF65000058
:10BFC000830F0000FF9BFC00000000000000000049
:10BFD0000000000000000000000000000000000061
:10BFE0000000000000000000000000000000000051
:10BFF0000000100040000000000000060000B26ACF
:10C00000000200000001FB830068000000D9FC0072
:10C010007CF1FF830000000000650000006403E87D
:10C0200000640028000000250000000016A00000A9
:10C030000000100000001000002F0000000001F4BC
:10C040000000100000280000FFFF4581FFFFFA728A
:10C050000000000000000000004400050005BAC612
:10C06000004778A200000001000000000000060068
:10C07000000000140000254D002F706D000005AE7B
:10C08000000C02D0000000000000000000000000D2
:10C0900000000000001B0000000000000000000085
:10C0A0000000000000640000000800000000000024
:10C0B0000000000000000000000000000000000080
:10C0C0000000000000000000000000000000000070
:10C0D0000000000000000000000000000000000060
:10C0E0000000000000000000000000000000000050
:10C0F0000000000000000000000000000000000040
:10C1000000000000001B0000000000000000000014
:10C11000000E000E00000AC70004000000000032FC
:10C12000FFFFFF9C00000B2B00000002000000013D
:10C1300000000064FFE500000000000000000000B7
:10C1400000000000000000010000000000010000ED
:10C15000000000000001800000018000000180005C
:10C16000002426D30000000000000000000600109C
:10C170000096003C000000000000000000000000ED
:10C18000000000000C0A4E68CDCF770950166759A1
:10C19000C619CE8200000000000000000000000070
:10C1A00000000000000000000000000017D784001D
:10C1B000030000000000000000000000C7938F9DF6
:10C1C0001E1B1C1900000000000000000000000001
:10C1D00000000000000000000000000002031885BD
:10C1E0000000400000000003000000030000000009
:10C1F00000000000400000000000000000000000FF
:10C20000000000000000000000000000000000002E
:10C21000000000000000000000000000000000001E
:10C220000000000000000000677DDF7E72902E5548
:10C230004CF6E6880000000000000000000000004E
:10C2400000000000D8DCB4B8B0D8B9ABF3F8FAB34A
:10C25000B7BB8E9EAEF132F51BF1B4B8B08097F14A
:10C26000A9DFDFDFAADFDFDFF2AAC5CDC7A90CC9CE
:10C270002C97F1A989264666B28999A92D557DB0DA
:10C28000B08AA896365676F1BAA3B4B280C0B8A8E0
:10C290009711B28398BAA3F0240844106418B2B975
:10C2A000B49883F1A329557DBAB5B1A38393F00067
:10C2B0002850F5B2B6AA839328547CF1B9A382938F
:10C2C00061BAA2DADEDFDB819AB9AEF5606870F19F
:10C2D000DABAA2DFD9BAA2FAB9A38292DB31BAA242
:10C2E000D9BAA2F8DF85A4D0C1BBAD83C2C5C7B897
:10C2F000A2DFDFDFBAA0DFDFDFD8D8F1B8AAB38DC5
:10C30000B4980D355DB2B6BAAF8C96198F9FA70E53
:10C31000161EB49AB8AA872C547CBAA4B08AB691D7
:10C32000325676B28494A4C808CDD8B8B4B0F19986
:10C3300082A82D557D98A80E161EA22C547C92A47E
:10C34000F02C5078F184A898C4CDFCD80DDBA8FC63
:10C350002DF3D9BAA6F8DABAA6DED8BAB2B686965E
:10C36000A6D0F3C841DAA6C8F8D8B0B4B882A8926B
:10C37000F52C548898F135D9F418D8F1A2D0F8F9F1
:10C38000A884D9C7DFF8F883C5DADF69DF83C1D8AD
:10C39000F40114F1A8824EA884F311D182F5D99248
:10C3A000289788F109F41C1CD884A8F3C0F9D1D9C6
:10C3B0009782F129F40DD8F3F9F9D1D982F4C203A7
:10C3C000D8DEDF1AD8F1A2FAF9A88498D9C7DFF825
:10C3D000F8F883C7DADF69DFF883C3D8F40114F112
:10C3E00098A8822EA884F311D182F5D9925097880B
:10C3F000F109F41CD884A8F3C0F8F9D1D99782F1D7
:10C4000049F40DD8F3F9F9D1D982F4C403D8DEDFA9
:10C41000D8F1AD8898CCA809F9D98292A8F57CF119
:10C42000883ACF944A6E98DB6931DAADF2DEF9D8FA
:10C430008795A8F221D1DAA5F9F417D9F1AE8ED0FB
:10C44000C0C3AE82C684C3A88595C8A588F2C0F1D2
:10C45000F4010EF18E9EA8C63E56F554F18872F492
:10C460000115F19845856EF58E9E0488F142985A23
:10C470008E9E068869F4011CF1981E1108D0F504FF
:10C48000F11E970202983625DBF9D985A5F3C1DAAA
:10C4900085A5F3DFD88595A8F309DAA5FAD88292A5
:10C4A000A8F578F1881A849F26889821DAF41DF37C
:10C4B000D8879F39D1AFD9DFDFFBF9F40CF3D8FA75
:10C4C000D0F8DAF9F9D0DFD9F9D8F40BD8F3879F8F
:10C4D00039D1AFD9DFDFF41DF3D8FAFCA869F9F937
:10C4E000AFD0DADEFAD9F88F9FA8F1CCF398DB450C
:10C4F000D9AFDFD0F8D8F18F9FA8CAF38809DAAF97
:10C500008FCBF8D8F2AD978D0CD9A5DFF9BAA6F389
:10C51000FAF412F2D8950DD1D9BAA6F3FADAA5F247
:10C52000C1BAA6F3DFD8F1BAB2B68696A6D0CAF3DE
:10C5300049DAA6CBF8D8B0B4B8D8AD84F2C0DFF1F0
:10C540008FCBC3A8B2B68696C8C1CBC3F3B0B488AC
:10C5500098A821DB718D9D71859521D9ADF2FAD80E
:10C560008597A828D9F408D8F28D29DAF405D9F2EC
:10C5700085A4C2F2D8A88D9401D1D9F411F2D8873C
:10C5800021D8F40AD8F28498A8C801D1D9F411D8D6
:10C59000F3A4C8BBAFD0F2DEF8F8F8F8F8F8F8F872
:10C5A000D8F1B8F6B5B9B08A95A3DE3CA3D9F8D8CE
:10C5B0005CA3D9F8D87CA3D9F8D8F8F9D1A5D9DFEC
:10C5C000DAFAD8B18530F7D9DED8F830ADDADED86E
:10C5D000F2B48C99A32D557DA083DFDFDFB591A048
:10C5E000F629D9FBD8A0FC29D9FAD8A0D051D9F87E
:10C5F000D8FC51D9F9D879D9FBD8A0D0FC79D9FA8F
:10C60000D8A1F9F9F9F9F9A0DADFDFDFD8A1F8F854
:10C61000F8F8F8ACDEF8ADDE8393AC2C547CF1A8CE
:10C62000DFDFDFF69D2CDAA0DFD9FADB2DF8D8A802
:10C6300050DAA0D0DED9D0F8F8F8DB55F8D8A878D1
:10C64000DAA0D0DFD9D0FAF8F8F8F8DB7DF8D89C7A
:10C65000A88CF530DB38D9D0DEDFA0D0DEDFD8A85B
:10C6600048DB58D9DFD0DEA0DFD0DED8A868DB7089
:10C67000D9DFDFA0DFDFD8F1A888902C547C98A800
:10C68000D05C38D1DAF2AE8CDFF9D8B087A8C1C15E
:10C69000B188A8C6F9F9DA36D8A8F9DA36D8A8F9EF
:10C6A000DA36D8A8F9DA36D8A8F9DA36D8F78D9D6F
:10C6B000ADF818DAF2AEDFD8F7ADFA30D9A4DEF96A
:10C6C000D8F2AEDEFAF983A7D9C3C5C7F1889BA714
:10C6D0007AADF7DEDFA4F8849408A797F300AEF2F2
:10C6E0009819A488C6A39488F632DFF28393DB09F5
:10C6F000D9F2AADFD8D8AEF8F9D1DAF3A4DEA7F1DF
:10C70000889B7AD8F38494AE19F9DAAAF1DFD8A815
:10C7100081C0C3C5C7A39283F628ADDED9F8D8A3DC
:10C7200050ADD9F8D8A378ADD9F8D8F8F9D1A1DAB5
:10C73000DEC3C5C7D8A18194F818F2B089ACC3C5CF
:10C74000C7F1D8B8B4B09786A8319B069907AB97C4
:10C7500028889BF00C201440B0B4B8F0A88A9A281E
:10C760005078B79BA8295179247059446938644896
:10C7700031F1BBAB88002C547CF0B38BB8A80428F3
:10C780005078F1B088B49726A85998BBABB38B0208
:10C79000264666B0B8F08A9CA82951798B29517930
:10C7A0008A2470598B2058718A4469388B394068C3
:10C7B0008A6448318B30496088F1AC002C547CF09D
:10C7C0008CA804285078F1889726A85998AC8C0238
:10C7D000264666F0899CA829517924705944693805
:10C7E000644831A98809205970AB11384069A819EB
:10C7F0003148608CA83C415C207C00F18798198608
:10C80000A86E767EA999882D557DD8B1B5B9A3DFDC
:10C81000DFDFAED0DFAAD0DEF2ABF8F9D9B087C443
:10C82000AAF1DFDFBBAFDFDFB9D8B1F1A3978E602C
:10C83000DFB084F2C8F8F9D9DED89385F14AB18324
:10C84000A308B5839A0810B79F10D8F1B0BAAEB05C
:10C850008AC2B2B68E9EF1FBD9F41DD8F9D90CF17B
:10C86000D8F8F8AD61D9AEFBD8F40CF1D8F8F8AD32
:10C8700019D9AEFBDFD8F416F1D8F8AD8D61D9F433
:10C88000F4ACF59C9C8DDF2BBAB6AEFAF8F40BD85D
:10C89000F1AED0F8AD51DAAEFAF8F1D8B9B1B6A32D
:10C8A000839C08B9B1839AB5AAC0FD3083B79F10A5
:10C8B000B58B93F20202D1ABDADED8F1B080BAAB1D
:10C8C000C0C3B284C1C3D8B1B9F38BA391B609B4C4
:10C8D000D9ABDEB0879CB9A3DDF1B38B8B8B8B8B8F
:10C8E000B087A3A3A3A3B28BB69BF2A3A3A3A3A3D6
:10C8F000A3A3A3A3A3F1B087B59AA3F39BA3A3DC3F
:10C90000BAACDFB9A3A3A3A3A3A3A3A3A3A3A3A385
:10C91000A3A3A3A3D8D8D8BBB3B7F1AAF9DAFFD998
:10C92000809AAA28B48098A720B79787A86688F02D
:10C930007951F1902C870CA781976293F071716007
:10C9400085940129517990A5F1284C6C870C951894
:10C950008578A38390284C6C886CD8F3A28200F26F
:10C9600010A8921980A2F2D926D8F188A84DD948EA
:10C97000D896A83980D93CD89580A839A68698D968
:10C980002CDA87A72CD8A8899519A980D938D8A8D6
:10C990008939A980DA3CD8A82EA83990D90CD8A812
:10C9A000953198D90CD8A809D9FFD801DAFFD895C4
:10C9B00039A9DA26FFD890A80D8999A81080982166
:10C9C000DA2ED88999A83180DA2ED8A886963180B7
:10C9D000DA2ED8A8873180DA2ED8A88292F3418047
:10C9E000F1D92ED8A882F31980F1D92ED882ACF3D0
:10C9F000C0A28022F1A62EA72EA92298A829DAACDF
:10CA0000DEFFD8A2F22AF1A92E8292A8F23180A6E6
:10CA100096F1D900AC8C9C0C30ACDED0DEFFD88C0B
:10CA20009CACD010ACDE8092A2F24C82A8F1CAF28B
:10CA300035F19688A6D900D8F1FF000017B7D13894
:10CA400017B7D1380AD7A33B000000000000803F91
:10CA5000000000000000803F000000000AD7A33B58
:10CA6000000000000000803F000000000000803F48
:10CA7000000000000000803F0000000000000000F7
:10CA80000000803F0000803F0AD7A3BB00000000E9
:10CA90000000803FFFE6DB2E0000000000000000E9
:10CAA000FFE6DB2E0000803F000000000AD7A3BB9A
:10CAB0000000803F0000803F0000000000000000F8
:10CAC0000000803F0000803F0AD7A3BB00000000A9
:10CAD0000000803FFFE6DB2E0000000000000000A9
:10CAE000FFE6DB2E0000803F000000000AD7A3BB5A
:10CAF0000000803F00000000555555555555C53F75
:10CB00007D6FEB0312D6D4BF5544880E55C1C93F83
:10CB10003B8F68B52882A4BF88B20175E0EF493F1A
:10CB200009F7FD0DE13D023F4B2D8A1C273A03C05A
:10CB3000C88A599CE52A004059018D1B6C06E6BF46
:10CB400082922EB1C5B8B33F000000000000F03F54
:10CB5000000000000000F83F00000000000000009E
:10CB60000000004003B8E23F0000000000000000A9
:10CB700006D0CF43EBFD4C3E033333333333E33F37
:10CB8000FFAB6FDBB66DDB3F4D268F515555D53F63
:10CB900001411DA96074D13F65DBC9934A86CD3F31
:10CBA000EF4E454A287ECA3F3E5555555555C53F1F
:10CBB00093BDBE166CC166BF2CDE25AF6A56113F11
:10CBC000F16BD2C541BDBBBED0A4BE726937663E13
:10CBD0004FBB610567ACDD3F182D4454FB21E93F95
:10CBE0009BF681D20B73EF3F182D4454FB21F93F84
:10CBF000E2652F227F2B7A3C075C143326A6813C0A
:10CC0000BDCBF07A8807703C075C143326A6913CB4
:10CC1000C4EB98999999C9BF711623FEC671BCBF20
:10CC20006D9A74AFF2B0B3BF9AFDDE522DDEADBF88
:10CC30002F6C6A2C44B4A2BF0D5555555555D53FA0
:10CC4000FF8300922449C23F6E204CC5CD45B73FBB
:10CC5000513DD0A0660DB13FEB0D76244B7BA93F33
:10CC600011DA22E33AAD903F00000000000000001E
:10CC700002400000000000A000000000054000008D
:10CC8000000000C8000000000C4000000000409CB4
:10CC900000000000194000000020BCBE00000000A1
:10CCA00034400000BFC91B8E00000004B5400000E6
:10CCB000504BCFD06607E2CF010000006C4100006E
:10CCC0003E8251AADFEEA73401000000D9420000E5
:10CCD000DCB5A0E23A301F97FFFFFFFFB44500002C
:10CCE000FD25A0C8E9A3C14FFFFFFFFFFF3F0000E4
:10CCF0000000008000000000FF3F000000000080F6
:10CD00000000000050726F64756374204944207203
:10CD1000656164206173203020696E6469636174A9
:10CD2000657320646576696365206973206569743D
:10CD300068657220696E636F6D70617469626C659D
:10CD4000206F7220616E204D5055333035302E0DDE
:10CD50000A0000002B434F4E4E454354494E473C7A
:10CD60003C30303A30303A30303A30303A30303A85
:10CD700030300D0A000000002B434F4E4E45435407
:10CD800045440D0A000000002B5041495241424CDD
:10CD9000450D0A002B444953433A535543434553E9
:10CDA000530D0A002B52454144590D0A0000000062
:10CDB0007B252E33663A252E33663A252E33663A86
:10CDC000252E33663A252E33663A252E33663A25CC
:10CDD0002E33663A252E33663A252E33663A252EB3
:10CDE00033663A252E33663A252E33663A252E339E
:10CDF000667D0D0A0000000034CE0008000000200F
:10CE0000740300006C010008E4CE000874030020E5
:10CE10000C290000C80100081C00000043000000AD
:10CE2000F8FFFFFF0C0000000E0000000F000000E4
:10CE30002E00000012011202021501091416791EBB
:10CE4000091C1F012529438210031524F413FEBD7C
:10CE50001B08F20401206B1CBE240324803F5AFFF0
:10CE60000449C70B1C0142A8120212031204120546
:10CE700012061A07671209120A120B120C120D126F
:10CE80000E8A0FC201191354CD1B0878041A94049A
:10CE90001AA4041A880401401017FC89A24250FC0D
:10CEA00020C140A3ABC56BD3934602BAC842029AD5
:10CEB000280A417AA7DF43612C39451C29247920AF
:10CEC000191C29246920150AD7233C35C041452364
:10CED000B219028F0505620AD7A33BCB803F0CE94C
:04CEE00010094C5099
:0400000508000131BD
:00000001FF
