:020000040800F2
:10000000402C00202D0200085957000869460008BE
:1000100009570008BD1800086568000800000000C6
:10002000000000000000000000000000D160000897
:10003000B11B000800000000EF5E00081961000815
:10004000470200084702000847020008470200086C
:10005000470200084702000847020008470200085C
:10006000470200084702000847020008470200084C
:10007000470200084702000847020008470200083C
:10008000470200084702000847020008470200082C
:10009000470200084702000847020008B31B000897
:1000A000470200084702000847020008470200080C
:1000B00047020008470200084702000847020008FC
:1000C00047020008470200084702000847020008EC
:1000D00047020008470200084702000801680008BC
:1000E00047020008470200084702000847020008CC
:1000F00047020008470200084702000847020008BC
:1001000047020008470200084702000847020008AB
:1001100031640008496400084702000847020008EB
:100120004702000847020008491900084702000872
:1001300000F002F800F06AF80AA090E8000C82448F
:100140008344AAF10107DA4501D100F05FF8AFF26C
:10015000090EBAE80F0013F0010F18BFFB1A43F0A5
:1001600001031847E4CF000004D000000A444FF018
:10017000000C10F8013B13F0070408BF10F8014B06
:100180001D1108BF10F8015B641E05D010F8016B4B
:10019000641E01F8016BF9D113F0080F1EBF10F8AF
:1001A000014BAD1C0C1B09D16D1E58BF01F801CBD2
:1001B000FAD505E014F8016B01F8016B6D1EF9D555
:1001C0009142D6D37047000000230024002500266A
:1001D000103A28BF78C1FBD8520728BF30C148BFAA
:1001E0000B60704766290BF09481642900F08680CB
:1001F000002070471FB500F0DDFC04000020002146
:1002000009F0DAFFE0601FBD10B510BD00F0D6FDAB
:100210001146FFF7EFFF08F05FF900F0F4FD03B4BB
:10022000FFF7F2FF03BC06F039FC000009488047E5
:1002300009480047FEE7FEE7FEE7FEE7FEE7FEE7C8
:10024000FEE7FEE7FEE7FEE704480549054A064BE0
:100250007047000097610008310100084026002027
:10026000402C00204028002040280020704710B576
:100270004C1084EA530404D54042C1F1000138BF58
:10028000491E1B4204D55242C3F1000338BF5B1E16
:1002900000F078F914F0804F04D04042C1F1000121
:1002A00038BF491E14F0004F04D05242C3F100037E
:1002B00038BF5B1E10BD00000FB4044910B503AA7F
:1002C000029800F065FC10BC5DF814FB780000207B
:1002D0000FB41CB5084B06AA7B44694600900598EC
:1002E00000F03DFC04460020694600F04BFC20462F
:1002F0001CBC5DF814FB0000A90800002DE9F041CA
:100300000646002410687529314616A510D0AFF3B3
:100310000080002802DA404213A507E031688A070E
:1003200001D512A502E0490704D511A5012401E079
:10033000AFF3008000210A2206F1240709E0B0FB98
:10034000F2FCB0FBF2F302FB1C003030785418468C
:10035000491C0028F3D123462A463046BDE8F04127
:1003600000F092B9000000002D0000002B000000FA
:10037000200000002DE9F0474FF0000A89460446AE
:10038000C0F820A02046E1688847002876D02528BC
:1003900006D0D4E901219047206A401C2062F1E791
:1003A000E168204600258847C4F81CA006460027BF
:1003B000C4F818A02A2E09D0304606F068FB38B3DE
:1003C00004EB8708303EC8F8186019E059F8041BA0
:1003D000204604EB87029161E1688847012F0646B9
:1003E00018D1E069002820DA25F020051DE0D8F8B2
:1003F000180000EB800006EB40003038C8F8180009
:100400002046E1688847064606F041FB0028EED109
:10041000012F0AD02E2E08D12046E16888477F1C84
:100420000646022F45F02005C4DBA069002803DA48
:10043000404245F00105A061E80701D025F0100514
:10044000B6B1A6F14100192802D8203645F400655E
:100450004A463146204625604D46FFF7C3FE58B157
:10046000012806D0ED1D25F0070000F1080989E7F5
:1004700004E005F1040985E730468AE7206ABDE813
:10048000F08740EA010310B59B070FD1042A0DD372
:1004900010C808C9121F9C42F8D020BA19BA884265
:1004A00001D9012010BD4FF0FF3010BD1AB1D307A4
:1004B00003D0521C07E0002010BD10F8013B11F8DA
:1004C000014B1B1B07D110F8013B11F8014B1B1B03
:1004D00001D1921EF1D1184610BD02F0FF0343EA8C
:1004E000032242EA024200F002B84FF0000204295F
:1004F000C0F0128010F0030C00F01B80CCF1040C53
:10050000BCF1020F18BF00F8012BA8BF20F8022B86
:10051000A1EB0C0100F00DB85FEAC17C24BF00F82C
:10052000012B00F8012B48BF00F8012B70474FF05A
:10053000000200B5134694469646203922BFA0E833
:100540000C50A0E80C50B1F12001BFF4F7AF09073F
:1005500028BFA0E80C5048BF0CC05DF804EB890030
:1005600028BF40F8042B08BF704748BF20F8022B73
:1005700011F0804F18BF00F8012B7047704770478B
:100580007047704753EA020C00F069802DE9F04B88
:100590004FF00006002B1FBFB3FA83F503FA05F4F2
:1005A00024FA05F65E4012BF1643B2FA82F502FA4B
:1005B00005F4C5F120051EBF22FA05FC44EA0C042F
:1005C000203556EA044C4FEA144418BF641C4FF01F
:1005D00000084FF00009904271EB030C39D3002959
:1005E00019BFB1FA81F701FA07F6B0FA80F700FAFD
:1005F00007F6C7F120071EBF20FA07FC46EA0C06E3
:100600002037B6FBF4FCA7EB0507103F07F01F0BE4
:10061000CBF120060CFA0BFB2CFA06F644BFB346CE
:100620000026202FA4BF5E464FF0000B5BEA060CAD
:1006300008BF4FF0010B19EB0B09ABFB027C48EB39
:100640000608C01B06FB02CC0BFB03CC71EB0C01B4
:10065000C1E70B46024641464846BDE8F08B13B55C
:100660004FF000004FF00001AFF30080BDE81C40E8
:10067000704710B500F0A2FA006810BD10B504462E
:1006800000F09CFA046010BD2DE9F0470D46994634
:100690009246044600F124080168880604D5E06902
:1006A00021F01001216000E00120A84201DD471B7C
:1006B00000E00027A1697A1902EB0900081AA0617D
:1006C0002078C00602D42046AFF30080002608E060
:1006D000D4E901211AF806009047206A401C761CD4
:1006E00020624E45F4DB2078C0060AD52046AFF3E1
:1006F000008006E0D4E9012130209047206A401CA8
:100700002062381EA7F10107F4DC07E0D4E90121DB
:1007100018F805009047206A401C2062281EA5F1A9
:100720000105F3DC2046AFF300802078000602D5F7
:100730000220BDE8F0870120FBE770472DE9FF4F5D
:100740000C461E464FF0FF378BB0D2E90001DDF8B2
:1007500060800A908A46C1F30A5505B93D460021DA
:1007600008464FF00000BAF1000F00F4400005DA2F
:1007700000EB80004FF4400101EA50004FEA90592D
:10078000B9F1010F00DDB9460A9850EA4A000ED0CF
:1007900044F61050A5F2FF3545432F14B8F1000F71
:1007A0001ED07542291E1EDDC9F100021CE0B8F101
:1007B000010F4FF0000001D0302103E0F24305E0CB
:1007C0002154401CB042FBDB304600220021215462
:1007D0000B99C1F80880C1E900200FB0BDE8F08F87
:1007E000BD1B6D1CDEE74A4600DA694206A800F030
:1007F0006FFA06AB93E8070003AB83E807005046A7
:100800000A9900F049FB8DE80700A0F500501F3859
:1008100000900398002D09DD42F21F014A4608446A
:1008200003A90390684600F0A8FD08E0A0F5005079
:100830004A461F3803A90390684600F0B2FD8DE8D0
:1008400007000004000C03D04FF0FF30410800E027
:100850001046B8F1000F03D00022009215461EE0AA
:10086000751E05D400F0AEF9303262556D1EF9D513
:10087000B3460122084302D000227F1C04E0207806
:10088000302801D100227F1E002A099786D01DE062
:10089000112D07DA00F096F9303262556D1C50EADE
:1008A0000102F5D1084302D00098C8B10EE0002142
:1008B000681E05E0235C625C63542254401E491CA0
:1008C0008142F7DBAB46A81B401E0990002004F8CC
:1008D0000B000B98099AC0F80880C0E9002B7CE750
:1008E00011264FF0000859E72DE9F04F88460446DD
:1008F000D21D22F0070191B0D1E90001CDE90A0132
:1009000006F00AF802460B98C00F01D02D2007E030
:100910002068810701D52B2002E0202101EAC000D8
:10092000032A099001D0072A05DB034641462046E9
:1009300000F08EF90BE12078800601D5E06900E037
:100940000620B8F1650F814606D0B8F1660F18D0C1
:10095000B8F1670F70D131E00020B9F1110F0090AC
:1009600001DB112301E009F101030AAA01A90CA886
:10097000FFF7E4FEDDE90C70002609F1010583466E
:1009800047E001204B4600904FF000470AAA01A91A
:100990000CA8FFF7D3FEDDE90DB00C995D460026EB
:1009A00010B909F101000D18B9EB050003D4C0F12D
:1009B000FF3609F10105A5EB09002BE0B9F1010FA4
:1009C00001DA4FF001090020B9F1110F00904846FB
:1009D00001DD112300E003460AAA01A90CA8FFF7D4
:1009E000ADFEDDE90C704D460026834620780007F9
:1009F0000AD4AB4500DA5D4601A8012D04DD41199A
:100A000011F8011C302907D04F4502DA17F1040F05
:100A100004DA012082460FE06D1EEEE7002F02DCB3
:100A2000ED1B3E4403E0781CA84200DD7D1CB81B92
:100A300000F1010A4FF000472078000703D4AA45CF
:100A400001DB4FF0FF3A0021B7F1004F0DF14308F1
:100A50008DF8431024D002202B23002F01DA7F428F
:100A60002D230A21021EA0F1010000DC5FB197FBDB
:100A7000F1FC97FBF1F201FB1C7C17460CF1300CEA
:100A800008F801CDEEE7A8F10100037021880905FF
:100A900001D5452100E06521A0F1010800F8011C05
:100AA00009980FA9A1EB0807FF1D00B1012041190A
:100AB00001EBEA70A1693844081A401EA061207851
:100AC000C00602D42046AFF30080099828B1D4E9CB
:100AD00001219047206A401C20622078C00622D560
:100AE0002046AFF300801EE0002E04DBB34502DD9C
:100AF00001A8805D00E03020D4E901219047206A00
:100B0000401C2062761CAAF101005FEA000A0AD1AB
:100B100000F050F8C0680168405CD4E901219047BA
:100B2000206A401C2062281EA5F10105DCDC07E0DC
:100B3000D4E9012118F8010B9047206A401C20627B
:100B4000381EA7F10107F3DC2046AFF30080032035
:100B500011B043E601694A1C02610878704700B58C
:100B60008FB0CDE901310021059105497944CDE9E6
:100B7000031011466846FFF7FDFB0FB000BD0000F3
:100B8000E5FFFFFF0A6802F8010B0A6070470000EA
:100B9000074B70B50D467B44FFF7E1FF044628463E
:100BA00000F004F910B14FF0FF3070BD204670BD69
:100BB000C372000000487047FC25002000487047C1
:100BC000DC25002030B5B0F10A024FEA900E71F139
:100BD00000034EEA817EB0EB0E0061EB91014FEA1B
:100BE000101E4EEA017E10EB0E0041EB11114FEA90
:100BF000102E4EEA016E10EB0E0041EB11214FEA70
:100C0000104E4EEA014E10EB0E0041EB1141401820
:100C100041F100014FEAD00040EA41704FEAD101B2
:100C200010EB80054FEA810444EA907444EB010420
:100C30006D1944EB0404521BA3414FF0000348BF5D
:100C40000A3200D530BD401C41F1000130BD00002A
:100C50002DE9F0411F46044603260168072A01F4E6
:100C6000006004DB08B116A505E016A503E008B195
:100C700015A500E015A521F010002060A069C01E98
:100C8000A0610FB1401EA0612046AFF300804FB1BC
:100C9000D4E9012138469047206A401C2062C01CDC
:100CA000206206E0206AFAE7D4E9012115F8010B79
:100CB0009047761EF8D22046AFF30080BDE8F08161
:100CC0004E414E006E616E00494E4600696E6600F0
:100CD0002DE9F047814616468AB0334878440DC85E
:100CE0008DE80D0030487844801C03AC0DC884E8C2
:100CF0000D0041F69B300844372190FBF1F290FB48
:100D0000F1F5A5F1800501FB12041B3C02D56442FC
:100D1000012000E00020DFF890A080460027FA4480
:100D2000AAF1BE0A0DE0E00709D03246684607EB9B
:100D300047010AEB810100F034FB8DE807006410E5
:100D40007F1C002CEFD1184F7F44AC3F18E0E80720
:100D500014D007EB04100DF1180A90E80E008AE891
:100D60000E00C068F04201D198190890324606A9D9
:100D700003A800F016FB03AB83E807006D10641CAA
:100D8000002DE4D132466946B8F1000F03A802D025
:100D900000F0F3FA01E000F004FBC9E90001C9F832
:100DA00008200AB0BDE8F0875CC30000007B00F0BB
:100DB0008000704700487047DC2500207546FFF72B
:100DC000F9FFAE4605006946534620F00700854608
:100DD00018B020B5FFF738FABDE820404FF0000604
:100DE0004FF000074FF000084FF0000B21F0070113
:100DF000AC46ACE8C009ACE8C009ACE8C009ACE856
:100E0000C0098D46704710B50446AFF300802046F8
:100E1000BDE81040FFF703BA4FF0013C50F8042B37
:100E200051F8043B9A4221D1A2EB0C03934313EAFD
:100E3000CC1317D150F8042B51F8043B9A4215D12A
:100E4000A2EB0C03934313EACC130BD150F8042B01
:100E500051F8043B9A4209D1A2EB0C03934313EAE5
:100E6000CC13DBD04FF00000704700BFD01A01BA9E
:100E7000B1FA81F101F0180122FA01F0CB40C1F181
:100E80002001DBB2C0B2C01A2CFA01F3D11A91438F
:100E900011EAC311E6D170475FEA400C08BF91F038
:100EA000000F4FEA8C234FEAC12243EA51514FEA27
:100EB0001C5018BF00F5F0404FEA300018BF41F059
:100EC00000415FEA6C5C00F02980BCF1FF3F08BF85
:100ED00040F080407047130C06BF12044FF0100C16
:100EE0004FF0000C130E04BF12020CF1080C130F8C
:100EF00004BF12010CF1040C930F04BF92000CF11B
:100F0000020CD30F04BF52000CF1010C11464FF03C
:100F10000002A0F11F00A0EB0C00704711F0004F81
:100F200008BF704731F000413FF4D5AF0B0C06BF4E
:100F300009044FF0100C4FF0000C0B0E04BF090217
:100F40000CF1080C0B0F04BF09010CF1040C8B0F02
:100F500004BF89000CF1020CCB0F04BF49000CF157
:100F6000010CCCF12003A0EB0C0022FA03F302FAEF
:100F70000CF241EA030100F10100704720F07F4CC0
:100F800080EA030023F07F47ACEB070303F57C53B3
:100F900000F0004003F1FF032DE980494FEA154BB3
:100FA00009B44FEA144325EA0B4E24EA03480FF232
:100FB000042606EB132749083E785FEA320203FB5A
:100FC0000667C7F5000707FB06F64FEA54374FEAF6
:100FD000D64606F1020607FB066CCCF1005C4FEA30
:100FE0001C472CEA074C07FB06F40CFB06F504EB48
:100FF00015464FEA961634BF00204FF000404FEAE6
:10100000D13706FB07FC4FEA1C4C0CFB0BF7D21B3D
:1010100003FB0CF761EB07010CFB0EF7B0EB07408D
:1010200072EB17420CFB08F734BFA2EB0742B2EB9E
:10103000074261EB17414FEA0C444FEA910706FB68
:1010400007FC4FEA1C4C0CFB0BF7B0EBC74072EBF4
:10105000573203FB0CF734BFA2EBC742B2EBC742D7
:1010600061EB57310CFB0EF7B0EBC70072EB577218
:101070000CFB08F734BFA2EBC702B2EBC70261EB6F
:101080005771039F4FEA816141EA921104EBCC044E
:101090004FEAD1374FEA826206FB07FC42EA901220
:1010A0004FEA80604FEA1C4C0CFB0BF7D21B03FB92
:1010B0000CF761EB07010CFB0EF7B0EB074072EB8E
:1010C00017420CFB08F734BFA2EB0742B2EB074212
:1010D00061EB17414FEA8C554FEA910704EB9C24D2
:1010E00006FB07FC4FEA1C4C0CFB0BF7B0EBC740B0
:1010F00072EB573203FB0CF734BFA2EBC742B2EBE3
:10110000C74261EB57310CFB0EF7B0EBC70072EB37
:1011100057720CFB08F734BFA2EBC702B2EBC70251
:1011200061EB577115EB4C254FEA816141EA921151
:101130004FEA82624FEAD13742EA901206FB07FC7F
:1011400044F100044FEA80604FEA1C4C0CFB0BF7A3
:10115000D21B03FB0CF761EB07010CFB0EF7B0EBA6
:10116000074072EB17420CFB08F734BFA2EB0742B3
:10117000B2EB074261EB174115EB1C154FEA8131C9
:1011800041EA92414FEA823242EA90424FEA80308D
:101190004FEA0C7644F1000448EA03434EEA0B4858
:1011A0004FF0000EB2EB080C71EB030724BF624650
:1011B00039464EEB0E0E4FF0000B001852414941DC
:1011C0004BEB0B0BB2EB080C71EB03077BF1000B45
:1011D00024BF624639464EEB0E0E4FF0000B00184E
:1011E000524149414BEB0B0BB2EB080C71EB03077F
:1011F0007BF1000B24BF624639464EEB0E0E51EADE
:10120000020718BF46F0010616EB0E7655F10002F4
:1012100054F1000103D5BDE88901BDE80088BDE8AF
:101220008901BDE80048B619524141EB0101A3F123
:101230000103704780807F7E7D7C7B7A797877762A
:1012400076757473727171706F6E6E6D6C6C6B6AA3
:101250006A69686867666665646463636261616041
:10126000605F5F5E5E5D5D5C5C5B5B5A5A595958BE
:101270005857575656555555545453535252525128
:10128000515050504F4F4F4E4E4D4D4D4C4C4C4B7E
:101290004B4B4A4A4A4949494848484747474746C5
:1012A0004646454545444444444343434342424201
:1012B00042414141002B26D4770021D01CB54FEA92
:1012C000370703B44FF010004FF010014FF000004B
:1012D0000FBCBDE810400BF1010BBBF1010F08BFC3
:1012E0005FEA170722BF12F1010211F101014FF06D
:1012F000004143F1000300F0004043EA0000704762
:10130000F9D35708DAE746EA064613F1400F4FEAE9
:1013100016461FDD13F1200FDFBF16430A460021DA
:1013200020335B42C8D0C3F1200746EA064602FAE2
:1013300007F74FEA164646EA0706C3F1200722FAE6
:1013400003F201FA07F721FA03F14FF0000342EA32
:101350000702B1E746EA020646EA06464FEA1646A3
:1013600046EA0106BCBF46EA0646360C4FF00003CB
:101370004FF000024FF000019EE72DE9C048934670
:1013800030B491E8380007C831EA400C48BF34EA6D
:10139000430C03D5FFF7F2FDFFF78CFFF0BCBDE86F
:1013A00000882DE9C048934630B491E8380007C85A
:1013B00010F0804F08BF13F0804F03D100F005F804
:1013C000FFF778FFF0BCBDE8008820F07F4780EA97
:1013D000030023F07F4C07EB0C03A3F57C5300F0D4
:1013E0000040A3F1FE0392F0000F00F0B38095F0EF
:1013F000000F00F077802DE901494FEA11404FEAD4
:10140000144621EA004800FB06FC24EA064708FBD4
:1014100006F607FB08F800FB07F718EB06484CEB4D
:10142000164C4FEA124B18EB07484FEA15464CEBA7
:10143000174022EA0B4E0BFB06FC25EA06470EFB83
:1014400006F607FB0EFE0BFB07F71EEB064E4CEBFA
:10145000164C4FF000061EEB074E4CEB174B18EBEB
:101460000B0840F1000018EB0E0B58EB000840F1A0
:1014700000008F1A4FF000013CBFC943661B14BF28
:10148000B5EB040C00213CBFC943F61B4FEA1744DF
:101490004EEA8E0E27EA04454FEA1C4704FB07621A
:1014A0002CEA074C05FB07F70CFB05F604FB0CFCCC
:1014B00016EB074642EB174216EB0C4642EB1C427A
:1014C0001BEB060658EB0202414146EA9E0601D597
:1014D000BDE80189B619524141EB0101A3F10103B5
:1014E000BDE801894FEA14454FEA114724EA054651
:1014F00021EA074C05FB07F406FB07F70CFB06F196
:1015000005FB0CFC11EB074144EB17444FEA124773
:1015100011EB0C4144EB1C4422EA074C05FB07F29B
:1015200006FB07F70CFB06F605FB0CFC16EB074663
:1015300042EB174216EB0C4642EB1C456A1854F17D
:10154000000148BF7047B619524141EB0101A3F1B8
:101550000103704795F0000F37D04FEA11424FEA70
:10156000144721EA024624EA074C02FB07F106FB76
:1015700007F70CFB06F402FB0CFC14EB074441EBF1
:1015800017414FEA154714EB0C4441EB1C4125EA87
:10159000074C02FB07F506FB07F70CFB06F602FB00
:1015A0000CFC16EB074645EB174516EB0C4645EBD6
:1015B0001C42121951F1000148BF7047B61952413F
:1015C00041EB0101A3F1010370474FEA14454FEAD3
:1015D000114724EA054621EA074C05FB07F106FB03
:1015E00007F70CFB06F24FF0000605FB0CFC12EBB4
:1015F000074241EB174112EB0C4251EB1C4148BF33
:101600007047921841EB0101A3F1010370470000FC
:1016100070B5044600688168C943C90717D181685D
:1016200021F00101816001F099FC05460AE000BF4C
:1016300001F094FC401B022804D920688068C04354
:10164000C00706D020688068C043C007F0D00020E3
:1016500070BDA06A40F01000A062E06A40F0010096
:10166000E062012070BD0000F8B500260446009637
:1016700000688168C943C9072DD0816841F0010124
:101680008160164816490068B0FBF1F000E0401E8A
:1016900000900028FBD101F061FC054616E000BF78
:1016A00001F05CFC401B022810D920688068C04310
:1016B000C0070BD0A06A40F01000A062E06A40F0C2
:1016C0000100E06284F824600120F8BD2068806891
:1016D000C043C007E4D10020F8BD0000880000200E
:1016E00040420F002DE9F04F3D48C9B0006809F0B5
:1016F00065FB82463B488B46006809F05FFB8146EC
:1017000039480F91006809F059FB07463748884669
:10171000006809F053FB054635480E46006809F09D
:101720004DFB0E9033480C46006809F047FBCDE9AD
:101730000C013148006809F041FBCDE90A012F484E
:10174000006809F03BFBCDE908012D48006809F06D
:1017500035FBCDE906012B48006809F02FFBCDE9E8
:1017600004012948006809F029FBCDE90201274856
:10177000006809F023FBCDE900012548006809F065
:101780001DFB0B460F99CDE916ABCDE914910DF178
:101790003C09024689E8F0011E4918A8FEF798FDA9
:1017A00000281ADDC02800DDC0201B4E002218AB27
:1017B00044F62064371D0EE09D5C214600E0491E82
:1017C000D6F800C05FEA0C6C02D40029F7D101E022
:1017D00001B13D60521C8242EEDB49B0BDE8F08FA2
:1017E00000020020FC010020F8010020F40100208C
:1017F000F0010020380200203402002028020020DE
:1018000024020020140200200C02002048020020C4
:101810004402002000D1000800480040F0B52249F1
:101820000022CC7A8B7A27465B1C641C4D7ADBB293
:10183000E6B22B2812D085B30C7A01F1280C641C77
:10184000E4B20CEB850C0C725CF804CC1CF804C000
:1018500084450CD18B72222B06D01CE06D1C4D727E
:101860000A728B72CE7216E08A72CA7211E00E4B47
:10187000203303EB850353F8043C1B5D834203D004
:10188000012D0BD10D2F09D3CE722C2E03D1CA728C
:101890008A724A720A720120F0BD03E08A72CA722B
:1018A0004A720A720020F7E74401002002494FF40F
:1018B000004008607047000014080140FEE7000087
:1018C0002DE9F0410D4C0A4607460B4E10462168A3
:1018D00009F072FC216B09F09DFA0146084809F0F5
:1018E0006BFC05463146384609F066FC294609F08E
:1018F00091FA2063BDE8F0810AD7A33C6002002082
:1019000048E17A3F2DE9F0410D4C0A4607460B4E5F
:101910001046216809F050FC216E09F07BFA01465F
:10192000084809F049FC05463146384609F044FCB0
:10193000294609F06FFA2066BDE8F0810AD7A33C7A
:101940006002002048E17A3F014800F01DBE00001F
:10195000AC05002030B590F840500124AC40C56B78
:101960006C60046863604368102B036803D099605F
:101970000068C26030BD9A600068C16030BD000080
:10198000F8B5374F002601200096387002466B46A6
:101990007521682006F01AFD32A0FEF78DFC9DF837
:1019A000000068280CD0BFF34F8F37480168374AD2
:1019B00001F4E06111430160BFF34F8F00BFFDE709
:1019C00006F0AAFE002848D1782007F063FB10B982
:1019D00024A0FEF771FC782006F0D0FD10B92CA0F1
:1019E000FEF76AFCC82007F015FB10B932A0FEF71D
:1019F00063FC05F027FE10B939A0FEF75DFC4548F1
:101A0000044606F045FD0546E01C06F041FD45EAAA
:101A1000C005A01D06F03CFD45EA801080B205F02F
:101A2000C1FF10B93CA0FEF747FC40F2731005F06F
:101A3000E1FC10B942A0FEF73FFCC82005F01AFFF8
:101A400010B949A0FEF738FC08F0A8FA012007F009
:101A500007FA10B94DA0FEF72FFC3E70F8BD00004C
:101A6000080000206D70755F7365745F73656E7339
:101A70006F7220636F6D706C657465202E2E2E2E34
:101A80002E2E0D0A000000000CED00E00400FA0507
:101A90006D70755F636F6E6669677572655F6669A5
:101AA000666F20636F6D706C657465202E2E2E2E10
:101AB0002E2E0D0A000000006D70755F7365745F57
:101AC00073616D706C655F7261746520636F6D70BA
:101AD0006C657465202E2E2E2E2E2E0D0A00000011
:101AE000646D705F6C6F61645F6D6F74696F6E5F62
:101AF0006472697665725F6669726D77617265207E
:101B0000636F6D706C657465202E2E2E2E2E2E0D3B
:101B10000A000000F8000020646D705F7365745F58
:101B20006F7269656E746174696F6E20636F6D703A
:101B30006C657465202E2E2E2E2E2E0D0A000000B0
:101B4000646D705F656E61626C655F66656174751A
:101B5000726520636F6D706C657465202E2E2E2E5D
:101B60002E2E0D0A00000000646D705F7365745FB7
:101B70006669666F5F7261746520636F6D706C6516
:101B80007465202E2E2E2E2E2E0D0A006D70755F80
:101B90007365745F646D705F737461746520636FE7
:101BA0006D706C657465202E2E2E2E2E2E0D0A0063
:101BB00070474FF4007001F0C3B872B6FEE7000042
:101BC0000EB50B2801D00F2800D100900120019004
:101BD000072002906946074800F0DCF9054800F04C
:101BE000B7FB0A21034800F015FB024800F050FA49
:101BF00080B20EBD340300202DE9F04100250E46D1
:101C000007462C4608E03846FFF7DAFF0544012076
:101C100005F0B8FB641CE4B2B442F4D3B5FBF6F0B3
:101C200080B2BDE8F08100002DE9FE4FDFF8089298
:101C3000DFF80882DFF808A2DFF808B2824D012839
:101C40007ED04421D02002F010FD04464321D02054
:101C500002F00BFD04EB00207C4C4621E081D020FB
:101C600002F003FD06464521D02002F0FEFC06EB03
:101C7000002060824821D02002F0F7FC0646472170
:101C8000D02002F0F2FC06EB002020823C21D02084
:101C900002F0EBFC06463B21D02002F0E6FC06EB0E
:101CA000002020813E21D02002F0DFFC06463D21AD
:101CB000D02002F0DAFC06EB0020A0804021D020EA
:101CC00002F0D3FC06463F21D02002F0CEFC06EB0A
:101CD000002007B2E780B4F90E60704209F00CFAF8
:101CE000C8F80000B4F9080008F0F1FCDFF86081E2
:101CF000584B424608F064FB08F074FA0290B4F9BD
:101D0000040008F0E4FC4246524B08F059FB08F08E
:101D100069FA0190384608F0DAFC42464D4B08F06B
:101D20004FFB08F05FFA0090304608F0D0FCDFF877
:101D300028814FF066373A46434608F041FB00E001
:101D400016E008F04FFA0646B4F9120008F0BFFC9E
:101D50003A46434608F034FB08F044FA07463F4849
:101D6000DFF8FC800078022818D003283ED052E02B
:101D700004F0BEF83B4C2968C9F80010B4F9000023
:101D800009F0BAF9C8F80000B4F9040009F0B4F990
:101D9000CAF800003448B0F9040047E0DDE900105B
:101DA00086F0004202F084FE09F008F8304E2F4A17
:101DB000334608F005FB00222E4B08F0EFFC08F03C
:101DC00011FA28603A460099029802F09DFF08F047
:101DD000F5FF264A334608F0F3FA0022254B08F0B7
:101DE000DDFC08F0FFF9C8F8000014E0B4F90A00BF
:101DF00009F082F93146FFF763FD80F0004028606A
:101E0000B4F90C0009F078F93946FFF77BFD80F052
:101E10000041C8F800102968C9F80010B4F9100092
:101E200009F06AF9CAF80000B4F9060009F064F98B
:101E3000CBF80000BDE8FE8F6000002064000020A9
:101E40006800002070000020E4000020A4010020B1
:101E50008FC2F5285C1F9A40665E8D40000000200E
:101E6000E0000020EC000020F2000020F1D4C85374
:101E7000FB2109400080664010B50B20FFF7A0FE53
:101E800008F03CFC4FF06632094B08F087FC00225A
:101E9000084B08F083FC0022074B08F07FFC6FF032
:101EA0000B0209F06AFBBDE8104008F0E1BB00003E
:101EB00066660A400000264000005940F8B500253B
:101EC0000446009590F8240001280BD0012084F8E6
:101ED00024002046FFF79CFB2046FFF7C5FB0600C9
:101EE00002D050E00220F8BDA06A20F4885040F0F3
:101EF0000200A062022001F0D3F825490968B1FB75
:101F0000F0F0400000E0401E00900028FBD1206867
:101F1000816841F00801816001F020F8074608E07F
:101F200001F01CF8C01B0A2803D92068806800074C
:101F300015D4206880680007F2D42068816841F0D9
:101F40000401816001F00AF8074612E001F006F88A
:101F5000C01B0A280DD920688068400709D5A06AEF
:101F600020F0020040F01000A06284F8245001200C
:101F7000F8BD206880684007E8D4A06A20F002001D
:101F800040F00100A06284F824503046F8BD000003
:101F900088000020F8B50024009490F824202546FD
:101FA000012A12D0012280F824204A681F23072A20
:101FB0000DD20668776B521E02EB820293409F435C
:101FC0000B6893401F43776319E00220F8BD066851
:101FD0000D2A0AD2376BD21F02EB820293409F4335
:101FE0000B6893401F43376309E0F76A0D3A02EB31
:101FF000820293409F430B6893401F43F7620A6835
:10200000072306680A2A0AD3F7680A3A02EB420253
:1020100093409F438B6893401F43F76008E0376904
:1020200002EB420293409F438B6893401F4337610A
:102030000A68102A01D0112A20D1124B02689A4254
:1020400017D193681B0219D4936843F4000393607B
:102050000968102912D10C490C4A0968B1FBF2F148
:1020600001EB8101490000E0491E00910029FBD1EC
:1020700004E0816A41F020018162012480F824504B
:102080002046F8BD002401408800002040420F0097
:102090000068C06C704700002DE9F04104004FF06B
:1020A000000514D0A06A002628B9E66284F82460EE
:1020B000204600F083F82046FFF7AAFAA16A01F053
:1020C0001001014304D0A06A40F01000A0626BE050
:1020D000A16A21F4885141F00201A16233492368C9
:1020E0008B42E16904D1B1F5402F01D14FF40021B9
:1020F000277B4FF4807C41EA470261680A43A1686C
:10210000614509D0012907D05FF0000194F814E07F
:10211000BEF1010F02D00AE06146F7E7C7B1A76A36
:1021200047F02007A762E76A47F00107E7625F68A8
:1021300027F469470F435F60236899681C4F394053
:1021400011439960A16861450BD0012909D00CE0C9
:10215000DFF860E0A7690EEB47370F4347F40061F3
:10216000E5E7218A0D05A5F580152168CB6A23F4E2
:1021700070032B43CB62216889680F4B1940914251
:1021800008D1E662A16A21F0020141F00101A162D9
:10219000BDE8F081A06A20F0020040F01000A062CB
:1021A000E06A40F00100E0620120F1E7003C0140FC
:1021B000FDF7E1FF00E0FFFFFE0E1FFF00B585B059
:1021C0000021009101910291039100680E4988421B
:1021D00018D10E48816941F480618161816901F4FF
:1021E00080610491816941F01001816180696946D3
:1021F00000F0100004902220009003200190044879
:1022000000F0AAFD05B000BD00280140001002400A
:10221000001001402DE9F84300270D4604460097C1
:1022200000F09CFE804620688168C90508D5A06A38
:1022300040F02000A06284F824700120BDE8F883FB
:102240004168C90503D4C06A10F4700F2AD0022077
:1022500000F026FF3B490968B1FBF0F620680369EE
:1022600039490B424FEA61014FEAA1121FD1C368FD
:102270004FEA611C13EA0C0F19D103690B4225D1F7
:10228000C068104222D1142023E0681C0AD02DB16E
:1022900000F064FEA0EB0800A84203D920680068A3
:1022A000800725D5206800688007EED52DE00369FA
:1022B0000B4202D1C168114206D0026923490A4289
:1022C00006D1C068084203D1542002E0292000E072
:1022D000FC204643009816E0681C11D02DB100F098
:1022E0003DFEA0EB0800A8420AD90098B04207D2F0
:1022F000A06A40F00400A06284F8247003209DE7E7
:102300000098401C0090B042E6D321686FF01200A4
:102310000860A06A40F40070A06220688068C0F382
:10232000424007280CD1207B50B9A06A20F480706D
:10233000A062A06AC00403D4A06A40F00100A062B9
:1023400000207BE788000020244992244992240041
:1023500070B5044690F8240001280DD0012084F8BF
:1023600024002046FFF780F902004FF0000005D05E
:1023700084F82400104670BD022070BDA16A40F2AE
:102380000123994341F48071A1621F4D23681F49C5
:10239000AB4218D10E6816F4702F14D0A66A46F41A
:1023A0008016A6620E68760505D5A66A26F4005644
:1023B00046F48056A662A66AF6040AD5E66A26F0B6
:1023C0000606E66206E0A66A26F48016A6625E6845
:1023D000E9E7E06284F824006FF0020018602068EA
:1023E0008368C3F34243072B05D1A84208D109688B
:1023F00011F4702F04D0816841F480118160B9E735
:10240000816841F4A001F9E700280140042401405B
:1024100010B590F821100022022905D00421816313
:1024200080F82020012010BD01680B6823F00E0306
:102430000B6001680B6823F001030B6090F84030DB
:10244000C46B012101FA03F3636080F8211080F866
:102450002020104610BD00002DE9F05F90F82110FB
:102460000024022903D004218163012485E001684E
:102470000A6822F00E020A6001680A6822F001026E
:102480000A603F4E3E4FB215DFF8F4C0DFF8F0901F
:10249000DFF8ECA0DFF8E8B0DFF8E4E00168783FAF
:1024A00013011502ACF1640CA9F15009AAF13C0A20
:1024B000ABF1280BAEF1140E4FF48018B14227D9BE
:1024C000B9420ED0614512D049451DD0514518D0B2
:1024D000594518D0714501D1424615E0294EB14207
:1024E00001D1012210E0274E1436B14201D1102251
:1024F0000AE0244E2836B14206D0224A3C329142AC
:1025000001D11A4600E02A461E49091F0A602BE045
:10251000B94213D0614517D0494522D051451DD04D
:1025200059451DD0714501D142461AE0B14202D150
:102530004FF0807215E0134EB14201D1012210E03C
:10254000104E1436B14201D110220AE00D4E283649
:10255000B14206D00B4A3C32914201D11A4600E00A
:102560002A46074980394A60012180F8211000215C
:1025700080F82010416B01B188472046BDE8F09FEC
:1025800080000240080402402DE9F05FC16B0A6838
:1025900001680B68046C4FF0040808FA04F8844DD5
:1025A000844E854FDFF814C2DFF81492DFF814A2CE
:1025B000DFF814B2DFF814E218EA020F65D05FEA20
:1025C000437862D50A68920603D40A6822F00402AE
:1025D0000A60DFF8F0814FF48062016808F11408A6
:1025E00013011402414524D9A9420DD0B1420FD0A4
:1025F000B9421AD0614515D0494515D0514501D190
:10260000120312E0594501D104220EE0714501D1B7
:1026100040220AE06D4D1435A94206D06B4A28329B
:10262000914201D11A4600E022466749091F0A601B
:1026300029E0A94213D0B14215D0B94220D061455A
:102640001BD049451BD0514502D14FF4800217E001
:10265000414502D14FF0806212E0594501D1042278
:102660000EE0714501D140220AE0584D1435A942CF
:1026700006D0564A2832914201D11A4600E022463D
:102680004B4908394A60C16A71E04FF0020808FA04
:1026900004F818EA020F70D05FEA83786DD50A68F3
:1026A000920606D40A6822F00A020A60012180F824
:1026B0002110DFF810814FF40072016808F114084E
:1026C00013011402414524D9A9420DD0B1420FD0C3
:1026D000B9421AD0614515D0494515D0514501D1AF
:1026E000120312E0594501D102220EE0714501D1D9
:1026F00020220AE0354D1435A94206D0334A28324B
:10270000914201D11A4600E022462F49091F0A6072
:1027100029E0A94213D0B14215D0B94220D0614579
:102720001BD049451BD0514502D14FF4001217E090
:10273000414502D14FF0007212E0594501D1022209
:102740000EE0714501D120220AE0204D1435A94246
:1027500006D01E4A2832914201D11A4600E0224694
:10276000134908394A60002180F82010816A002945
:102770001CD0BDE8F05F0847FFE70825A5401542DB
:1027800014D01A0712D50A6822F00E020A6090F8D7
:102790004020C36B012101FA02F25A60816380F884
:1027A0002110002180F82010016BE0E7BDE8F09FC8
:1027B000080002401C000240300002404400024079
:1027C000580002406C000240080402401C04024011
:1027D00030B560B11A4B026814219A4209D2194BE4
:1027E0001344B3FBF1F18900016417490AE00120A9
:1027F00030BD134B5B421344B3FBF1F1890001641C
:102800000F490839C163022180F82110136843F68B
:10281000F0718B43F0E901142143D0E902452C43C8
:1028200021430469214344692143846921431943B5
:10283000116000214163012242770177084630BDD3
:1028400008040240F8FFFDBF0000024070B50446D6
:1028500090F82000002501280CD0012084F82000E9
:1028600094F821600020012E06D084F82000022573
:10287000284670BD022070BD022684F82160A06346
:102880002068066826F0010606602046FFF762F819
:10289000E06A00282068016802D041F00E0106E0DD
:1028A00021F0040101602068016841F00A01016023
:1028B0002068016841F001010160D9E72DE9F04F7E
:1028C0008BB0B0F5007F44D1042003F0E9FBF34D59
:1028D0002860082003F0E4FBF14F40421E213860DD
:1028E0000F20FFF789F9EF49EF4C0880A078E8B195
:1028F0000020A070ED480078FFF796F92078401C82
:10290000207002F003FFEA480168B1F57A7F02DA2D
:102910000168491C0160A0780026012808D0E5491B
:102920000868642818DBE448066017E00120E0E747
:10293000FFF7A2FA2063616B491C6163A26B6429F3
:102940001044A06305D190FBF1F1DC480160A6635F
:1029500066630BB0BDE8F08F401C0860286808F083
:10296000CBFBD74908F0CAFA08F028FAD54AD64B6B
:1029700007F014FF012208F000FE4FF08042D34B15
:1029800007F01EFD07F02EFC0546A06708F016FABA
:102990000022CF4B07F002FF4FF0FF3208F0EDFDB1
:1029A00007F020FCCB49DFF83093834608604946A6
:1029B000284608F001FCBC4D8035296808F02AFA49
:1029C00082462860386808F097FBBD4908F096FAFF
:1029D00008F0F4F9BB4ABC4B07F0E0FE012208F016
:1029E000CCFD4FF08042B94B07F0EAFC07F0FAFB50
:1029F0008046E06708F0E2F90022B54B07F0CEFE12
:102A00004FF0FF3208F0B9FD07F0ECFBB349074681
:102A100008604946404608F0CFFB696808F0FAF9BB
:102A2000814668603946584608F0F4F908F0C6F95E
:102A3000AB4AA64B07F0B2FE4FF0FF3208F09DFD07
:102A4000DFF8A0B207468846DBF8000008F0B6F9C8
:102A50003A46434607F0F8FB07F0C4FBCBF800000A
:102A6000A248A1490068009008F048FA08F0A6F9C9
:102A7000944A954B07F092FE07F0B4FB28629D48FC
:102A80009B49006808F03AFA08F098F99A4A9B4B7B
:102A900007F084FE07468846686A08F08FF93A46D0
:102AA000434607F0D1FB07F09DFB804668629448DF
:102AB0000068012768B1934D286850B95046E16C11
:102AC00008F0B2FC60624846216D08F0ADFCA062DF
:102AD0002F60207802287DD1734D267080355046B6
:102AE000A96808F0A1FC61698B4608F007FAC5F8EF
:102AF00008A028614846E96808F096FC594608F0A5
:102B0000FDF9C5F80C9068614FF0FF31404608F0C0
:102B100062FD68626348008808F006FBA16908F05E
:102B200079FC794908F048FB009908F073F96E497F
:102B300008F0E4F908F042F9624A634B07F02EFE10
:102B400007F050FBA0668046E16E08F06DFC594628
:102B500008F0D4F98346606F08F030F94FF0333253
:102B60006A4B07F01BFE82468946584608F026F954
:102B7000674A684B07F012FE52464B4607F064FB6B
:102B800007F030FB2067C4F86C80606702F0E6FD58
:102B90002868029068680390286904906869059025
:102BA000286A0690686A0790A06E0890206F0990C6
:102BB00002A8694605F046FBDFF85C8100984146B3
:102BC00008F0FAFA824620664146019808F0F4FAC5
:102BD000814600E028E060665049286A88421FDC90
:102BE0004F4988421CD2616950468B4608F0E4FA8E
:102BF000296908F00FF98046A8615946484608F04F
:102C0000DBFA696908F006F9E8614146A06F01F056
:102C1000D7FEA862E969E06F01F004FFE86202E014
:102C20006770AE62EE626E623E48007838B3002094
:102C300002F09AF93C4C1C4B6542803322462946EF
:102C4000986A03F04DF9986222462946D86A03F043
:102C500047F90146D86235489A6A026034480160F3
:102C6000104603F037FA3348D0F834013249134A9A
:102C7000C0B2087012680A2A03DA0F7004E06420F8
:102C8000D6E700283FF465AE2C480660001D0660BC
:102C9000001D0660001D06605BE600004C00002081
:102CA000500000201C000020A40100200000002093
:102CB0003400002028000020240000205C000020B8
:102CC00000606A47F1D4C853FB210940E17A743FA0
:102CD00000C05040540200200AD7A33B58020020F5
:102CE0007B14AE475C0200200000344360000020EB
:102CF000333383416400002012E7FAA146DF913F9D
:102D00003000002074000020EA04B43D3333E33F78
:102D10009A9999999999D93F00004040F90F493FF4
:102D2000F90F49BF190000200CE5FFFF54000020F7
:102D3000580000200000224204000020340400401B
:102D4000044910B50A68024202D00860FFF7B6FDD8
:102D500010BD0000140401402DE9F84FDFF8C891C0
:102D60000024A9F1040B23460F2709F1040AABF153
:102D7000040ED1E00125A54006EA0502AA4276D15B
:102D8000DFF8A8C14E68A6EB0C0866452BD00DDC19
:102D9000032E34D005DC36B3012E19D0022E2FD1EC
:102DA0001BE0112E16D0122E2AD119E0B8F5881F7B
:102DB00019D006DCB8F5803F15D0B8F5801F1FD1BB
:102DC00011E0B8F5001F0ED0B8F5041F18D10AE0C5
:102DD000CB6815E0CB681B1D12E0CB6808330FE011
:102DE000CB680C330CE08B682BB1012B4FF0080340
:102DF00003D0456104E0042302E0056100E0002304
:102E0000FF2A01D8064601E000F104064FEA8405D6
:102E100001D9A5F12005D6F8008007FA05FC28EABB
:102E20000C0803FA05F548EA0508C6F800804D6865
:102E3000ED0070D53E4DAE6946F00106AE61AD695C
:102E400024F0030605F0010500953A4D06EB050C4C
:102E5000DCF80850A607360F07FA06F825EA080539
:102E6000DFF8D480404503D14FF0000825E052E060
:102E7000DFF8C880404502D14FF001081DE0DFF8BF
:102E8000C080404502D14FF0020816E0DFF8B48060
:102E9000404502D14FF003080FE0DFF8AC80404519
:102EA00002D14FF0040808E0DFF8A080404502D1CD
:102EB0004FF0050801E04FF0060808FA06F848EA66
:102EC0000508CCF808804D68D9F80060ED024D4641
:102ED00001D5164300E096432E604D68DAF8006095
:102EE000AD02554601D5164300E096432E604D686D
:102EF000DBF80060AD035D4601D5164300E0964364
:102F00002E604D68DEF80060ED03754601D516436E
:102F100000E096432E60641C0A681646E2407FF487
:102F200029AFBDE8F88F000008040140000011102F
:102F3000001002400000014000080140000C014068
:102F4000001001400014014000180140001C014025
:102F50000AB1016170470904FBE70000014880687D
:102F6000704700007C00002002488168027811440C
:102F7000816070477C000020074810B5016841F06F
:102F800010010160032000F079F8032000F006F83A
:102F900000F024F8002010BD0020024070B50D4D57
:102FA00004464FF47A712878B1FBF0F00A490968B9
:102FB000B1FBF0F000F0B2FB48B9102C07D20022B0
:102FC0002146501E00F03AF800206C6070BD0120D0
:102FD00070BD00007C000020880000200E4808B56D
:102FE000816941F001018161816901F00101009174
:102FF000C16941F08051C161C06900F0805000900A
:10300000052000F03BF80548416821F0E06141F0FF
:103010000071416008BD0000001002400000014046
:10302000002809DB00F01F020121914040098000C7
:1030300000F1E020C0F8001170470000F0B40E4B22
:103040001B680C46C3F30223C3F10705042D00D906
:103050000425191D072901D2002300E0DB1E0126EB
:1030600006FA05F1491E214099409E40761E164001
:103070003143F0BC03F077BC0CED00E0064900F0F2
:10308000070208684FF6FF03184040EA0220034A8F
:1030900010430860704700000CED00E00000FA05E6
:1030A00010B501460020284C04292FD00BDC012943
:1030B00030D0022929D100F06BF96168C1F3813168
:1030C000491C49001FE0082920D010291DD1616842
:1030D0002268D20119D51D48C1F38342C903805C1F
:1030E0000AD56168194AC1F34041921E515C184AE1
:1030F000B2FBF1F1484301E01649484361684902D7
:1031000003D440000321B0FBF1F010BDBDE8104036
:1031100000F04EB9226AC2F30121012903D19207BE
:1031200001D5C80310BD022905D1626A920702D5F4
:1031300049F6404010BD0329FCD121688903F9D527
:103140004FF2244010BD00000010024066B6000897
:1031500000127A0000093D002DE9F8430546007889
:10316000354CC00754D0E0690026C00008D4E0699F
:1031700040F08050E061E069012600F0805000904E
:103180002E480168C90512D40168804641F4807157
:103190000160FFF7E3FE074605E000BFFFF7DEFE34
:1031A000C01B642823D8D8F80000C005F6D5206AD3
:1031B00010F4407021D0A98801F4407181421CD0E4
:1031C000206A1F49012220F440700A6000220A6030
:1031D0002062C00711D0FFF7C1FE074641F28838D0
:1031E00008E000BFFFF7BAFEC11B414502D903202A
:1031F000BDE8F883206A8007F4D5206A696820F466
:103200004070084320621EB1E06920F08050E06108
:103210002878800705D56068A96820F440400843F5
:1032200060602878C00605D56068696920F4800070
:10323000084360600020DBE700100240007000409F
:10324000400442422DE9F0470F46050061D0434E4D
:10325000306800F00700B84209D2306820F007005B
:1032600038433060306800F00700B84251D1286818
:103270003B4C810712D5400703D5606840F4E060FD
:1032800060602878000703D5606840F46050606093
:103290006068A96820F0F000084360602878C007E3
:1032A00028D06868012810D02168022810D089072A
:1032B00000292EDA616821F0030101436160FFF704
:1032C0004DFE804641F288390DE021688903EFE721
:1032D0008901EDE7FFF742FEA0EB0801494502D95D
:1032E0000320BDE8F0876068696800F00C00B0EB6F
:1032F000810FEFD1306800F00700B8420BD9306879
:1033000020F0070038433060306800F00700B84212
:1033100001D00120E5E72878400705D56068E96815
:1033200020F4E060084360602878000706D56068F4
:10333000296920F4605040EAC100606000F038F86C
:103340006168084AC1F30311515CC840064908602E
:1033500006480068FFF722FE0020C2E70020024076
:103360000010024076B6000888000020800000208F
:103370000448054900684968044AC1F30221515CC8
:10338000C8407047880000200010024086B6000840
:103390000448054900684968044AC1F3C221515CE8
:1033A000C8407047880000200010024086B6000820
:1033B0000E4A51680E4801F00C03042B11D0082B63
:1033C0000FD10C48C1F38343C903C05C0AD55168CF
:1033D000084AC1F34041921E515C054A5043B0FB7C
:1033E000F1F0704704494843704700000010024064
:1033F00000127A0054B6000800093D002DE9F84F8C
:10340000040070D02078C04DC00749D06868C0F370
:103410008100012807D06868C0F38100022809D123
:103420006868C00306D52868800339D5606800281D
:10343000E7D035E06068B0F5803F0BD010B1B0F553
:10344000A02F11D0286820F480302860286820F44C
:10345000802002E0286840F480302860606890B1E5
:10346000FFF77CFD06460AE0286840F480202860CB
:10347000F0E700BFFFF772FD801B642873D828684F
:103480008003F7D50CE0FFF769FD064605E000BFB5
:10349000FFF764FD801B6428F0D828688003F7D408
:1034A00020789A4E80074FF001094FF0000839D577
:1034B000686810F00C0F07D06868C0F3810002281C
:1034C00009D16868C00306D42868800714D520692C
:1034D000012808D110E02069B0B1C6F80090FFF7CC
:1034E0003DFD074605E00AE1FFF738FDC01B022855
:1034F000C4D828688007F7D52868616920F0F800EB
:1035000040EAC10028600DE0C6F80080FFF726FD04
:10351000074604E0FFF722FDC01B022823D82868D5
:103520008007F7D4207800072CD57948A169D9B154
:10353000C0F80090FFF712FD074604E0FFF70EFD0C
:10354000C01B02280FD8686A8007F7D571484FF46E
:10355000FA510068B0FBF1F0009000BF0098411EE6
:103560000091FAD20EE080E0C0F80080FFF7F6FC90
:10357000074604E0FFF7F2FCC01B022875D8686A12
:103580008007F7D42078400760D5E8690027C0009D
:1035900008D4E86940F08050E861E869012700F04C
:1035A000805000905C480168C90513D401688346C7
:1035B00041F480710160FFF7D1FC824606E000BF54
:1035C000FFF7CCFCA0EB0A0064284ED8DBF8000023
:1035D000C005F5D5E06801280AD008B1052813D048
:1035E000286A20F001002862286A20F0040002E026
:1035F000286A40F001002862E06841F2883B98B1F7
:10360000FFF7ACFC82460BE0286A40F00400286219
:10361000EEE700BFFFF7A2FCA0EB0A0159455AD81C
:10362000286A8007F6D50CE0FFF798FC824605E093
:10363000FFF794FCA0EB0A0159454CD8286A800793
:10364000F6D41FB1E86920F08050E861E06988B3E2
:103650006968C1F38101022944D00228C6F860805C
:1036600004D0FFF77BFC044638E034E0FFF776FC3B
:10367000074604E0FFF772FCC01B02282BD828681D
:103680008001F7D4206AB0F5803F05D16868A16851
:1036900020F4003008436860D4E9080108436968F1
:1036A00021F4741108436860C6F86090FFF756FC77
:1036B000044606E025E000BFFFF750FC001B02288F
:1036C00009D828688001F7D51BE000BFFFF746FC4A
:1036D000001B022802D90320BDE8F88F286880016A
:1036E000F4D40EE00128F7D06868226A00F4803133
:1036F000914204D1616A00F47010884201D0012027
:10370000EAE70020E8E70000001002400000424223
:1037100080044242880000200070004010B5401E26
:10372000B0F1807F01D3012010BD4FF0E024606133
:103730000F21601703F017F90020A0610720206116
:10374000002010BD70B590F83C20012A2CD0012437
:1037500080F83C40022280F83D2003685A689D684A
:1037600022F070060A6832435A60104B02689A428F
:103770000ED00F4B9A420BD0B2F1804F08D00D4BB8
:103780009A4205D00C4B9A4202D00C4B9A4204D17B
:10379000496825F080031943916080F83D4000217D
:1037A00080F83C10084670BD022070BD002C01401E
:1037B000003401400004004000080040000C0040BC
:1037C00010B5040003D094F83D0010B107E00120CB
:1037D00010BD002084F83C00204600F01FF80220B5
:1037E00084F83D00211D206802F0D6FC012084F8F9
:1037F000460084F83E0084F83F0084F8400084F8D6
:10380000410084F8420084F8430084F8440084F8BE
:10381000450084F83D00002010BD000008B5006898
:103820000649884208D10648C16941F00201C161D8
:10383000C06900F00200009008BD000000040040D4
:103840000010024070B5044690F83C0000250128A5
:1038500017D0012684F83C60022084F83D002068DF
:10386000826822F0770222F47F4282600868502842
:1038700038D00DDC20284FD005DC90B3102811D1B2
:103880004AE0022070BD302846D040280AD13BE0F3
:1038900060282FD070280DD0B0F5805F03D0B0F530
:1038A000005F12D0012584F83D60002084F83C00C0
:1038B000284670BDCB68D1E90121206802F0BFFC29
:1038C0002068816841F0770109E0CB68D1E90121E6
:1038D000206802F0B4FC2068816841F48041816076
:1038E000E1E719E0CA684968206802F07DFD5021CF
:1038F000206806E0CA684968206802F086FD6021F9
:10390000206802F0A6FCCEE7CA684968206802F089
:103910006BFD40212068F4E7226801461046F0E77D
:103920002DE9F0410D46040003D094F83D0018B194
:1039300008E00120BDE8F081002084F83C0020462A
:1039400000F040F8022084F83D002068816844F2CD
:10395000070291438160211D206802F01DFC22684E
:1039600090689169166A2B68AF69034340F203308F
:10397000814341EA0721A868EF6908434FF6FC41FB
:103980008843E96840EA0720014328692F6A00015B
:1039900040EA0730084369686D6926F0220646EA66
:1039A0000515294393602268906154F8460B016223
:1039B000012004F81F09E0752076E0762077A075D5
:1039C0000020B7E700B585B0002100910191029178
:1039D00003911A4B02681A48C0219A4213D1C26956
:1039E00042F00402C261C26902F0040204928269D8
:1039F00042F0080282618069009100F008000490A2
:103A00006946104815E0104B9A4214D1826942F47D
:103A100000528261826902F400520492826942F08B
:103A2000100282618069009100F0100004906946E4
:103A30000648FFF791F905B000BD000000080040FE
:103A400000100240000C0140003401400010014011
:103A500070B590F83E60044690F83F5090F84230C0
:103A600090F84320022021B104290ED0012E1BD151
:103A700014E0012E18D1012B16D184F83E0084F8F1
:103A8000420001220021206820E0012D0CD1012AF2
:103A90000AD184F83F0084F8430014E0012D03D1DB
:103AA000012B01D1012A01D0012070BD84F83E0014
:103AB00084F83F0084F8420084F84300012200218A
:103AC000206802F0AFFB01220421206802F0AAFB6B
:103AD0002068016841F001010160002070BD000014
:103AE00010B586B000210091019102910391006808
:103AF0001349884221D11348816941F00401816151
:103B0000816901F004010491816941F0080181613A
:103B10008069022400F008000490C020CDE9000470
:103B2000694609480394FFF717F90320CDE900041B
:103B3000694606480394FFF70FF906B010BD000070
:103B4000000400400010024000080140000C014049
:103B500070B5044690F83C0000260D4601280FD0B1
:103B6000012084F83C006AB1042A1DD0082A2FD015
:103B70000C2A3FD00126002084F83C00304670BD5E
:103B8000022070BD206802F06DFB2068816941F061
:103B9000080181612068816921F004018161206848
:103BA00081692A69114311E0206802F08BFB2068CB
:103BB000816941F4006181612068816921F480613B
:103BC0008161206881692A6941EA02218161D2E725
:103BD000206802F0ADFB2068C16941F00801C161B5
:103BE0002068C16921F00401C1612068C1692A69A6
:103BF000114311E0206802F0CFFB2068C16941F455
:103C00000061C1612068C16921F48061C1612068DF
:103C1000C1692A6941EA0221C161ACE710B504001B
:103C200003D094F83D0010B107E0012010BD002042
:103C300084F83C00204600F01EF8022084F83D0085
:103C4000211D206802F0A8FA012084F8460084F8BB
:103C50003E0084F83F0084F8400084F8410084F876
:103C6000420084F8430084F8440084F8450084F856
:103C70003D00002010BD704710B50446022249B136
:103C800004290ED0082913D094F84100012816D039
:103C9000012010BD94F83E000128F9D184F83E209F
:103CA0000FE094F83F000128F2D184F83F2008E0AB
:103CB00094F840000128EBD184F8402001E084F81A
:103CC00041200122206802F0ADFA13492068134A0E
:103CD000884201D0904203D1436C43F400434364D3
:103CE000206888420DD090420BD0B0F1804F08D0B0
:103CF0000B49884205D00B49884202D00A498842C4
:103D000004D1816801F00701062903D0016841F060
:103D100001010160002010BD002C01400034014071
:103D20000004004000080040000C0040704710B53F
:103D300004460068406994F84110C0F3C01021297E
:103D400011D180B12068143050E8001F21F08001AB
:103D500040E80012002AF5D1A06B08B1FEF758FB2D
:103D6000204602F01DFC2068406994F84210C0F320
:103D70008010222911D180B12068143050E8001F32
:103D800021F0400140E80012002AF5D1E06B08B1B3
:103D9000FEF73EFB204602F0DCFB002010BD704722
:103DA000F8B5016804460868CA684B6910F00F0F3F
:103DB0004FF000055AD003F0010602F49077374324
:103DC00065D0C10705D0D10503D5616C41F0010173
:103DD0006164410705D5D90703D0616C41F0020148
:103DE0006164810705D5D90703D0616C41F00401F6
:103DF0006164010707D502F02001314303D0616CF3
:103E000041F008016164616C00293BD0800604D553
:103E1000900602D5204602F0D1FB20684069616C13
:103E2000C0F3801001F00801014320462BD002F0BE
:103E300090FB20684069400621D52068143050E886
:103E4000001F21F0400140E80012002AF5D1E06B8C
:103E5000A8B16D494163E06BFEF7FEFA002811D06E
:103E6000E06B416B01B0BDE8F040084783060ED51A
:103E700093060CD52046BDE8F84002F09FBB2046D3
:103E8000FFF78DFFF8BDFFF78AFF6564F8BD266B6D
:103E90002023012E7CD1C6067AD5D60678D50868AF
:103EA0004868009048694FF00206400640D5E16B33
:103EB000086840680004000CE8D0A28D8242E5D971
:103EC000E085886920282DD020680C3050E8001F3C
:103ED00021F4807140E80012002AF5D121681431E4
:103EE00051E8000F20F0010041E80002002AF5D15E
:103EF0002068143050E8001F21F0400140E8001213
:103F0000002AF5D184F84230256320680C3050E84F
:103F1000001F21F0100140E80012002AF5D1E06BEB
:103F2000FEF776FA6663A08DE18D401A81B22AE031
:103F3000A08DE18D401A81B2E08D0028A6D0002925
:103F4000A4D022680C3252E8000F20F4907042E8AE
:103F50000007002FF5D12068143050E8002F22F020
:103F6000010240E80027002FF5D184F84230256394
:103F700020680C3050E8002F22F0100240E80023A7
:103F8000002BF5D166632046FFF7D0FEF8BDFFE7B2
:103F900005062BD5150629D594F841002128F5D121
:103FA000A068B0F5805F01D12069B0B1206A411CE2
:103FB0002162216800784860E08C401E0004000CFB
:103FC000E084E3D12068C16821F08001C1602068ED
:103FD000C16841F04001C160D8E7206A0088C0F3A1
:103FE00008004860206A801C2062E5E74006CDD5C5
:103FF0005006CBD5CA68204622F04002CA6084F839
:10400000413000F030FBC1E75564000870B5040092
:1040100004D094F84100002510B106E0012070BDE5
:1040200084F84050204600F023F8242084F8410012
:104030002068C16821F40051C160204602F020FBD5
:104040002068016921F4904101612068416921F0F3
:104050002A0141612068C16841F40051C160656472
:10406000202084F8410084F842006563002070BD80
:10407000F0B585B0002400940194029403940546A1
:10408000D0F800C06748DFF898E106150221032246
:10409000654BC714F4453FD1D0F81CC04CF4002C3C
:1040A000C0F81CC0D0F81CC00CF4002CCDF810C017
:1040B000D0F818C04CF0100CC0F818C08069CDE9D9
:1040C000006100F01000CDE9032069461E46184645
:1040D000FEF742FECDE90074694630460294FEF7D1
:1040E0003BFE534E5148C6E900048020C6E9024019
:1040F00020203461C6E905403046F461FEF768FBD4
:1041000008B1FDF75AFDEE630122114634207562B5
:10411000FEF794FF342031E0464DAC4532D1C569FD
:1041200045F48015C561C56905F480150495856958
:1041300045F010058561856905F0100504958569D0
:1041400045F0200585618069039200F0200004900D
:104150004FF48050CDE9000169461846FEF7FCFD9A
:104160000420CDE90004694633480294FEF7F4FDCB
:10417000012211463520FEF761FF3520FEF750FF82
:1041800005B0F0BD2D4B9C4521D1836943F480439C
:104190008361836903F480430493836943F00403D8
:1041A00083618069264D00F0040004904FF4007094
:1041B000CDE90001039269462846FEF7CDFDCDE921
:1041C0000064694628460294FEF7C6FDD8E71D4BF9
:1041D0009C45D5D1C36943F48023C361C36903F40B
:1041E00080230493836943F0080383618069CDE9E8
:1041F000006100F00800CDE90320134D6946284610
:10420000FEF7AAFDCDE90074694628460294FEF740
:10421000A3FD012211462720FEF710FF2720ADE75E
:10422000004C0040001002400010014030040240E9
:10423000AC0500200050004000140140003801404F
:104240000008014000480040000C014090F8423056
:10425000202B01D00220704721B11AB10023036343
:1042600002F06ABA0120704790F84230202B01D04A
:104270000220704721B11AB10023036302F0A4BAEF
:10428000012070472DE9F14FE149009801260024F3
:104290000068E04D4FF0020A88427FD1AC466F784B
:1042A0009CF802109CF80E009CF803B0DA4A0BEB65
:1042B0004B0C0B180CEB020907F1010CDBB20CF0F4
:1042C000FF0C3A2F6AD2DFE807F01D232B34373B6F
:1042D0003E41444A41444A41444A41444A41444A95
:1042E00041444A41444A41444A41444A41444A4182
:1042F000444A41444A41444A41444A41444A41446F
:104300004A53575BA52848D110706E70A53105E05F
:104310005A2807D1507085F801A05A31A9703DE0A4
:104320003A2801D06C7038E09070032068703A3100
:10433000F4E7D070042001E01071052068700CE0F3
:1043400050710620FAE790710720F7E789F8070017
:1043500001E089F8080085F801C0AB701EE089F81B
:10436000090085F801C0AB700BF10100E87015E0A1
:1043700082F837003820E1E782F838003920DDE79D
:1043800082F839006C70EC70884202D102F0D0FEE5
:1043900003E03A21A048FCF7A8F8AC7000989F49C8
:1043A0000068884279D19E4A9A4928790C3102F1F5
:1043B000320310B101280BD026E00878AA2823D1B7
:1043C0002E7142F8324F5460148118702E701BE029
:1043D00028780F781F54401CC0B228700A2813D3C5
:1043E0000027384613F800C0401C6744FFB2092874
:1043F000F8DB587AB84206D152F8330F286150687A
:104400006861884806702C710878A8616873FDF7A8
:1044100005FA00BBA869844953280BD0732809D03A
:10442000502809D0702807D080480068B0F57A7FFE
:1044300004D010E00E70E0E00C70DEE07C48026812
:104440007C49032A04DA0268521C02600C6002E014
:10445000642202600E60A946A869774F7749784ABE
:10446000784B794D592819D058281AD062281AD07B
:104470000A2827DD5A2839D041284DD045283ED07A
:10448000422840D043283ED044283CD046283FD044
:1044900047283DD048283BD010E0B6E0A7F800A060
:1044A0000CE03E800AE0DFF8A4C1DCF80080B8F13F
:1044B000000F1DD04FF00008CCF800800C80148055
:1044C0001C802C800A282DDA3E8078B1012823D068
:1044D000052814D0022821D003281FD004281DD07D
:1044E00006282DD007282BD0082829D00C8002E0E0
:1044F0004FF00108E0E7148003E02C8012E00C800C
:1045000016801C80F9E70C8014801C802E80D9E76F
:104510000C8014801E80D4E70E80ECE70C801480A1
:104520001C802E8099F80D203D484D467B2A0BD0EB
:104530007D2A10D06979012907D002290DD05CE0CD
:104540000C8014801E80D8E76E71A9794254491CF2
:1045500089F8061051E085F805A0C178502906D0E9
:104560004178232941D0A979E971814628E038486A
:1045700006703AE0A979081A06F0A9F802460B4637
:104580000020344905F01EF8EF79064609EB0700D4
:10459000884610F8010C303806F099F83246434648
:1045A00006F0FCF880460E46E86906F007FC424635
:1045B000334605F049FE05F015FE7F1EE861EF71F8
:1045C000E8790428D6D299F80100303802280CD2B4
:1045D000DFE800F00106E86906F052FD1E4903E03D
:1045E000E86906F04DFD1D4908606C71AC71EC7115
:1045F00032210B48EC61FBF778FFBDE8F84F054925
:1046000001220C311648FFF72FBEBDE8F88F0000DD
:104610000050004044010020E41700200048004002
:10462000090A002038000020390000203400002052
:104630002C00002030000020020000203A00002062
:104640003C0000203E000020400000202000002010
:104650006C00002000002440C4010020C0010020A4
:104660006405002070477047FEE770B50D460446AC
:1046700000F0C0F8204600F08DF800F003F928465D
:1046800000F088F800F0FEF800F0B4F8641CE0B226
:1046900000F080F800F0F6F8002000F045F804463D
:1046A00000F0D0F8204670BD70B50D4C0025C4F860
:1046B000B8510C48016821F070410160016841F077
:1046C00040510160C4F8BC51012004F5DC7402F0D3
:1046D00059FE0120206002F055FE256070BD0000EB
:1046E00000802142040C014070B50D4C0025C4F837
:1046F000B8510C48016821F070410160016841F037
:10470000405101600126C4F8BC61304604F5DC74F8
:1047100002F038FE2660012002F034FE256070BDF4
:1047200000802142040C01402DE9F04781461748E2
:104730000024016821F070410160016841F00041EE
:104740000160134E254627464FF00108C6F8B871A0
:10475000022002F017FEC6F8B8816006040ED6F8F3
:104760003C0108B1641CE4B2022002F00BFE6D1C97
:10477000EDB2082DEAD3B9F1000F02D0FFF794FF94
:1047800001E0FFF7B1FF2046BDE8F087040C0140CF
:10479000008021422DE9F04106461448016821F0CD
:1047A00070410160016841F040510160104C0027E8
:1047B000C4F8B8713D464FF00108F009C4F8BC01D7
:1047C0007006060E012002F0DDFDC4F8B88101205C
:1047D00002F0D8FDC4F8B871012002F0D3FD6D1CC1
:1047E000EDB2082DE9D3BDE8F0810000040C0140D2
:1047F0000080214270B51148016821F070410160CC
:10480000016841F0405101600D4C0120C4F8BC0129
:10481000D4F83C1149B1C4F8B80102F0B3FD002549
:10482000C4F8BC51D4F83C0108B1002070BD01208F
:1048300002F0A8FDC4F8B851012070BD040C01407D
:10484000008021420D4810B5016821F070410160DF
:10485000016841F040510160094C0020C4F8B801E2
:10486000C4F8BC01012004F5DC7402F08BFD0120CA
:1048700020606060BDE8104002F084BD040C01407F
:104880000080214270B513480024016821F0704176
:104890000160016841F0004101600F4D0126C5F83B
:1048A000BC61304602F06EFDC5F8B86107E0641CDB
:1048B000E4B2322C03D9FFF7C5FF002070BD012000
:1048C00002F060FDD5F83C010028F0D1C5F8B80130
:1048D000012070BD040C01400080214210B5144637
:1048E000FFF7C3FE2070012010BDF8B515461C4629
:1048F0000E4607466A46FFF7F1FF01209DF80010BB
:10490000A8400CB1084301E021EA0000C2B28DF8D2
:1049100000203146384600F02BF8F8BD2DE9F84369
:1049200014461D460F4680466A46089EFFF7D6FF8E
:1049300000281BD0611CFF20C4F1080200FA01F11D
:104940002A44521ED0400143C5F108008640F2B20D
:10495000C4F10700C2409DF80000084010438DF8E4
:104960000000C2B23946404600F002F8BDE8F883C4
:1049700007B502AB012200F001F80EBD2DE9F041B0
:104980001E461546884607460024FFF733FF384683
:10499000FFF700FFFFF776FF4046FFF7FBFEFFF74C
:1049A00071FF06E0305DFFF7F5FEFFF76BFF641C5B
:1049B000E4B2AC42F6D3FFF745FF0120BDE8F08139
:1049C00070B506F027FD154C0546E16B06F02CFD91
:1049D0000646206A06F090FB314606F0EDFB0646DF
:1049E000E06906F089FB294606F0E6FB314606F051
:1049F00011FA0646206C06F07FFB314606F00AFAF3
:104A000006F03EFBC4E90F50054861780078084382
:104A100002D0002020646070206C70BDA4010020D2
:104A20000400002070B506F0F5FC154C0546616CDD
:104A300006F0FAFC0646206A06F05EFB314606F0F8
:104A4000BBFB0646E06906F057FB294606F0B4FBBF
:104A5000314606F0DFF90646A06C06F04DFB314604
:104A600006F0D8F906F00CFBC4E91150054861784E
:104A70000078084302D00020A0646070A06C70BD74
:104A8000A40100200400002041060748826942F08A
:104A9000010282610548426822F0E0624260426899
:104AA0000A434260704700000010024000000140CD
:104AB0002DE9F04F04469148ABB011AFB0E8681053
:104AC000299287E868106CC80DAF87E86C0050E940
:104AD0001423CDE9272350E91223CDE9252350F8EB
:104AE000588900F15C031FAF93E80C1093461993AB
:104AF00050F8682B2A926CC887E86C0050E918209F
:104B0000CDE923200020079008900490059006909E
:104B10001B901C9009900A900B9003900C901D9094
:104B20001E901A90E246084606F048F905460E46E1
:104B300084F0004006F042F92A46334602F038FA83
:104B400005F050FB6E4F15900DAC0222CDE90047E9
:104B500007AE012311460296104604F021FB1BAA62
:104B600029A927A88DE8070001231A461946022023
:104B700004F016FB1B99079806F04CF907F108059D
:104B800028601C99089806F045F968600DF10C0939
:104B900005F1280100940223CDE901191A461946AE
:104BA000184604F0FDFA09A91FAACDF80090CDE936
:104BB000012102231A461946184604F0F1FA41462B
:104BC000099806F027F94F4C594620600A9806F0DC
:104BD00021F9606019990B9806F01CF9A060514604
:104BE0000C9806F017F9E0600DF1940A0223CDE964
:104BF00000A40DF1740B1A46CDF808B01946012037
:104C000004F0CEFA0DF1680823A9CDF800B0CDE983
:104C10000118012302221146184604F0C1FA2A990C
:104C20001A9806F0F7F801464FF07E5006F066F944
:104C30001A9023A8CDE900400222012311460296D2
:104C4000104604F0ADFA05F1080B01238DE8400988
:104C50001A461946022004F0A3FACDF800A0CDE9C7
:104C60000158012302221146184604F099FA1A99B4
:104C7000159806F0D9FB1A90CDF800B00123CDE9C4
:104C800001861A461946022004F08AFA0799286814
:104C900006F0C0F838600899686806F0BBF87860DC
:104CA000CDF800B0CDE901A9022301221146184632
:104CB00004F076FA0399119806F0B6FB0390049974
:104CC000129806F0B1FB04900599139806F0ACFB1E
:104CD00005900699149806F0A7FB069005F12800A8
:104CE000CDF800900223CDE901401A461946184636
:104CF00004F056FA38682BB0BDE8F08F98CD000864
:104D0000E4020020BC2500202DE9F04F0446934822
:104D1000ABB000F178030F4693E8681011A929920F
:104D200081E8681000F188050DF134084ECD88E85F
:104D30004E00D0E90812CDE92712D0E90A12CDE9D8
:104D40002512B5E80E108846CDF858C04168924645
:104D50009B462A912ECD1FAE86E82E00D0E90C107E
:104D6000CDE923100020079008900490059006904C
:104D70001B901C9009900A900B9003900C901D9032
:104D80001E901A90384606F019F806460D4684F033
:104D9000004006F013F832462B4602F009F905F000
:104DA00021FA6F4F15900DAC0222CDE9004707AEF6
:104DB000012311460296104604F0F2F91BAA29A914
:104DC00027A88DE8070001231A461946022004F09F
:104DD000E7F91B99079806F01DF807F10805286008
:104DE0001C99089806F016F868600DF10C0905F199
:104DF000200000940223CDE901091A4619461846FD
:104E000004F0CEF909A91FAACDF80090CDE901213F
:104E100002231A461946184604F0C2F94146099879
:104E200005F0F8FF4F4C514620600A9805F0F2FF5C
:104E3000606059460B9805F0EDFFA06016990C983C
:104E400005F0E8FFE0600DF1940A0223CDE900A42B
:104E50000DF1740B1A46CDF808B01946012004F084
:104E60009FF90DF1680823A9CDF800B0CDE901182C
:104E7000012302221146184604F092F92A991A9841
:104E800005F0C8FF01464FF07E5006F037F81A9043
:104E900023A8CDE9004002220123114602961046C4
:104EA00004F07EF905F1080B01238DE840091A464C
:104EB0001946022004F074F9CDF800A0CDE901589C
:104EC000012302221146184604F06AF91A9915982E
:104ED00006F0AAFA1A90CDF800B00123CDE90186B8
:104EE0001A461946022004F05BF90799286805F074
:104EF00091FF38600899686805F08CFF7860CDF8FC
:104F000000B0CDE901A9022301221146184604F0A0
:104F100047F90399119806F087FA039004991298BB
:104F200006F082FA04900599139806F07DFA059030
:104F30000699149806F078FA069005F12001CDF84C
:104F400000900223CDE901411A461946184604F0A3
:104F500027F938682BB0BDE8F08F000060CD00085D
:104F6000FC020020CC250020094A68B109490B68E1
:104F70005B1C0B60834206D1D2F88801C043C2F8A3
:104F800088010020086070470120C2F8880170473E
:104F9000000022428C0000202DE9F05F0024DFF8A1
:104FA0009090DFF890A0DFF89080264625462746AF
:104FB00008EBC400406800EB090353451ED338F8E2
:104FC00034B0ABF10101B1F5E07F17D81849761C78
:104FD0004942F6B2884202DA0146284606E01749FD
:104FE000884206DD164906F01FFA294605F012FF31
:104FF0000546BBF1FA0F01D27F1CFFB2641CE12C05
:10500000D6DB082E12D90F48006801280ED10E48B1
:10501000006858B1082F02D30320BDE8F09FB5F512
:10502000000F01DB0120F8E70220F6E70020F4E79B
:105030000000B8BD010053012018002000009B4370
:105040000000B44320000020240000202DE9F05F80
:105050000025DFF824A1DFF824813A270AF69C59BD
:10506000AB4605EB4500C0EB451100240AEB4106B9
:1050700094FBF7F107FB1141305D3A2972D2DFE86A
:1050800001F01D20282B2E31343740493740493755
:105090004049374049374049374049374049374010
:1050A00049374049374049374049374049374049F7
:1050B000374049374049374049595C6089F800001A
:1050C0003DE089F801003AE04A78104488F8010090
:1050D00048E089F8020032E089F803002FE089F8FF
:1050E00004002CE089F8050029E089F8060026E094
:1050F00098F80220414602EB420303EB0902D0710B
:10510000E2E798F80220414602EB420303EB090272
:105110001072D9E798F8022002EB420C0CEB09035D
:10512000521C587298F80130184488F8010088F829
:10513000022017E089F8370001E089F8380041467D
:10514000C2E789F8390088F802B098F8011088425F
:1051500002D101F0EDFF03E03A210948FBF7E7F93E
:1051600088F801B0641C3A2C82DB6D1C1D2DFFF603
:1051700078AFBDE8F09F0000480A002078010020C9
:10518000E417002030B5114A114C0021506AA4F5F3
:10519000A75500EB4003C3EB401305EB4303655CED
:1051A0005D54491C3A29FADB1C2806D1094B012120
:1051B00051601960084B002119601D21401C90FBB3
:1051C000F1F301FB1300506230BD000078010020B4
:1051D000281F0020240000202800002010B50220F5
:1051E00000F011F8032000F020F8002000F014F87F
:1051F000002000F02FF8002000F026F8BDE8104055
:10520000002000F01BB808B50323009002226B2198
:10521000D020FFF783FB08BD08B5022300900422CD
:105220001C21D020FFF77AFB08BD08B502230090AF
:1052300004221B21D020FFF771FB08BD0346012289
:105240003721D020FFF751BB034605226A21D02029
:10525000FFF74BBB034606226B21D020FFF745BB6F
:105260000C4810B50A490160002181600173017585
:105270004FF46022C261416001210161FCF70CFF23
:1052800008B1FCF79AFCBDE810400248FCF716BED6
:105290000028014034030020094808B5416941F065
:1052A000020141614069002200F0020000901146B5
:1052B0003A20FDF7C3FEBDE808403A20FDF7B0BE36
:1052C000001002402DE9F04F85B0002451480094B1
:1052D000019402940394816941F010018161816914
:1052E00001F010010491816941F02001816181691F
:1052F00001F020010491816941F00401816181691B
:1053000001F004010491816941F008018161806923
:10531000414F00F008000490002244F2103138465A
:10532000FDF716FE012204213846FDF711FEDFF8D5
:10533000ECB04FF44048012241465846FDF708FEC4
:10534000DFF8DCA04FF40049002249465046FDF743
:10535000FFFD002238215846FDF7FAFD7814CDE90B
:105360000004694638460294FDF7F6FC01254FF427
:105370008040CDE9000569463846CDE90245FDF794
:10538000EBFC4FF445700326CDE90005CDE902465C
:1053900069463846FDF7E0FCCDE90054022769462E
:1053A00050460297FDF7D8FCCDF800800396CDE972
:1053B000015469465846FDF7CFFCCDF8009003979D
:1053C000CDE9015469465046FDF7C6FC3820CDE9C9
:1053D000000569465846CDE90245FDF7BDFC2802A7
:1053E0008DE8310069465846FDF7B6FC680200902A
:1053F0000C48CDE9010569465846FDF7ADFC012290
:1054000002211720FDF71AFE1720FDF709FE05B04F
:10541000BDE8F08F0010024000100140000C014078
:10542000000801400000211010B58EB00024079440
:10543000089409940A940B941C2168460C94FBF779
:1054400076F832483049C0E9001441F61F41C0E9FE
:105450000241802104618161FEF7B2F908B1FCF7D5
:10546000ACFB4FF48050079007A92848FEF7EAF9F3
:1054700008B1FCF7A2FB2548FEF7D0FB08B1FCF70A
:105480009CFB0B940BA921480C94FEF75BF908B127
:10549000FCF793FB6020CDE90004029400226946EA
:1054A0001A480494FEF754FB08B1FCF786FB04226B
:1054B00069461648FEF74CFB08B1FCF77EFB082254
:1054C00069461248FEF744FB08B1FCF776FB0C2254
:1054D00069460E48FEF73CFB08B1FCF76EFB002165
:1054E0000A48FEF7C9FB04210848FEF7C5FB08215E
:1054F0000648FEF7C1FB0C210448FEF7BDFB03483C
:10550000FEF7EEFA0EB010BD000400406403002068
:1055100010B58CB024216846FBF709F80024184820
:10552000099416490A94C0E900144FF6FF71C0E9C6
:105530000241046184610320CDE900040120CDE92A
:1055400002040A210491CDE90540CDE907416946ED
:105550000B48FEF7E5F908B1FCF72FFB099409A900
:1055600007480A94FEF7EEF808B1FCF726FB3C2149
:105570000348FEF76DFA0CB010BD000000080040B3
:10558000AC03002010B58CB024216846FAF7CFFF99
:1055900000241848099416490A94C0E900144FF6EB
:1055A000FF71C0E902410461446184610320CDE9D7
:1055B00000040120CDE902040A210491CDE905404F
:1055C000CDE9074169460B48FEF7AAF908B1FCF797
:1055D000F4FA099409A907480A94FEF7B3F808B148
:1055E000FCF7EBFA3C210348FEF732FA0CB010BD91
:1055F00000340140F403002010B5114C0F480C2179
:1056000020604FF4613060600020A060E060C4E979
:105610000401A061E0612046FEF7F8FC08B1FCF748
:10562000CCFA2068C16841F01001C160BDE81040AB
:10563000FF2204490248FEF709BE0000004C00406A
:105640008C040020281F00200E4810B50C49016072
:105650004FF461314160002181600C22C160C0E9DA
:1056600004128161C161FEF7D1FC08B1FCF7A5FA13
:10567000BDE81040012204490248FEF7F5BD0000D4
:1056800000500040D4040020520100200C4810B506
:105690000A4901604FF4E1314160002181600C2230
:1056A000C160C0E904128161C161FEF7AFFC00284E
:1056B00003D0BDE81040FCF780BA10BD00380140AF
:1056C0001C0500200E4810B50C4901604FF4E13173
:1056D0004160002181600C22C160C0E90412816137
:1056E000C161FEF793FC08B1FCF767FABDE8104012
:1056F000012204490248FEF7B7BD000000480040FF
:105700006405002050010020FEE7000000B501F014
:10571000ABF80E4901280CD002280DD0032807D180
:105720000878002804D10A48016869B100210160A5
:1057300000BD0020087000BD0648017811B10021AD
:10574000017000BD0121FBE70121F0E719000020F5
:105750002000002008000020FEE700002DE9F047AF
:105760007948007800287BD178480068784E002579
:10577000A6F18004002873D0E16C306805F054FE77
:105780000746E06A05F0B8FC616A05F043FE394659
:1057900005F0DEFC4AD8E06A05F0AEFC616A05F06F
:1057A00039FB0746E16C306805F03EFE394605F0EE
:1057B000CFFCEFD8216D706805F036FE0746E06A31
:1057C00005F09AFCA16A05F025FE394605F0C0FCFB
:1057D0002CD8E06A05F090FCA16A05F01BFB074697
:1057E000216D706805F020FE394605F0B1FC1DD82A
:1057F000FFF7D2FB574E584F584910B90A88012A73
:1058000015D0574A1288012A2BD0564A564E574F68
:105810001288DFF85C81DFF85C91012A3BD0564AA0
:105820001288012A50D00988012965D06BE0E06C0C
:1058300005F0C4FA32463B4604F006FD04F0D2FC03
:10584000E064206D05F0BAFA32463B4604F0FCFCF9
:1058500004F0C8FC206549486065A065484818E028
:1058600054E0E06C05F0AAFA32463B4605F0BCF97C
:1058700004F0B8FCE064206D05F0A0FA32463B4627
:1058800005F0B2F904F0AEFC20653E486065A06505
:105890003D48E06537E0E06C05F090FA32463B4663
:1058A00005F0A2F904F09EFCE064206D05F086FA94
:1058B00032463B4604F0C8FC04F094FC04F150016D
:1058C000E56581E801031EE0E06C05F077FA3246F9
:1058D0003B4604F0B9FC04F085FCE064206D05F063
:1058E0006DFA32463B4605F07FF904F07BFCC4E9D3
:1058F0001409C4E9168506E028B10128CBD0022896
:10590000E2D0032804D06565A565E565BDE8F087AC
:10591000E06C05F053FA1D4E1D4F32463B4605F034
:1059200063F904F05FFCE064206D05F047FA32464D
:105930003B4605F059F904F055FC206515486065B3
:10594000A0651548A5E700001900002030000020E0
:10595000240200209A9999999999A93F3A00002028
:105960003C0000203E0000207B14AE47E17A943FCB
:105970006F1203BB6F12033B400000206F12033C09
:105980004DF30E3D0AD7A3BB4DF30EBDCDCCCC4C91
:10599000E17AA43F6F1283BB4DF38EBD10B400219A
:1059A000084B0A465FF0000003EBC004401CC0B285
:1059B00062548028F8D3491CC9B20829F2D310BC1C
:1059C00000F09CB8F005002010B57F2816D83F29BC
:1059D00014D80723A3EBD10301F00701C1F1070499
:1059E0000121A140064CDBB204EBC000002AC25CDE
:1059F000C9B201D00A4300E08A43C25410BD00007E
:105A0000F005002010B50220FFF73EF80120FFF757
:105A10003BF8394C0020C4F89001642004F5C874A8
:105A200001F096FC012020600021AE2000F030F94A
:105A30000021D52000F02CF90021502000F028F999
:105A40000021A82000F024F900213F2000F020F9D7
:105A50000021D32000F01CF90021084600F018F9BD
:105A60000021402000F014F900218D2000F010F9F1
:105A70000021142000F00CF90021202000F008F98A
:105A80000021022000F004F90021A12000F000F91B
:105A90000021C02000F0FCF80021DA2000F0F8F826
:105AA0000021122000F0F4F80021812000F0F0F82D
:105AB0000021EF2000F0ECF80021D92000F0E8F8F8
:105AC0000021F12000F0E4F80021DB2000F0E0F8F4
:105AD0000021302000F0DCF80021A42000F0D8F8EC
:105AE0000021A62000F0D4F80021AF2000F0D0F86B
:105AF000BDE81040FFF752BF0080214270B5114E43
:105B0000002400BF04F1B000C0B2002100F0C0F8D2
:105B10000021084600F0BCF80021102000F0B8F881
:105B20005FF0000506EBC5000121005D00F0B0F854
:105B30006D1CEDB2802DF5D3641CE4B2082CE1D3CA
:105B400070BD0000F00500202DE9FF4F203A1F46F0
:105B50000C46894602F0FF0A0025DDF834B032E039
:105B60000C2F09D01A4901EB0A104FF00008465DCE
:105B7000300607D55A4609E016490AEB4A0001EB00
:105B80008000F2E7BBF1000F12D0002221460098FE
:105B9000FFF71AFF7006641C060EE4B2A4EB0900BE
:105BA000B84207D100984C46401CC0B2009008E0B3
:105BB0000122EBE708F1010000F0FF08B8F1080F3F
:105BC000D6D36D1CEDB2BD42CAD3BDE8FF8F000035
:105BD00002BB00088EB600082DE9FF4F81B00026F9
:105BE000DDF838A01D469346814634464FF0010843
:105BF0004FEA5A0727E0281B401EC1B20A2003F0D3
:105C00001EFBBBFBF0F00A21B0FBF1F201FB12001E
:105C100026B9691E8C4201DA48B101263030C2B281
:105C200007FB0490C0B25346CDF8008006E007FBA6
:105C30000490C0B253462022CDF800800299FFF7AD
:105C400083FF641CE4B2AC42D5D305B0BDE8F08F4D
:105C5000F8B516460D460446012714E07A2C02D901
:105C600000241035EDB23A2D03D900242546FFF764
:105C700095FE009732780C2329462046FFF764FFF3
:105C80000834E4B2761C30780028E7D1F8BD000073
:105C900070B500250E4A012311B1C2F88C3101E024
:105CA000C2F88C510B4C0021C4F8B851060602D53D
:105CB000C2F8943101E0C2F89451C4F8B8314006FA
:105CC000491C000EC9B20829EED3C2F88C3170BD50
:105CD00000802142000022420020044902460A546A
:105CE000401CC0B20928FAD370470000000A002007
:105CF0002DE9F84F01248246ADF800401D480025EB
:105D00004570ADF800401C4E1C4F81464FF6FF78A1
:105D100026E000BFBDF8001011EA0A0F02D0C6F855
:105D2000A44101E0C6F8A451C6F8A041052001F045
:105D300029FBC6F8A051052001F024FBC6F8A041BC
:105D4000D7F8200130B199F80110BDF800201143B7
:105D500089F80110BDF8000008EA4000ADF8000025
:105D6000BDF80000FF28D5D9BDE8F84F102001F09C
:105D700009BB0000000A00200000224200802142EE
:105D800070B5FFF7A9FF00F04FF80B480B4BB0F8C8
:105D900003100A48203381800020012413F810509A
:105DA00000F101006D1E04FA05F20A42C0B202D0F1
:105DB0001028F3D3002070BD000A00200401002049
:105DC00010B5FFF7DDFF1149114AC861D379CB60E7
:105DD000137A0B6154794C6192798A6101240D4ADE
:105DE000042801D1107878B1886800280BD0762B70
:105DF00009DA1078002806D10849147006480860AE
:105E000008490748086010BD8C60F0E704010020D5
:105E1000000A0020180000200000964344000020E3
:105E200000004844480000202DE9FC4700248DF87C
:105E300000400125ADF80450254EC6F89041254F8D
:105E40003878FFF755FF7878FFF752FF02208DF87A
:105E50000000214FDFF884904FF6FF7830E000BF5C
:105E6000ADF8045020E000BFC6F8A051052001F0B5
:105E700089FAC6F8A041052001F084FAC6F8A051BD
:105E8000D7F8200150B19DF80010BDF8042019F892
:105E9000011011439DF8002009F80210BDF804100C
:105EA00008EA4100ADF80400BDF80400FF28DBD982
:105EB000102001F067FA9DF80000401C8DF80000EA
:105EC0009DF800000928CBD3C6F89051BDE8FC87A7
:105ED000000022420601002000802142000A00202A
:105EE000884200DD0846904200DA1046704770474D
:105EF0002DE9F04F89B0684C07A8CDE9004004F1C6
:105F0000260106AB02AA881F01F0A6FB2088C00567
:105F10007ED5029805F0F0F86FF01D06314605F0C9
:105F20005AFB80466060039805F0E6F8314605F0BC
:105F300052FB0746A060049805F0DEF8314605F0F4
:105F40004AFB0546E060059805F0D6F8314605F0B5
:105F500042FB064620610121404605F03CFB2946F4
:105F600005F02AF905464FF040484146384605F00D
:105F700023F9314605F020F9294604F04BFF04F0DF
:105F80001DFF00F0CDFDDFF814A14FF066394A4641
:105F9000534604F003FC04F025F96061E068012138
:105FA000054605F018FB8346294605F005F9054628
:105FB000A0684146064605F0FFF8314605F0FCF8BA
:105FC000294605F031FA4FF07E5104F023FF04F02A
:105FD000F5FE07460D460121606805F0FCFA3146E2
:105FE00005F0EAF806465846216905F0E5F831461D
:105FF00004F010FF04F0E2FE3A462B4600F0D8FF12
:106000004A46534604F0CAFB04F0ECF8A06100E0F5
:106010003FE021690191084605F0CEF8E1680746A6
:106020000846009105F0C8F8A16806468B46584618
:1060300005F0C2F8616805468846404605F0BCF8A0
:10604000294604F0E7FE314605F0EEF9394605F041
:10605000EBF904F0B3FE06460D464046019905F003
:10606000ABF807465846009905F0A6F8394604F003
:10607000D1FE012105F0AFFA04F0A0FE32462B4616
:1060800000F096FF4A46534604F088FB04F0AAF855
:10609000E06109B0BDE8F08FCC00002066A64C405E
:1060A0000021032805D0042805D0082805D00020A9
:1060B0007047044A02E0044A00E0044A1068116094
:1060C00000B27047240400402408004024340140FA
:1060D0007047000010B50F4B4FF4E1521C1D002813
:1060E00004DD1A60C0F5E150206003E000F5E150E6
:1060F00018602260074B0833181D002904DDC1F524
:10610000E1511960026010BD1A6001F5E1510160B2
:1061100010BD000034040040FCF726BF30B595B038
:1061200028216846FAF703FA14210AA8FAF7FFF9BA
:1061300018210FA8FAF7FBF901210804CDE9001096
:106140000025029502240491CDE907404FF4E010A8
:1061500009906846FDF752F908B172B6FEE70AA940
:106160000F2081E831004FF48060CDE90D05022158
:106170000AA8FDF767F808B172B6FEE74FF40040D1
:1061800011900F940FA8FCF7E7FF002801D072B61A
:10619000FEE715B030BD7047F0B502681C4B1D4DD1
:1061A0001D4E1E4F1E4C4FF0804C984209D0A0420D
:1061B00007D0604505D0A84203D0B04201D0B84214
:1061C00004D122F0700E4A6842EA0E02984209D0C9
:1061D000A04207D0604505D0A84203D0B04201D00C
:1061E000B84203D122F44075CA682A434D6922F0AF
:1061F00080022A4302608A68C2620A688262984208
:1062000001D0A04201D10969016301214161F0BDC2
:10621000002C01400004004000080040000C004039
:106220000034014010B501F01F030121046A9940B8
:106230008C430462016A9A401143016210BD10B59B
:10624000846842EA032224F47F440A4322438260A2
:1062500010BD826822F070020A4342F0070181609B
:1062600070470000F0B5036A026A22F00102026280
:1062700042688469124E24F073050C682C4323F0A5
:1062800002058B682B430D4DA84201D0B04205D1C9
:1062900023F00807CB683B4323F00403A84201D056
:1062A000B04205D14D6922F4407215438A692A43F0
:1062B00042608461496841630362F0BD002C014083
:1062C00000340140F0B5026A036A23F01003036250
:1062D000436884690D6824F4E64444EA05248D6823
:1062E00022F0200242EA05120F4D104EA84201D0C2
:1062F000B04206D1CF6822F0800242EA071222F0B3
:106300004002A84201D0B04207D14D6923F4406356
:1063100043EA85038D6943EA8503436084614968E4
:1063200081630262F0BD0000002C01400034014096
:10633000F0B5026A036A23F4807303624368C46998
:1063400022F4007224F073050C68124E2C438D6801
:1063500042EA05220E4DA84201D0B04206D1CF68D4
:1063600022F4006242EA072222F48062A84201D0AD
:10637000B04207D14D6923F4405343EA05138D69B8
:1063800043EA05134360C4614968C1630262F0BD1A
:10639000002C01400034014030B5046A026A22F446
:1063A000805202624268C3690D6823F4E64343EAFF
:1063B00005238D6824F4005444EA0534084DA842AE
:1063C00002D0084DA84204D14D6922F4804242EA2D
:1063D00085124260C36149680164046230BD0000F7
:1063E000002C01400034014010B5036A046A24F017
:1063F00001040462846924F0F00444EA021423F0E6
:106400000A020A438461026210BD10B5036A046A7D
:1064100024F010040462846923F0A00324F470447F
:1064200044EA023243EA01118261016210BD0000B8
:1064300010B50448FDF7B4FCBDE81040014800F079
:10644000E5B900008C0400200148FDF7A9BC00005C
:10645000D404002010B5406A0021C185C184FDF735
:106460009EFC10BD70B5446A2068406994F84110E4
:10647000C0F3C0100025212904D118B1E5842046BD
:1064800000F08EF82068406994F84210C0F3801044
:10649000222904D118B1E585204600F05AF8606C35
:1064A00040F0100060642046FDF779FC70BD10B527
:1064B0000146406A096809684FF0000289062ED437
:1064C000C28501680C3151E8003F23F4807341E834
:1064D0000034002CF5D10168143151E8003F23F05D
:1064E000010341E80034002CF5D10168143151E872
:1064F000003F23F0400341E80034002CF5D1202177
:1065000080F84210016B012909D101680C3151E872
:10651000003F23F0100341E80034002CF5D1426322
:10652000016B012902D0FDF7ADFE10BD818DFDF795
:10653000FDFB10BD10B5406A01214163016B0129CB
:1065400002D0FEF78FF810BD818D4908FDF7EEFBF4
:1065500010BD01680C3151E8002F22F4907241E81F
:106560000023002BF5D10168143151E8002F22F0EF
:10657000010241E80023002BF5D1016B012909D16B
:1065800001680C3151E8002F22F0100241E800238D
:10659000002BF5D1202180F84210002101637047C3
:1065A00001680C3151E8002F22F0C00241E80023BD
:1065B000002BF5D1202180F84110704708B590F8E4
:1065C0004210222901D0022008BD82684FF4805376
:1065D0009A4201D1016921B1816A9A421BD04AB124
:1065E0000AE00268816A5268C2F308020A80816A7E
:1065F000891C08E0026972B10268526802F07F02E9
:106600000A70816A491C8162C18D491E0904090C06
:10661000C18503D01BE002685268F1E70168CA68CF
:1066200022F02002CA600168CA6822F48072CA603F
:1066300001684A6922F001024A61202180F8421073
:1066400000214163026B012A03D0FDF71BFE0020ED
:1066500008BD016301680C3151E8002F22F01002DF
:1066600041E80023002BF5D101680A68D20602D563
:106670000A6849680091818DFDF758FBE7E7000043
:1066800070B5044600680169E26821F44051114385
:1066900001612169A0680843616908432168CA68EB
:1066A00041F20C639A430243CA6020684169A269BF
:1066B00021F44071114341611E492068884202D192
:1066C000FCF766FE01E0FCF753FE00EBC00101EBB6
:1066D0000012606864218000B2FBF0F3B3FBF1F3B9
:1066E0006FF018067343B2FBF0F5B2FBF0F605EB62
:1066F0008305322303EB0515B5FBF1F5B6FBF1F687
:1067000005F0F00505EB0615B2FBF0F6B2FBF0F074
:10671000B0FBF1F06FF01802504306EB800003EB82
:106720000010B0FBF1F0216800F00F0028448860F1
:1067300070BD00000038014038B581620446828592
:10674000002013466064222284F84220E56B1B4A35
:10675000AA62E56B1A4AEA62E56B1A4A2A63E26B9F
:1067600050630A462168E06B091DFCF76FF820684A
:10677000016840680090206948B120680C3050E8FA
:10678000001F41F4807140E80012002AF5D1206812
:10679000143050E8001F41F0010140E80012002AC7
:1067A000F5D12068143050E8001F41F0400140E866
:1067B0000012002AF5D1002038BD0000AF640008A7
:1067C000356500086564000881628285C285002104
:1067D0004164222180F84210016921B10168CA6830
:1067E00042F48072CA6001684A6942F001024A615B
:1067F0000068C16841F02001C160002070470000BE
:106800000148FDF7CDBA00006405002038B51148F5
:106810001149006888421CD10168C943C90618D4CF
:106820000168406800900B48FDF781FA0B4800684A
:106830004068C0F1FF00C4B2FEF7A4FC214608483E
:10684000F9F775FEBDE83840FF2205490148FDF71C
:10685000FDBC38BD8C040020004C0040AC0500207D
:10686000281F0020FEE70000294810B5037800210A
:10687000284A062B37D2DFE803F0030816203042FF
:10688000D2F80011012913D02DE083885B1C9BB244
:106890008380052B27D1D2F80021012A01D08180E5
:1068A00006E0022214E0D2F80011012902D00321EF
:1068B000017018E08188491C0DE08288B2F5C87F1C
:1068C00003D901708180022010BD052A02D904225B
:1068D000027000E00170818005E083885B1C9BB240
:1068E0008380262B01D0002010BDD2F80021012A80
:1068F00003D001708180012010BD0522E8E7D2F8A5
:106900000021012AD6D081800170032010BD000033
:106910009000002000002142490050EAC12018BF29
:1069200004204A0D18BF40F0010040F2FF72B2EBA4
:10693000515F08BF40F00200012808BF05207047E2
:106940004100080218BF04200A0E18BF40F00100E1
:106950004FF07F4232EA010108BF40F002000128F7
:1069600008BF052070470907090E002804DB00F165
:10697000E02080F80014704700F00F0000F1E020E4
:1069800080F8141D70472DE9F0414F1E00EBC70140
:106990000446D1E9000115461E4637F006020DD027
:1069A0002A46334603F0FAFE7F1E04EBC703D3E901
:1069B000002303F049FC37F00602F1D1022F25D065
:1069C000042F13D0062F18BFBDE8F0812A463346A6
:1069D00003F0E4FED4E90A2303F036FC2A463346EA
:1069E00003F0DCFED4E9082303F02EFC2A463346EC
:1069F00003F0D4FED4E9062303F026FC2A463346EE
:106A000003F0CCFED4E9042303F01EFC2A463346EF
:106A100003F0C4FED4E9022303F016FC2A463346F1
:106A200003F0BCFED4E90023BDE8F04103F00CBC48
:106A3000002213461046014903F0C2BC0000F03F9B
:106A4000012204F09ABD03F0FFBB0022134610465A
:106A5000114603F0B5BC40F2013200204FF0E04196
:106A600004F08BBD024A0020110704F086BD00002F
:106A700001FDFFFF012104F0AEBD61214FF0E040B8
:106A800004F0A9BD6FF05E01080704F0A4BD303822
:106A90000A2801D20120704700207047704700008B
:106AA0002DE9FE4F07460E460025684601F0EAF93B
:106AB00000246FF00F0AE8464FF0010957F8240050
:106AC00056F82410401A00D5404204F015FB5146F8
:106AD00004F081FD58F8241011F0FF4F0BD004F0A2
:106AE0000DFA4FF07E5104F09FFC0A4920F000405F
:106AF000884205DC07E0084908440849884202D377
:106B000009FA04F00543641C032CD7DB2846BDE8D2
:106B1000FE8F0000295C0F3E666666C19A99D90017
:106B20002DE9F04D8D4F21F0004A86B005460C4608
:106B3000BA452ADBAAEB070028430AD088488245D9
:106B400001DC1AD1CDB106B02846BDE8F04DFFF703
:106B500077BF844A844B284603F020FE07460E4642
:106B6000824A834B2846214603F018FE06B03A4677
:106B70003346BDE8F04D03F067BB0120F9F77EFD19
:106B800006B0BDE8F04DFFF760BF7A48824542DAB3
:106B9000BAF1795F0BDA2846FFF7BEFE042808BF7A
:106BA000FFF760FF284606B02146BDE8F08D2A4673
:106BB0000B46104603F0F2FD834602466E480E4631
:106BC0000B4606217844FFF7DEFE5A46334603F0B3
:106BD000E5FD804669488A465A4633460421784492
:106BE000FFF7D1FE5A46334603F0D8FD00223B465C
:106BF00003F02AFB02460B464046514603F0E0FBF9
:106C00002A46234603F0CAFD06B02A462346BDE8BD
:106C1000F04D03F019BB284624F0004100223D4608
:106C20003B4603F0EFFE4FF0FF3204F0A6FC0646B1
:106C3000024653480F460B4606217844FFF7A3FE51
:106C400032463B4603F0AAFDCDE900014D483246ED
:106C50003B4604217844FFF796FE32463B4603F05C
:106C60009DFD00222B4603F0EFFA83460291304649
:106C7000394603F0FDF9804643480D46504517DC80
:106C8000DDE900015A46029B03F09AFB42462B467F
:106C900003F084FD42462B4603F0D6FA012204F0AD
:106CA0006CFC304A304B03F09FFF304A304B4CE0D5
:106CB0004FF0000A52460B46404603F0C5FACDE9B4
:106CC000031052462B461046194603F067FD324624
:106CD0003B4603F097FEDDE9033203F071FB064605
:106CE0000F46DDE900015A46029B03F069FB83462B
:106CF000009101223046394604F03FFC194A1A4BF4
:106D000003F080FE06460F4601224046294604F065
:106D100034FC5A46009B03F041FD32463B4603F0EB
:106D200063FF06460F4601225046294604F025FC23
:106D30000E4DDFF858802A46434603F063FE324684
:106D40003B4603F05FFE2A46434603F05BFE002C01
:106D5000D8BF81F0004106B0BDE8F08D0000F03FE3
:106D60000000F07F075C143326A6913C182D445494
:106D7000FB21F93F0000E03F506200006662000026
:106D8000DA610000F06100003333EF3FFB21E93F9F
:106D90002DE9F84F04460D4621F00040009173495B
:106DA000814211DC7249884201DC06D12CB12046B7
:106DB0002946BDE8F84FFFF743BE6E48002DCCBF13
:106DC0006D496E49BDE8F88F6D49814211DD6D490D
:106DD0008142D8BF4FF0FF366DDD20462946FFF7D0
:106DE0009BFD042808BFFFF73DFE20462946BDE86D
:106DF000F88F6549654F25F00045814233DD6449D0
:106E0000814219DD002632464FF080432046294654
:106E100003F01AFA80468A4601222046294604F0E9
:106E2000ACFB00223B4603F0DFFE4246534603F034
:106E3000C7FA04460D463EE001260022BA463B460C
:106E40002046294603F000FA80460F4600225346AA
:106E50002046294603F0C8FE42463B4603F0B0FAFE
:106E600004460D4627E04B4981421BDDDFF828A18F
:106E70000226002253462046294603F08FFC0022BA
:106E80003B4603F0E1F980460F4600225346204678
:106E9000294603F0A9FE42463B4603F091FA044618
:106EA0000D4608E0032622462B4600203B4903F00E
:106EB00087FA04460D4622462B461046194603F033
:106EC0006DFC8B46824602460B4603F067FC074684
:106ED0000246334888460B4606217844FFF753FDA7
:106EE00052465B4603F05AFC82462E488B463A4691
:106EF000434605217844FFF746FD3A46434603F0F2
:106F00004DFC02460B46002E504659460CDA03F063
:106F10009BF922462B4603F041FC01B022462B464A
:106F2000BDE8F04F03F06EBD03F08EF922462B460C
:106F300003F034FC1C4A7A4402EBC603D3E9002375
:106F400003F052FE22462B4603F04EFE174A7A44C7
:106F500002EBC603D3E9002303F054FD009A002A94
:106F6000B8BF81F00041BDE8F88F00000000104478
:106F70000000F07F182D4454FB21F93FFB21F9BF9D
:106F80000000DC3F0000203E0000F33F0000F03F27
:106F90000000E63F008003400000F83F0000F0BF23
:106FA0007A60000038600000D65F00009E5F00003D
:106FB0002DE9F04D9446CCF1000423F000464CEA54
:106FC0000404524F46EAD4749A46884621F000429F
:106FD000BC4206D8454240EA050442EAD474BC42A9
:106FE00004D9BDE8F04D6246FFF72DBDAAF140552A
:106FF000A5F17F6555EA0C040BD0022404EAAA74BB
:10700000434DDFF810E144EAD87452EA000B04D093
:107010000CE0BDE8F04DFFF7BBBE002C14BF012C07
:10702000BDE8F08D022C30D0032C32D056EA0C0B88
:107030000AD0BE4220D1BA4209D126F0804622F0C1
:1070400080423346114617E000291ADB25E0DFF8BD
:10705000C8B0FB44002C04BFDBE90001BDE8F08DA3
:10706000012C02BFDBE9000181F00041BDE8F08D99
:10707000022C0AD0032C0CD0BA4212D1B8F1000F66
:107080000BDA23482549BDE8F08D28462449BDE8A0
:10709000F08D28467146BDE8F08D1D482149BDE8B8
:1070A000F08D921B12153C2AC4BF19481D490EDCF5
:1070B000BAF1000FBEBF12F13C0F0020014606DB03
:1070C000624603F07DF921F00041FFF761FE002CDC
:1070D00008BFBDE8F08D012C04BF81F00041BDE880
:1070E000F08D114A114B022C07D003F07DFD2A468A
:1070F000BDE8F04D0A4B03F077BD03F075FD2A465D
:10710000BDE8F04D064B03F07DBC00000000F07FB1
:10711000182D4454FB2109C0625F0000FB21F9BF18
:10712000FB210940FB21F93F075C143326A6A13C53
:107130002DE9F04391B020216846F9F7F8F9754D33
:10714000A879697900EB012003F0D8FA724C00228B
:10715000234603F035F903F045F8074695F8380063
:1071600095F8371000EB012003F0C8FA00222346FF
:1071700003F026F903F036F80446202108A8F9F7B1
:10718000D6F96648DFF89881874207DD6548844272
:1071900004DA4146204603F03DFE04460026204620
:1071A000394604F041F9F11E04F015FA814608ACA5
:1071B000304603F0B9FF0146484603F0FDFF39466B
:1071C00003F028FE414644F82600884203DD04F01F
:1071D0002BF944F82600761CF6B2082EE8D30020DE
:1071E0000BE0102860D2DFE800F0080813131E1E21
:1071F000292934343F3F4A4A555500EB4001294480
:10720000009A0B7AC9791A4402EB012100914BE0F4
:1072100000EB40012944019A0B7AC9791A4402EB28
:107220000121019140E000EB40012944029A0B7AD0
:10723000C9791A4402EB0121029135E000EB4001CB
:107240002944039A0B7AC9791A4402EB012103916C
:107250002AE000EB40012944049A0B7AC9791A44C8
:1072600002EB012104911FE000EB40012944059A43
:107270000B7AC9791A4402EB0121059114E000EB65
:1072800040012944069A0B7AC9791A4402EB01217C
:10729000069109E000EB40012944079A0B7AC9796D
:1072A0001A4402EB01210791401CC0B2102898D368
:1072B0001D4A1E4900201378EC4600BF1D1801EB43
:1072C000C50754F820607E605CF82060401C76089A
:1072D000C0B221F835600828F0D30833D8B2107056
:1072E000E12813D30B4B002013F13C0301EBC00446
:1072F00003EBC00564686C6031F8304023F830401F
:10730000401CC0B2E128F1D30020107011B0BDE8DC
:10731000F0830000E4170020000059400000AF4354
:107320000000B4430000504178010020DC10002030
:107330004FF0E020016921F00401016103480921B7
:10734000017042F22831418070470000A001002006
:107350000B49498848434FF0E021486100228A6187
:10736000086940F0010008610869C30701D0C00343
:10737000FAD5086920F0010008618A6170470000B1
:10738000A00100200B49097848434FF0E0214861F3
:1073900000228A61086940F0010008610869C3079A
:1073A00001D0C003FAD5086920F0010008618A61A4
:1073B00070470000A001002008B560B120208DF8C2
:1073C000000028208DF8010030208DF802003820C0
:1073D0008DF8030004E0A32204216846F9F77DF844
:1073E0006A46042140F69E2001F0B0FE01F076FBD3
:1073F00008BD00003EB5044602208DF80000CA20FA
:107400008DF80100E3208DF8020009208DF80300BB
:107410006A460421682001F099FEA3208DF800003F
:10742000610609D5C0218DF80110C8218DF8021020
:10743000C2218DF8031005E08DF801008DF80200DF
:107440008DF8030014F4C07F09D0C4218DF8041016
:10745000CC218DF80510C6218DF8061005E08DF8B9
:1074600004008DF805008DF806008DF808008DF8F1
:1074700007008DF809006A460A2140F6A72001F0AE
:1074800065FEA0074FF0D80503D020208DF800003E
:1074900001E08DF800506A46012140F6B62001F067
:1074A00055FEA00601D5012000E0002000F08EF876
:1074B00014F4C07F1ED0E0050AD5B2208DF800007C
:1074C0008B208DF80100B6208DF802009B2009E08A
:1074D000B0208DF8000080208DF80100B4208DF8D8
:1074E000020090208DF803006A46042140F6A22095
:1074F00001F02CFEE1074FF40B6022D0F8218DF84B
:1075000000106A46012101F021FEFA21072000F057
:1075100039FB072000F004FB012000F021FB642070
:1075200000F0C4FB4FF4FA7000F0D0FBC8212548EE
:1075300000F0BEFA282000F0D3FA0A2000F0E0FAAA
:1075400005E08DF800506A46012101F0FFFDA0071B
:1075500003D5D9208DF8000001E08DF800506A466F
:10756000012140F23D7001F0F1FD600701D50120DD
:1075700000E0002000F048F8E00601D5012000E01E
:107580000020FFF719FF104D44F00800688101F05A
:10759000A5FA0020A873600601D50620A87314F48C
:1075A000C07F02D0A87B801DA87314F0140F02D0F6
:1075B000A87B1030A873A00702D0A87B001DA87379
:1075C00000203EBD09E3CA02F00900200EB54FF4C9
:1075D000976310B106A107C901E008A207CA8DE8A8
:1075E00007006A460921184601F0B0FD0EBD0000F3
:1075F000B8AAB38DB4980D355D000000B8AAAAAA48
:10760000B088C3C5C700000008B560B1C0208DF8C0
:107610000000C2208DF80100C4208DF80200C620B1
:107620008DF8030004E08B2204216846F8F755FF2B
:107630006A46042140F6982001F088FD01F04EFAD8
:1076400008BD0000C8234FF48062024940F6F630BE
:1076500001F026B944C100082DE9FF4F89B0174653
:10766000DDE9165200244C4E884681462C80A24605
:10767000B07B694601F0C0F94FF0FF3B18B15846A6
:107680000DB0BDE8F08F708910F0140F3CD0009958
:1076900009BA21F0FF039DF803100B433B600199E9
:1076A0001B1409BA21F0FF029DF807105B430A433F
:1076B0007A6002999DF80B4009BA21F0FF0121433D
:1076C000B960039C091424BA24F0FF0C9DF80F4004
:1076D00012144CEA040CC7F80CC04FEA2C4749437B
:1076E00002FB023207FB071111441024A1F1706163
:1076F000B1F1007F04D901F0F1F9A5F800A0BEE7CF
:10770000298841F4807129804206694611D50A19F9
:10771000A41D13885BBAA8F8003053885BBAA8F898
:107720000230928852BAA8F804202A8842F008024F
:107730002A8010F4C07F11D00A19A41D13885BBAE7
:10774000A9F8003053885BBAA9F80230928852BA7F
:10775000A9F804202A8842F070022A80800716D0F7
:107760000C44E07800F0C00500F03F016078C007ED
:1077700006D0C80801F007013268491C02B19047E1
:107780006078000703D5716809B1A80988470C988B
:1077900001F054FD002073E7F00900202DE9FF41BE
:1077A000044603A800F032FFBDF80C00410CC303EF
:1077B0002F48028902F00300550754F8200000D535
:1077C0004042C2F3C105960654F8255000D56D42DB
:1077D000C2F38116D20554F8264000D56442A0FBBE
:1077E0000367C21702FB037200FB0120820042EA1A
:1077F0009670A5FB0367EA1702FB037205FB0122E3
:10780000950045EA9672A4FB0367E51705FB037331
:1078100004FB01318B0043EA9671030E8DF80030B2
:10782000030C8DF80130030A8DF802308DF8030047
:10783000100E8DF80400100C8DF80500100A8DF85C
:107840000600080E8DF80800080C8DF80900080ADB
:107850008DF80A008DF807208DF80B106A460C2170
:107860004FF4257001F072FC04B0BDE8F081000017
:10787000F009002030B5044613A285B007CA8DE890
:1078800007004FF0FF35C82C16D8C820B0FBF4F124
:10789000491E080A8DF80C008DF80D1003AA02216C
:1078A00040F2162001F052FC30B96A460C2140F635
:1078B000C12001F04BFC10B1284605B030BD054891
:1078C00084810020F9E70000FEF2ABC4AAF1DFDFFB
:1078D000BBAFDFDFF0090020F8B53049098901F0BE
:1078E000030250F822404A0700D56442C1F3C102A6
:1078F0008B0650F8222000D55242C1F3811350F874
:107900002330C80500D55B42254984FB0140850032
:1079100045EA947082FB0142A40F44EA820483FB8F
:107920000121950F45EA8105010E8DF80010010C2B
:107930008DF80110010A8DF802108DF803006A46D7
:1079400004214FF4747001F001FC4FF0FF3688B948
:10795000200E8DF80000200C8DF80100200A8DF813
:1079600002008DF803406A4604214FF4757001F05F
:10797000EDFB08B13046F8BD280E8DF80000280C4C
:107980008DF80100280A8DF802008DF803506A4630
:1079900004214FF4767001F0D9FBF8BDF009002006
:1079A00009E3CA022DE9FF4104463CA004F00303A9
:1079B000006802903AA0006803903AA006683AA0D6
:1079C000056802A8C15C8DF80010C4F3C101425CD7
:1079D0008DF80120C4F38112805C8DF8020003A8A9
:1079E000C35C8DF80430415C8DF80510805C8DF827
:1079F00006006A46032140F2264001F0A7FB4FF043
:107A0000FF37E0BB01AA032140F22A4001F09EFBB0
:107A1000A8BBCDE9006560070BD59DF8000040F0DC
:107A200001008DF800009DF8040040F001008DF881
:107A30000400A0060BD59DF8010040F001008DF870
:107A400001009DF8050040F001008DF80500E005FB
:107A50000BD59DF8020040F001008DF802009DF862
:107A6000060040F001008DF806006A4603214FF43D
:107A7000886001F06BFB10B901AA032100E004E06B
:107A800040F2314001F062FB18B1384604B0BDE865
:107A9000F081064804810020F8E700004CCD6C001E
:107AA0000CC92C003656760026466600F0090020E8
:107AB0004FF47A7290FBF2F008B54843010E8DF84E
:107AC0000010010C8DF80110010A8DF802108DF8DC
:107AD00003006A4604214FF4AE7001F037FB08BD85
:107AE0000521B0FBF1F008B5010A8DF800108DF802
:107AF00001006A4602214FF4AD7001F027FB08BD7A
:107B00000521B0FBF1F008B5010A8DF800108DF8E1
:107B100001006A4602214FF4AC7001F017FB08BD6A
:107B200008B500218DF80010C10702D030218DF872
:107B30000010810705D59DF8001041F00C018DF86B
:107B40000010400705D59DF8000040F003008DF8B7
:107B500000006A4601214FF4A47001F0F7FA08BD55
:107B600008B560B1042800D90420401E8DF800003B
:107B70006A46012140F24F1001F0E8FA08BD0120E9
:107B8000F3E700002DE9FC41054640074FF0FF36C2
:107B90007CD0B1F5C86F79D8084603F0C5FA3E49E4
:107BA00003F0ACF9074601A800F012FD9DF80400AF
:107BB000022806D004280DD008282ED0102865D120
:107BC00034E00E21384603F006FD03F075FA84B266
:107BD000324907E00D21384603F0FDFC03F06CFA52
:107BE0002F4984B2384603F0E7FA03F065FA210A18
:107BF0008DF8001080B28DF80140010A8DF8021056
:107C00008DF80300E8076C4620D0224602214FF48D
:107C1000EA7001F09BFAC8BB11E00C21384603F072
:107C2000DAFC03F049FA84B21E49DBE70B2138463F
:107C300003F0D1FC03F040FA84B21B49D2E7A21C46
:107C400002214FF4927001F081FAF8B9A8070DD51E
:107C50006A4602214FF4EC7001F078FAB0B9A21C28
:107C600002214FF4947001F071FA78B9680710D5C9
:107C70006A4602214FF4EE7001F068FA30B9A21C96
:107C800002214FF4967001F061FA10B13046BDE860
:107C9000FC810020FBE70000000048430000404654
:107CA0000000C045000040450000C0440521B0FB75
:107CB000F1F008B5010A8DF800108DF801006A4650
:107CC00002214FF4EF7001F041FA08BD0521B0FB2D
:107CD000F1F008B5010A8DF800108DF801006A4630
:107CE00002214FF4ED7001F031FA08BD2DE9F041A9
:107CF00004464FF019404E49002500EB44008842ED
:107D00004AD84C49204603F057FA03F053FB80460B
:107D100003F0B6F906464849404603F04DFA0746D7
:107D20004649404603F048FA214603F073FB3946C2
:107D300003F07AFB0446424903F03EFA414903F05E
:107D400069F8214603F038FA6FF0414103F062F818
:107D5000214603F031FA3C4903F05CF8214603F078
:107D60002BFA0146394806F00304784450F8240001
:107D700003F022FA3649794451F8241003F04AF806
:107D80003449794451F8241003F044F8B11085BB0C
:107D9000BDE8F04103F01FBC4FF0FF4131EA0400A1
:107DA00018D04FF0CE41B1EB440F84BF4FF07E505E
:107DB000BDE8F0812849B1EB440F28BF0125A0D2CE
:107DC0000220F8F75BFC14F0004F0ED0BDE8F04144
:107DD000FEF758BE204614F5000F04BF0020BDE892
:107DE000F081BDE8F041FEF745BEBDE8F041FEF789
:107DF00044BE03F0F0FB04000BD0B4F1FF4F0FD0F2
:107E0000FEF79EFD042808BFFEF73CFE2046BDE8B5
:107E1000F0810220F8F732FCBDE8F041FEF732BEF7
:107E20000220F8F72BFCBDE8F041FEF726BE00006B
:107E30000000501E3BAAB840F4FD05370070313EEB
:107E400012BB2A3D12BB2A3EFFFF7F3F3A52000081
:107E50001E520000025200000000A08510B504462A
:107E60000548E1B2007828B1044800BF02F096F955
:107E7000204610BD0248F9E7080000200038014004
:107E8000004800402DE9FE430646264801AB042287
:107E900040680D21007800F099FA10B10720BDE884
:107EA000FE839DF804101C2000EAD1029DF8071003
:107EB000DFF87490C1F301131A438DF800209DF888
:107EC0000520C1F3810300EAD2021A438DF8012094
:107ED0009DF8062001F0030100EAD20008430024C7
:107EE000124F8DF80200A0466D46285D10B146F88D
:107EF00024900AE046F824800DE000BF56F82400E4
:107F0000394603F059F946F82400285D401E10F068
:107F1000FF002855F2D1641CE4B2032CE5D3002005
:107F2000BDE70000A00000207B14AE3E1D5A843F38
:107F30002DE9FE4F05460120C14E8DF800004FF09F
:107F400000088DF8018030680C461746817C706807
:107F50006B460222007800F071FA4FF0FF3A0028D9
:107F60007AD1C820FFF7F4F98DF8008030686B46AD
:107F70000122C17B7068007800F060FA0028EFD120
:107F800030686B46012241797068007800F056FA3B
:107F90000028E5D130686B460122817C706800784A
:107FA00000F04CFA0028DBD130686B460122C17D1D
:107FB0007068007800F042FA0028D1D130686B4632
:107FC000012201797068007800F038FA0028C7D1E2
:107FD0004FF00C098DF8009030686B460122017952
:107FE0007068007800F02AFA002835D10F20FFF7DA
:107FF000AFF9B06A6B460122407A8DF80000306814
:1080000081787068007800F019FA002824D1B06AED
:108010006B460122007A8DF8000030684178706864
:10802000007800F00BFA002873D1B06A807A0FB1A3
:1080300040F0E0008DF8000030686B460122817945
:108040007068007800F0FAF9002862D12FB1B06AA8
:10805000C07A40F0E00001E04AE018208DF800000E
:1080600030686B460122C1797068007800F0E6F94B
:10807000F0BB17B1C820FFF76BF940208DF8000066
:1080800030686B46012201797068007800F0D6F9FB
:1080900070BB78208DF8000030686B460122417972
:1080A0007068007800F0CAF910BB3220FFF750F971
:1080B0008DF80080306847466B4641797068012230
:1080C000007800F0BBF998B931687068B046897AD9
:1080D00000786B46022200F079F948B9BDF800003B
:1080E000AF6040BAB0FBF9F06F60C6B22F6000E03D
:1080F0000FE0A76067602760002739E0D8F800101C
:10810000D8F804006B46C97A00780C2200F05EF9BA
:1081100010B15046BDE8FE8FBDF80000236840BA9C
:1081200002B2BDF80200BDF804101A44226040BA41
:10813000626800B21044606049BAA06809B208449D
:10814000A060BDF806002B6840BA02B2BDF8080076
:108150001A4440BA01B2BDF80A002A606A6840BAFF
:1081600011446960A96800B208447F1CFFB2A8608E
:10817000B742C3D328688322C117090441EA1041DA
:1081800000040023F8F773F832460023F8F76FF87D
:10819000286068688322C117090441EA104100047D
:1081A0000023F8F764F832460023F8F760F86860B7
:1081B000A8688322C117090441EA10410004002382
:1081C000F8F755F832460023F8F751F8A860206810
:1081D0004FF40065C117090441EA104100042A4622
:1081E0000023F8F744F832460023F8F740F82060FF
:1081F00060682A46C117090441EA104100040023BF
:10820000F8F735F832460023F8F731F86060A068D7
:108210002A46C117090441EA104100040023F8F777
:1082200026F832460023F8F722F8A060002802DD85
:10823000A0F5803001E000F58030A060002069E703
:10824000A00000202DE9F34FDFF8A09083B0804616
:10825000A9F104000826029001204FF0000AEB4625
:10826000544601900298002550F8247004FB0652F1
:1082700058F8251059F8220002F09EFF394602F006
:10828000C9FD6D1C0746B542F0DB5FEA0A0104D068
:10829000B0F5000F06DA002004E0BAF1020F01D1B8
:1082A00001F00CFF4BF824000198641C8442D9DBD8
:1082B0000F4D009E4FF07E542946304602F048FF95
:1082C00001D2284607E02146304603F041F801D2AA
:1082D000204600E030460749009002F06DFF049907
:1082E00008600499486005B0BDE8F08F40CD0008F3
:1082F000000080BF000048432DE9F84F81462E481A
:108300008846002540686B46032200780D2100F066
:108310005DF810B10720BDE8F88F9DF8000000243B
:1083200000F01F008DF800009DF801006FF00F0BAA
:1083300000F01F008DF801009DF802006E4600F06D
:108340001F008DF802004FF0010A00BF59F82410F9
:1083500058F82400081A00D5404202F0CDFE5946D4
:1083600003F039F90746305DC0B1144802E0144902
:1083700002F022FF315D491E11F0FF013155F6D1A7
:108380000146384602F0BAFD4FF07E5103F04CF83A
:108390000C4920F00040884205DC07E00A483844D8
:1083A000B0F1D97F02D90AFA04F00543641C032C0A
:1083B000CCDB2846AFE70000A00000200000C84149
:1083C00054E3853F295C0F3E0000E0BE2DE9F041FB
:1083D0001D4614460F460646FCF70CFAB0B170066F
:1083E000000EFCF7D7F9FCF74DFA90B13846FCF7D0
:1083F000D1F9FCF747FAFCF7FDF9012000EB460044
:10840000C0B2FCF7C7F9FCF73DFA0FE00120BDE868
:10841000F081FCF717FAF9E7012C0DD05FF00100AD
:10842000FCF782F9641E05F8010BE4B2002CF3D1CD
:10843000FCF708FA0020EAE70020F1E72DE9F04117
:108440001E4615460F460446FCF7D4F968B160068F
:10845000000EFCF79FF9FCF715FA48B13846FCF717
:1084600099F9FCF70FFA00240CE00120BDE8F08137
:10847000FCF7E8F9F9E7305DFCF78CF9FCF702FA54
:1084800010B1641CAC42F6DBFCF7DCF90020EDE730
:1084900090F90010002902DD4FF00000704702DA69
:1084A0004FF00400704790F90110002902DD4FF0F1
:1084B0000100704702DA4FF00500704790F90200A2
:1084C000002802DD4FF00200704702DA4FF006008C
:1084D00070474FF007007047FAF74EFDFDF71EFE9C
:1084E000FCF7F0FEFCF7A0FFFDF7D0F8FDF7EAF887
:1084F000FDF748F8FDF70CF8FCF7B2FEFCF7CCFEF0
:10850000FDF77AF8FDF7A0F80220FCF7BDFA01208C
:10851000FCF7BAFAFEF70CFFF9F7C8F9FDF772FAA3
:10852000FCF75CFEF9F72CFA124C134F002626706C
:10853000FAF714FD6168411A142902D36060F9F753
:10854000D1F8FAF70BFD0546E068281A142802D383
:10855000E560FDF735FCA068281A642802D3A56001
:1085600000F076FE38680028E1D0FCF76FFD3E6031
:10857000DDE70000080000207C0100202DE9F0412B
:10858000124C20F00101002594F8240010B10020C5
:10859000BDE8F081A07A4FF0FF3668B10840277C33
:1085A0002074884200D0354641B1012001F034FDED
:1085B00000F094FA38B127743046E9E7207D00B125
:1085C000012001F029FD2846E2E70000A00000207C
:1085D0000D494A7A42B1012A08D0022A0FD0032A53
:1085E0000FD04FF0FF307047022200E004220270EB
:1085F000C97C11B11106C90D017000207047082215
:10860000F5E71022F3E70000A00000200F494A7AA6
:1086100042B1012A09D0022A11D0032A12D04FF008
:10862000FF3070474FF4804201E041F69C720280B7
:10863000C97C11B1C2F34E010180002070474FF494
:108640008052F4E74FF40062F1E70000A000002040
:108650000B49097A39B1012907D002290AD0032927
:108660000BD0002103E0FA2101E04FF4FA71018000
:10867000002070474FF47A71F9E74FF4FA61F6E79A
:10868000A00000200A49097A41B1012908D0022935
:108690000AD003290AD04FF0FF307047054900E0A7
:1086A00005490160002070470449FAE70449F8E7EA
:1086B000A000002000000343000083423333034244
:1086C000333383410C49C97A072913D2DFE801F01B
:1086D0001204060A0C0E1000BC2100E06221018089
:1086E000002070472A21FAE71421F8E70A21F6E76B
:1086F0000521F4E70021F2E7A0000020054991F8E8
:10870000242012B14FF0FF307047C989018000204A
:1087100070470000A00000202DE9FC414C4C802057
:108720008DF8000020686B460122817C606800782B
:10873000FFF784FE4FF0FF37002832D16420FEF7A8
:1087400007FE00258DF8005020686B460122817CD1
:1087500060680078FFF772FE002870D120686B46D1
:108760000622817D60680078FFF730FE002866D120
:108770009DF805009DF80310C007400F01F00101AE
:1087800040EA41019DF801004FF0010600F00100B0
:10879000014309D0012905D0022915D02DA0F7F7F2
:1087A0008BFD4CE0E67410E020686B460122C17836
:1087B00060680078FFF70AFE40BB9DF8000010F0EB
:1087C0000F0020D0042822D0E574FF2004F80A0FFF
:1087D0004FF6FF7104F8020C04F8010C6070A180E0
:1087E000A0712072A67026766576E572A572E560A6
:1087F00025616561A576E576A5834FF4FA6000F002
:108800006BFB18B907E01D48F7F756FD17E01CA0F1
:10881000F7F752FDC6E7022000F080FA78B92A2067
:1088200000F0C2FB58B9322000F0F4FB38B9002048
:10883000FFF7A4FE18B9002000F0A4FA10B13846E2
:10884000BDE8FC81002000F025FC0020F8E70000D6
:10885000A0000020556E737570706F72746564208F
:10886000736F6674776172652070726F647563747C
:10887000207265762025642E0A00000054D000087E
:1088800048616C662073656E736974697669747982
:10889000207061727420666F756E642E0D0A000080
:1088A0002DE9FF4FDFF89480064685B098F8250043
:1088B00015460F464FF0FF39B0BBAFB3002420E0A0
:1088C000301B102800DD102080B283463A19014683
:1088D0009246204600F03AFC30BB6A465946204694
:1088E00000F0D2F800BB50465A466946F7F7C9FD7A
:1088F00020B16FF0010009B0BDE8F08F04EB0B0070
:1089000084B2B442DCD3280A8DF810008DF81150DF
:10891000D8F80000444604AB817ED8F80400022257
:108920000078FFF78BFD08B14846E4E7012084F8A2
:1089300025000898E0840020DDE70000A00000206A
:108940002DE9F84305464FF0FF39282844D807277A
:10895000284C00267DB1012000F0F4FA20208DF88B
:1089600000004FF00108012D17D0052D18D88DF803
:10897000018005201FE0002000F0E4FA8DF800607F
:108980008DF8017020686B460222817C6068007857
:10899000FFF754FD00BB267529E08DF80160E8E77C
:1089A000142D04D802208DF801000A2003E00320D2
:1089B0008DF80100142000F0F7FA9DF801006B46D5
:1089C00007EB80108DF8010020680222817C60682E
:1089D0000078FFF733FD10B14846BDE8F883082062
:1089E000A072267384F814800020FFF7C7FD0020D2
:1089F000F3E70000A00000202DE9F843214C0646D3
:108A0000174694F8240089464FF0FF3890B3A07AB7
:108A100080B320686B460222817A60680078FFF795
:108A2000D5FC38BBBDF8000045BAB54202D20020E3
:108A300038701FE060684188B5EB510F11D921688B
:108A400000786B46497C0122FFF7C0FC90B99DF885
:108A50000000C00605D500F041F86FF00100BDE848
:108A6000F8832068F2B24B46C17A60680078FFF75D
:108A7000ADFC08B14046F2E7B5FBF6F0401E387099
:108A80000020ECE7A0000020F8B516000D464FF0DE
:108A9000FF371FD0104CA17AE1B1010A8DF8001008
:108AA000C0B28DF80100411960684289914211D825
:108AB000216800786B46097E0222FFF7BFFC48B9A7
:108AC0002068EAB23346417D60680078FFF77EFC9B
:108AD000002800D03846F8BDA0000020F8B5524C60
:108AE0004FF0FF36A07A00287CD000258DF800508A
:108AF00020686B460122C17B60680078FFF79EFC0E
:108B000000286FD120686B460122417960680078A7
:108B1000FFF794FC002865D120686B46012201799B
:108B200060680078FFF78AFC00287AD194F8240066
:108B3000C8B30C208DF8000020686B460122017933
:108B400060680078FFF77AFC00286AD1C0208DF8B1
:108B50000000A07AC00702D0E0208DF80000206855
:108B60006B460122017960680078FFF767FC0028F6
:108B700057D1607C18B102208DF8000001E08DF81B
:108B8000005020686B460122C17B60680078FFF7C7
:108B900055FC38BB8DF8005020686B4601224179A6
:108BA0006068007839E0FFE704208DF80000206855
:108BB0006B460122017960680078FFF73FFC88B9B5
:108BC000A07C80B9A07AC0070DD060208DF800008D
:108BD00020686B460122017960680078FFF72EFC5F
:108BE00000B902E01DE04020F0E7607C18B10120F0
:108BF0008DF8000001E08DF8005020686B460122DE
:108C0000C17B60680078FFF719FC50B92068064BFB
:108C100001224179606810330078FFF70FFC0028CB
:108C200000D03046F8BD0000A00000202DE9F0473C
:108C3000394C82468AB094F824000F4620B10020B7
:108C400000F00EF9012600E0002607A8FFF700FD5E
:108C500006A8FFF7BDFC09A8FFF734FD08A8FFF739
:108C60004DFD94F80A9094F81080002500223946B2
:108C70005046FFF75DF910B16D1C022DF6DB022D99
:108C80001AD00025012203A96846FFF751F910B157
:108C90006D1C022DF6DB022D0ED003A93846FDF720
:108CA000FFFEC7B269465046FFF726FB10F0FF0FE4
:108CB0004FF0000502D002E0002503E001250FB9C6
:108CC00045F00205FF2020726072E0724FF6FF71DE
:108CD000E181A072207401202073BDF81C0000F017
:108CE000FBF89DF8180000F019F8BDF8240000F01A
:108CF0005BF9BDF8200000F08DF9484600F0CAF994
:108D00004046FFF73BFC16B1012000F0A9F80AB07D
:108D10002846BDE8F0870000A000002038B5184CB8
:108D20004FF0FF35A17A19B3022806D0042806D0E7
:108D300008280ED010281BD10DE0002000E00820EC
:108D40008DF80000607A9DF80010B0EBD10F04D0D0
:108D500005E01020F4E71820F2E7002038BD206875
:108D60006B460122C17960680078FFF767FB08B1A4
:108D7000284638BD9DF80000C0086072EDE700008D
:108D8000A0000020F8B5354C0546A07CA84201D1D2
:108D90000020F8BD31484FF0FF366B46D0E9001097
:108DA0004FF001020979007835B3FFF70FFB70BB74
:108DB0009DF800006B4620F020008DF80000206830
:108DC0000122017960680078FFF738FBF8B90320C9
:108DD000FEF7BEFA02208DF8000094F8220078B366
:108DE00082202BE020686B460122017D60680078BC
:108DF000FFF724FB58B92EE0FFF7E8FA38B9A07A5C
:108E0000C0079DF8000003D040F0200002E00CE015
:108E100020F020008DF8000020686B4601220179C7
:108E200060680078FFF70AFB08B13046F8BD032000
:108E3000FEF78EFA94F8220000B180208DF8000031
:108E400094F823000028CDD09DF8000040F03000B9
:108E50008DF80000C6E7A5749AE70000A000002086
:108E600038B51C4C94F8241081421DD0002500B365
:108E700094F82500D0B1002001F0CEF80020FFF7D3
:108E800081FFE08C00F0C6F88DF8005060686B46FA
:108E9000012200782321FFF7D1FA012084F8240071
:108EA00001F0BAF8FFF71AFE002038BD4FF0FF308E
:108EB00038BD002001F0B0F8207C8DF8000060681B
:108EC0006B46012200782321FFF7B8FA84F824507A
:108ED000E8E70000A000002038B5194C4FF0FF353E
:108EE000A17A31B3FA2809D0B0F5FA7F08D0B0F5ED
:108EF0007A7F0FD0B0F5FA6F1BD10DE0002000E0B3
:108F000008208DF80000207A9DF80010B0EBD10FFA
:108F100004D005E01020F4E71820F2E7002038BD67
:108F200020686B460122817960680078FFF786FA35
:108F300008B1284638BD9DF80000C0082072EDE752
:108F4000A000002038B5174C054694F82300A8422D
:108F500001D1002038BD0DB1302000E000208DF897
:108F60000000A07C28B19DF8000040F002008DF8C0
:108F7000000094F8220028B19DF8000040F0800025
:108F80008DF8000020686B460122017D6068007842
:108F9000FFF754FA10B14FF0FF3038BD84F823507A
:108FA000D7E70000A000002038B5194C4FF0FF357E
:108FB000A17A31B3BC2801D3012010E0622801D38B
:108FC00002200CE02A2801D3032008E0142801D352
:108FD000042004E00A2801D3052000E006208DF8D3
:108FE0000000E07A9DF80010884201D1002038BDD1
:108FF00020686B460122817860680078FFF71EFACE
:1090000008B1284638BD9DF80000E072EEE7000088
:10901000A0000020F8B51E4D04464FF0FF37A87A97
:1090200048B395F8240030BB287D4FF47A7648B1D8
:1090300064B1282C03D8E0B2FFF782FC26E00020C0
:10904000FFF77EFC042C05D2042406E00020FFF785
:1090500077FCF9E7B44200D93446B6FBF4F0401E81
:109060008DF8000028686B46012241786868007816
:10907000FFF7E4F908B13846F8BD9DF80000401C40
:10908000B6FBF0F0E8814008FFF78EFF0020F8BD46
:10909000A0000020F8B5054610F0700F4FF0000654
:1090A00001D0012004E015B18DF8006002E04020FD
:1090B0008DF80000244C6B4601222068817C60689A
:1090C0000078FFF7BBF94FF0FF3760BB9DF8000059
:1090D00020F0400020738DF80060680602D4042060
:1090E0008DF80000A80605D49DF8000040F00200AD
:1090F0008DF80000E80605D49DF8000040F001005E
:109100008DF80000280705D49DF8000040F03800D5
:109110008DF8000020686B460122C17C60680078F1
:10912000FFF78CF910B1A6723846F8BD25B1082DAD
:1091300002D00020FFF706FFA57226753220FEF749
:1091400007F90020F8BD0000A0000020F8B51600C7
:109150000D464FF0FF371FD0104CA17AE1B1010A44
:109160008DF80010C0B28DF8010041196068428985
:10917000914211D8216800786B46097E0222FFF7E0
:109180005DF948B92068EAB23346417D60680078ED
:10919000FFF754F9002800D03846F8BDA0000020A1
:1091A0002DE9F05F9946DDF82CB00D4682469142DC
:1091B0002ED1002728E0002423E00C9909FB07F0BA
:1091C000002201EB8008164648F8242016E000BF74
:1091D00009FB06F00BEB80000A9A50F8241005FBFF
:1091E00007F002EB800050F8260001F0E5FF58F888
:1091F000241001F00FFE48F82400761CAE42E7DB95
:10920000641C4C45D9DB7F1C5745D4DBBDE8F09F7F
:10921000BDE8F05F01A0F7F74FB80000B4EDCEF362
:10922000A3BABED8D5F3B5C4B3DFB4E7B2BBB6D4E6
:10923000A3A10000002800DA4042704770470246B0
:10924000012000E05043491EC9B2FBD27047000024
:10925000F8B54FF48061B648F7F747F90021B5A299
:109260000846FCF7F5FCB4480C2500950288042359
:1092700000212820FCF7B0FCB0A200214620FCF71A
:10928000E7FCB0480068012804D1AF48006808B185
:10929000AEA200E0AEA200216920FCF7D9FCADA28D
:1092A0000A210020FCF7D4FCAC480078012804D146
:1092B000ABA20A215220FCF7CBFCAA480078042874
:1092C00001D0052808D1A8480078012804D1A7A218
:1092D0000A215220FCF7BCFCA64CA74E2068B042E5
:1092E00007D3A6A20A213020FCF7B2FC2068B042C6
:1092F00004D2A3A20A213020FCF7AAFC206801F0C6
:10930000BFFEFFF797FF024603230A21382000958E
:10931000FCF762FC9BA214210020FCF799FC9B4CFB
:109320002068B04207D395A214212A20FCF790FCB4
:109330002068B04204D292A214212A20FCF788FCB3
:10934000206801F09DFEFFF775FF024604231421FB
:1093500032200095FCF740FC8D4CA06801F0ACFE7B
:1093600082B20523142152200095FCF735FC89A216
:1093700014217220FCF76CFC87A21E210020FCF750
:1093800067FC864F3868002811DA7CA21E21102065
:10939000FCF75EFC3868FFF74DFF024604231E21F0
:1093A0001A200095FCF718FC386800280EDB74A220
:1093B0001E211020FCF74CFC3868FFF73BFF0246EB
:1093C00004231E211A200095FCF706FC2068B042F9
:1093D00007D36AA21E213C20FCF73AFC2068B04269
:1093E00004D267A21E213C20FCF732FC206801F069
:1093F00047FEFFF71FFF024604231E21442000956D
:10940000FCF7EAFB66A21E216020FCF721FC66A2A5
:1094100028210020FCF71CFC644F3868002811DA72
:1094200056A228211020FCF713FC3868FFF702FF32
:109430000246042328211A200095FCF7CDFB38684A
:1094400000280EDB4EA228211020FCF701FC386812
:10945000FFF7F0FE0246042328211A200095FCF7AE
:10946000BBFB6068B04207D344A228213C20FCF734
:10947000EFFB6068B04204D241A228213C20FCF7F7
:10948000E7FB606801F0FCFDFFF7D4FE0246042311
:10949000282144200095FCF79FFB41A22821602051
:1094A000FCF7D6FB42A232210020FCF7D1FB41A2FF
:1094B00032211E20FCF7CCFB3DA232214020FCF7DC
:1094C000C7FB3D4C642102232068009590FBF1F21C
:1094D00032211320FCF780FB20680A2690FBF6F06F
:1094E00090FBF6F106FB1102012332212A200095A0
:1094F000FCF772FB2068012390FBF6F106FB1102DA
:10950000322108460095FCF767FB2C4C207830B1DF
:109510000FA232215F20FCF79BFB207820B928A204
:1095200032215F20FCF794FBBDE8F840FCF7E6BA77
:10953000F0050020414443001C00002041564F3AF2
:109540000000000020000020240000204F5F4E009B
:109550004F464600416E676C650000001800002011
:1095600050533200190000201A0000204C69646139
:109570007200000060000020000080802D000000CC
:109580002B0000004779726F780000006400002013
:10959000540200206D6D00004C00000054000020BB
:1095A0006D6D2F7300000000520000005800002075
:1095B000560000002E0000005C0000200400002087
:1095C0004F4E20002DE9F04D1D460C4698B0174631
:1095D00021F0004123F00043002814BF4FF0010C9C
:1095E0004FF0000C0CEB440CFE4A0CEB02064FEA69
:1095F000620C66452BD33E0018BF012606EB4506DC
:109600001644F94A964222D3F84A53EA070C02D08C
:10961000944205D148B918B000201146BDE8F08D3C
:10962000002808BF4FF0000C01D04FF0010C0CEBEC
:10963000440212F5001F0AD8002F14BF4FF0010C8E
:109640004FF0000C0CEB450212F5001F07D918B0C3
:109650003A462B462146BDE8F04DFDF7F4B900220D
:10966000DFF88CA3002CB8BF534526DADFF884C39B
:109670006345A8BF022220DADFF870C39C451CDCDA
:10968000DFF874C30CEB235CBCF1140F08DDCCF1E4
:10969000340627FA06FC0CFA06F6BE420DD108E0A5
:1096A0005FB9CCF1140623FA06FC0CFA06F69E42CA
:1096B00003D10CF00102C2F1020251EA000C19D1EF
:1096C000002D17DA002C18BF022A01D0012A07D07A
:1096D0000220F6F7D3FF18B0BDE8F04DFDF7A8B9AA
:1096E0000220F6F7CBFFFDF7A3F918B081F0004197
:1096F000BDE8F08DB7F1000C6CD1534525D104F1D4
:10970000804212F5801201BF00280020B74918B02E
:1097100008BFBDE8F08DB548884207DC002DA1BF29
:109720006046294618B0BDE8F08D07E0281E05DA2E
:1097300080F0004118B06046BDE8F08DAF49794433
:10974000D1E9000118B0BDE8F08DDFF8A0C2634593
:1097500025D1002D1FDA19B1514512D1D8B909E030
:10976000002840F0EC82A24A214618B062F31E01A4
:10977000BDE8F08D0020214618B060F31E01BDE861
:10978000F08D08DA18B02346BDE8F04D02460020FF
:10979000614600F015BE18B02146BDE8F08D514578
:1097A00018DAB5F1804F0DD0A5F1005CBCF1FF5C7B
:1097B00010D1B4F1000C0DDB18B06146BDE8F04DDE
:1097C00000F056BC234618B00246BDE8F04D1946DD
:1097D00000F0E4BF060024F0004C3BD1D9B1514564
:1097E00033D1002C06DD002DA1BF0020514618B05A
:1097F000BDE8F08D002C01DD002D1BDB002C13DA01
:10980000002D11DB012A4FF0000014BF78497C497C
:1098100018B0BDE8F08D022A18BF002C0AD0012A2A
:1098200008D1002C06DA0AE0002CB8BF002D11DAAE
:10983000012A04D0002018B00146BDE8F08D18B010
:1098400000204FF00041BDE8F08DA1F14050B0F193
:109850007F601AD0012000EBE47050EA020421D0AE
:10986000624C521E4FF0000B104304BF4FF0000B30
:10987000644C654883427CDD644A654893421FDD41
:10988000884217DB002D25DB37E0002C00DA4AB1D7
:10989000022A0CBF01204FF0FF3018B0BDE8F04D98
:1098A00000F015BF0120F6F7E9FE18B0BDE8F04D55
:1098B000FDF7CBB84D4A8A4202DC002D0ADC1CE0E1
:1098C000814202DA002D18DA04E0484B994220DD8B
:1098D000002D12DD0220F6F7D1FEFDF7BCF805469B
:1098E0000E46002253465846214600F057FF18B056
:1098F00066F31E012846BDE8F08D0220F6F7BEFE95
:10990000FDF7B0F80A46214618B062F31E01BDE823
:10991000F08D00223046614601F066F980460E4621
:109920006FF0010201F029FE4FF05532394B01F082
:1099300069F84246334600F031FF0022364B01F011
:1099400061F882464246334604911046194600F0BB
:1099500025FF5246049B00F021FF8A4600904FF0FD
:10996000C0422E4B4046314600F018FF2C4A2B4B8C
:1099700000E027E0CDE906015146009800F00EFF17
:1099800082460191274A284B4046314600F006FFA7
:109990005246019B01F028F982460B46024605918A
:1099A000DDE9060100F050FCDDE9062300268846CB
:1099B000304601F019F95246059B01F023F80246A2
:1099C00000F07EB90020B1F5801F07DA352230465D
:1099D000614601F0D2FD06466FF0340000EB2150E5
:1099E00024E00000FFFF1F00FFFF0F000000F03F1A
:1099F0000000F07F0000404301FCFFFF76380000CC
:109A00000000F0FF0000F0BF0000E0410000F04364
:109A1000FFFFEF3F5555D53F0000E03F4715F73FAB
:109A2000FE822B6544DF5DF80BAE543EA0F2FF30A2
:109A30000190C1F3130040F07F6141F04051029169
:109A4000FE498842D8BF002004DDFD498142C8BFDD
:109A5000012001DD0D9008E000200D900198401CD0
:109A600001900298A0F5801002900299F548784480
:109A70000B910D9900EBC100D0E900230F93304604
:109A80000A920B9901F0B0F8CDE90601DDE90A214F
:109A900030460F9B00F0D8FB02460B460020EA49F7
:109AA00000F08EFC059102460B460090DDE90601B0
:109AB00000F074FE1490E5488A464FF000087844A0
:109AC0000299006812904FF0005040EA61010D9831
:109AD0000F9B01EB804000F5002109910A9A129832
:109AE00001F082F832460B9B00F08CFF4246534651
:109AF00000F054FE0646029140465146099B129AD8
:109B000000F04CFEDDE9062300F07CFF3246029BAC
:109B100001F06AF8059B009A00F040FE0091149A4B
:109B2000049053461046194600F038FE0646024699
:109B3000C7480B46029106217844FCF724FFCDE983
:109B40000510029B32461046194600F027FEDDE95B
:109B5000053200F023FE059106465346404619465D
:109B6000149A00F071FB009B049A00F017FE324635
:109B7000059B00F069FBCDE90510424653461046AF
:109B8000194600F00BFE0022B24B02910A9000F041
:109B90005BFBDDE9053200F057FB0E464246AD4B5C
:109BA000404601F021F8029B0A9A01F01DF8DDE918
:109BB000053200F027FF424602910A9033461046D4
:109BC000514600F0EBFDCDE906015346149A029987
:109BD0000A9800F0E3FD8A46029033464246009917
:109BE000049800F0DBFD5346029A00F02DFB8246FC
:109BF0000B4602460591DDE9060100F025FBDDE993
:109C0000062300208846064600F0EEFF5246059BDC
:109C100000F0F8FE824609914FF060428E4B3046CC
:109C2000414600F0BBFD049006918C4A8A4B504699
:109C3000099900F0B3FD82460291894A894B30466A
:109C4000414600F0ABFD5246029B00F0FDFA864B08
:109C50007B440D9A03EBC203D3E9002300F0F4FA2E
:109C60000E900791019800F032FD0591DDE9061391
:109C700082460E9A049800F0E7FA7C4A7A440D9BDB
:109C800002EBC303D3E900230093029200F0DCFA55
:109C90005246059B00F0D8FA0026884652463046C8
:109CA000059B00F0A1FF009B029A00F09DFF069B20
:109CB000049A00F099FF079B0E9A00F0A3FE02465B
:109CC00000200B4602903846294600F067FD824688
:109CD00001912B4638461946029A00F085FF32461C
:109CE000434600F05BFD5246019B00F0ADFA07468B
:109CF0008A46324643462946029800F04FFD054603
:109D00000E463A46534600F09FFA594A8846914219
:109D100021DBA8EB020353EA000210D12A463346A6
:109D200000F062FFCDE90401524A534B38465146D8
:109D300000F08AFADDE9042300F02EFE21D2022091
:109D4000F6F79CFCFCF787FE0A46214618B062F342
:109D50001E01BDE8F08D494B28F000429A4210D315
:109D6000474A08EB020353EA00027FF4C6AD2A46D5
:109D7000334600F039FF3A46534600F00DFE7FF6B9
:109D8000BCAD0022019228F000403E493E4A01EB62
:109D90002051824223DA481C4FF4801121FA00F04E
:109DA00040443A4AC0F30A517A44394BA1F2FF3198
:109DB000CB4020EA0303C0F3130040F48010C1F14C
:109DC0001401C84012680190B8F1000FBCBF4042B6
:109DD00001902846314600F007FF05460E462A4608
:109DE00033463846514600F02FFA4FF000084246FD
:109DF000284B4046059100F0D1FCCDE90601264AEA
:109E0000264B4046059900F0C9FC009102902A4675
:109E100033464046059900F0E7FE3A46534600F0C7
:109E2000F1FD1F4A1F4B00F0B9FC009B029A00F0A5
:109E30000BFA0746884602460B4635E08E9803002B
:109E40007AB60B00F63300000000F03FF634000055
:109E50005C3300000000084009C7EE3FFD033ADC18
:109E6000F5015B14E02F3EBE34320000F8310000F3
:109E700000009040FE822B654715973C00CC904037
:109E800000346F3F01FCFFFF0000E03F0C32000098
:109E9000FFFF0F00432EE63F396CA80C615C20BE2B
:109EA000EF39FAFE422EE63FDDE9060100F0CCF97B
:109EB000DDE9062305460E4600F096FE3A46434687
:109EC00000F0A0FD0F462A46334600901046194682
:109ED00000F064FC824602462E4888460B46052167
:109EE0007844FCF750FD5246434600F057FC2A46A2
:109EF000334600F087FD80468A463B462846314679
:109F0000009A00F04BFC3B46009A00F09DF9069148
:109F1000009000224FF080434046514600F064FE1E
:109F20000F460C90424653462846314600F036FC18
:109F30003B460C9A00F044FA069B009A00F054FE4F
:109F40002A46334600F050FE0022134B00F05AFD23
:109F5000054601980E4601EB00510815002810DC5B
:109F600028463146019A01F008FBFCF7D5FC04288D
:109F700008BFFCF777FD28463146019A01F0FDFA4B
:109F800005460B4618B02A4658462146BDE8F04D16
:109F900000F004BCE42F00000000F03F10B588B0D2
:109FA000694604A8FEF742FE072832D107A8FEF74B
:109FB00069FB049801F0A0F807990C4601F0FCF841
:109FC00001F05EF80490059801F096F8214601F042
:109FD000F3F801F055F80590069801F08DF8214648
:109FE00001F0EAF801F04CF8069004A8FDF774FCC3
:109FF00003A8FEF70BFBBDF80C000099414300914C
:10A000000199414301910299414368460291FDF74C
:10A01000C5FB08B010BD0000F8B5144C014622463F
:10A0200094F82460D2E9000200235D1E56B179B194
:10A03000022111E0C17B10786B460122FEF7FEF988
:10A0400068B90EE0A67A56B111B1617C61B902E03F
:10A050008DF80030EEE701218DF80010EAE7284680
:10A06000F8BD9DF8000060740020F8BDA00000203D
:10A070002DE9F04106460F4600F0D0FC041E0D46C7
:10A0800018BF0120284320F00040C0F17F6000F19C
:10A09000E040C00F0ED0301C18BF0120384320F024
:10A0A0000040C0F17F6000F1E040C00F04BF01201C
:10A0B000F6F7E4FA20462946BDE8F0812DE9F0479D
:10A0C000314A324B05464FF07F4120F00044B1EB5E
:10A0D000450F54D39C421BDDB1EB440F18D394427F
:10A0E000C8BF4FF07E5044DC0121204601F073FAD6
:10A0F000FDF7FCFD4FF07E5100F08CFE01464FF065
:10A10000804000F0FBFE4FF07E5101F083F930E01B
:10A11000B4F1665F0BDAB1EB440F08D32046FCF7CD
:10A120000FFC042808BFFCF7ADFC204621E02146C7
:10A13000174EDFF860A0184F084601F03DF8804642
:10A14000514601F039F8314600F064FE414601F015
:10A1500033F806463946404600F05CFE014630467C
:10A1600000F0CCFE0146204601F026F8214600F022
:10A1700051FE002DB8BF80F00040BDE8F087BDE87B
:10A18000F047FCF777BC0000B32C1041549F0C3F04
:10A19000C6E252BFB2117BBB1A2A1E4044F62062AF
:10A1A00000E0521E03685B0602D4002AF9D1704712
:10A1B000002AFCD04160704710B500290AD0087809
:10A1C000002807D005487844F6F726FE002801D07D
:10A1D000002010BD0248784410BD0000A22F0000EE
:10A1E0009A2F000021F00042A2F16052B2F5801FC8
:10A1F00001F0004328BFD2F17F6C0BD95FEA001C4D
:10A2000043EAC20242EB507018BF704728BF20F0EB
:10A2100001007047B2F5801FBCBF184670474FEA77
:10A22000410C1CF5001F02D2084601F08CB870B535
:10A2300000F05EFB00000089FFF7F6BF4FF0004022
:10A24000A0F580007047000010B591EA030F48BFE9
:10A2500083F0004300F1D084841A71EB030C05D223
:10A26000121943EB0C03001B61EB0C01DFF824E136
:10A270004FEA1154A4EB135C1EEA430F18BF9EEA89
:10A28000445F73D023EA0E03DCF1200E21EA04516F
:10A2900043F4801332D322FA0CFE10EB0E0023FAA3
:10A2A0000CFE41EB0E01CCF1200E03FA0EFE10EB7A
:10A2B0000E0051F10001B1F5801FCCF1200E32D219
:10A2C00001EB045112FA0EF2BDE8104058BF70477E
:10A2D000401C38BF5FEA420218BF7047002814BF15
:10A2E00020F0010041F100014FEA410313F5001F86
:10A2F00038BF7047A1F1C04100F048BB012A43EBD1
:10A300000302ACF1200CDCF11F0E32BF4FF0000E47
:10A3100023FA0CF310EB030041EB0451B4EB115F93
:10A32000D0D0A1EB045101F5801149085FEA30005B
:10A3300001EB04510ED350F1000038BF12FA0EFEAB
:10A3400008D1BDE81040C9E7401C38BF5FEA4202AF
:10A35000CAD1C3E7BDE810404FEA410313F5001F1F
:10A3600038BF7047A1F1C04100F010BB9EEA445FC6
:10A3700008D011EA5E0FBDE8104004BF01F00041B3
:10A3800000207047BDE8104070B500F0B1FA00BF82
:10A3900064FBBE3E0000E0FF02494FF0000001F008
:10A3A000BAB800BF0000F87F491058BFC1F1404162
:10A3B0005B1058BFC3F140438B42EFF300807047FE
:10A3C0002DE9C04130B4DFF8A0C23CEA111418BF37
:10A3D0003CEA131400F0EC8081EA03051CEA111436
:10A3E00044EAD57418BF1CEA131500F0C780A4EB2B
:10A3F00005044FF0004545EAC12145EAC32341EA7F
:10A40000505143EA525304F17F74994204F50034E9
:10A410004FEAC0204FEAC22208BF904200F09C8061
:10A420004FEA13650FF24016765D4FEA134506FBBF
:10A4300005F7C7F1807706FB07F74FEAD737A7FB89
:10A4400003687642C8F58038A7FB06CE38BFA8F16E
:10A45000010807FB08E64FF0000EA6FB028CE6FBA6
:10A4600003CEDCF1000CCEF1004E38BFAEF1010E90
:10A47000A6FB0C584FF000074FF00005E6FB0E87D7
:10A48000A1FB08C6A0FB07CE16EB0E0645F10005A2
:10A49000E1FB076515F1E04E7EBFA4F580345FEA6D
:10A4A00046066D4116F1800745F100054FEA172772
:10A4B0004FEA066647EA0567A6F1DE46B6F1805F19
:10A4C0004FEA15251FD9384624F0010C05EBC4715D
:10A4D000BCF1FE6F01EB0C1102D8F0BCBDE80081AD
:10A4E00024425CBF01F5801E9EEAC47F02D4F0BC0A
:10A4F000BDE80081244238D4F0BCA1F1C041BDE8E0
:10A50000004100F043BA4FEAD22242EA43524FEAF6
:10A51000D323A7FB02864FEAD02040EA415007FB35
:10A5200003661EEA0E0F4FEAD12105FB026658BFF3
:10A53000A6EB0056B6EB00564FEA520E4EEAC37E2B
:10A5400018EB0E0E56EB530EBDD518EB02085E410C
:10A550007F1C55F10005B6E74FF480154FF000075A
:10A560004FF000064FF00008ADE7F0BC4FF00000E0
:10A5700001F1C04101F00041BDE8008111EA0C1F6A
:10A580000CEA131500D00CE013EA0C1F00F0258034
:10A590004FF00000F0BC81EA030101F00041BDE88A
:10A5A0000081F0BCBDE8004181EA030100F0EEB992
:10A5B000F0BCBDE8004170B500F09AF9097EFC3EA0
:10A5C00000F007B881EA03014FF0000001F00041FC
:10A5D000704781EA030100F0D9B9F0BCBDE8004141
:10A5E0004FF0000021497047FFFDFBF9F7F5F4F249
:10A5F000F0EEEDEBE9E8E6E4E3E1E0DEDDDBDAD81E
:10A60000D7D5D4D3D1D0CFCDCCCBCAC8C7C6C5C47B
:10A61000C2C1C0BFBEBDBCBBBAB9B8B7B6B5B4B392
:10A62000B2B1B0AFAEADACABAAA9A8A8A7A6A5A47D
:10A63000A3A3A2A1A09F9F9E9D9C9C9B9A99999841
:10A640009797969595949393929191908F8F8E8EE4
:10A650008D8C8C8B8B8A8989888887878685858471
:10A6600084838382828181800000FF070000F87F5D
:10A670004FEA41034FEA5353A3F58063D3F11E031E
:10A68000C8BFD3F1210C0CDD4FF0004242EAC122D9
:10A6900042EA505232FA03FC8CEAE17CACEBE17006
:10A6A0007047102BC4BF0020704703F5787CBCF1C5
:10A6B000FF3F04D06FF0004282EA2100704770B57E
:10A6C00000F016F94992248000207047F2E710F05C
:10A6D000004248BF4042B0FA80F310FA03F10AD0BA
:10A6E000C3F11D0303F580634FEA415002EB0352AF
:10A6F00002EBD12170474FF000007047B0FA80F3B1
:10A7000010FA03F10AD0C3F11D0303F580634FEA89
:10A7100041504FEA035202EBD12170474FF0000045
:10A720007047000051EA030C17D41CF5801F58BF76
:10A73000BCF5801F00F10680994218BF704708BF22
:10A740009042704707D711F5801F58BF13F5801F3F
:10A7500019D499427047894270471CF5801F08D56B
:10A76000BCF5801FF7D58B4218BF704708BF8242E7
:10A7700070474FF4001C1CEB410F38BF1CEB430F1C
:10A7800001D28B42704770B500F0B2F892244900B4
:10A790004FF000514FF08053FFF706BEDFF848C17D
:10A7A00070B51CEA111E1EBF1CEA13159EEA0C0FA1
:10A7B00095EA0C0F00F06F8081EA030423EA4C1342
:10A7C0004EEAD47E21EA4C1141F4801143F4801307
:10A7D000AE44A1FB024CA0FB0365AEF17F7E3619AF
:10A7E00055EB0C05A1FB034C4CF10003A0FB021C34
:10A7F00016EB0C06654153F10003094218BF46F001
:10A80000010613F4007F0BD14FEA03314FEA053004
:10A81000340341EA155140EA16506FF003020AE092
:10A820004FEAC3214FEAC520F40241EA555140EAFC
:10A8300056506FF0020202EB2E4201EB025585EA00
:10A84000CE710AD05FEA440C18BF24F0004450F1E6
:10A85000000041F1000120EAD47040F2FE7C624524
:10A8600000D270BDA84214BF4FF080444FF0404466
:10A87000002E08BF0024BEF1806FA8BFA1F1C04127
:10A88000BDE8704080F282804FF0000001F1C041CD
:10A8900001F0004170479EEA0C0F0CEA131518BF37
:10A8A00095EA0C0F06D04FF0000081EA030E0EF07F
:10A8B000004170BD00F01CF88900013E00F007B8AF
:10A8C00000F009B84FEA430C5FEA5C5C08D081EA0B
:10A8D000030100F05BB84FEA410C5FEA5C5CF6D123
:10A8E0004FF00000014970470000FF070000F87FAB
:10A8F0000EF1020E2EF0030E5EF8046B364205D404
:10A90000012A43EB030515F5001F12D8012841EB7E
:10A91000010C1CF5001F0CD80ED14FEAD17C15F5A7
:10A92000001F0CEB4C0C0CF1020C08BF4CEBD37C61
:10A9300004E04FF0080C01E04FEAD37C0CEB4C052F
:10A9400026FA05F606F00706B6F1040C06D20EEB61
:10A95000860CBDE870404CF0010C6047DFE80CF05D
:10A96000090B02024FF000414FF00000A1F5002159
:10A9700070BD19461046012851EB010418BFD4F5EB
:10A98000001484BF002001F0004170BD0808A0F54C
:10A9900000114FEA3101704753EA010C17D41CF53E
:10A9A000801F58BFBCF5801F00F106808B4218BF86
:10A9B000704708BF8242704707D713F5801F58BF02
:10A9C00011F5801F19D48B4270479B4270471CF5CC
:10A9D000801F08D5BCF5801FF7D5994218BF704776
:10A9E00008BF904270474FF4001C1CEB430F38BF68
:10A9F0001CEB410F01D2994270470FB40CBC03BC51
:10AA0000FFF7C1BE91EA030F10B581F000413FF599
:10AA100023AC83F0004300F0EFB800002DE9F041D3
:10AA200001F5801CBCF5001FC0F2C3804FEA115C29
:10AA300021EA0C510CF1FD0C41F480115FEA5C0C31
:10AA40000CF5C07C01D3400049413DA4890241EA94
:10AA5000905187028E0E0A0CA45D04FB04F602FBE3
:10AA600006F6C6F14046A4FB0662F60D46EA42260B
:10AA700006FB06F4A4FB01235242C3F1404338BF56
:10AA80005B1EA6FB02420024E6FB0324D20B42EA33
:10AA90004446A6FB0623A1FB02E2A3FB07E4A4189D
:10AAA0004FF0000252F10002E3FB01426442C2F1A6
:10AAB000404E38BFAEF1010EA6FB04234FF000025A
:10AAC000E6FB0E32A2FB03464FF00004B61954F128
:10AAD0000004E2FB0264A1FB06E6A4FB07E816EB18
:10AAE00008064FF0000858F10008E4FB01687642C0
:10AAF000C8F1405838BFA8F10108A2FB06E4A3FB47
:10AB000008E52D194FF0000454F10004E2FB08544D
:10AB1000A1FB05E6A7FB04E818EB06084FF00006CA
:10AB200056F10006E1FB048618F1200556F10006F7
:10AB3000A809A8F11B08B10908F03F08B8F10A0FED
:10AB400040EA86601CD901EB0C51BDE8F08100BFE2
:10AB5000FCF5EEE8E2DDD8D3CFCBC7C3C0BDB9B6B4
:10AB6000B4B1AEACA9A7A5A3A19F9D9B9A989695B9
:10AB70009392908F8D8C8B89888786858483828140
:10AB8000A0FB006800FB01F208EB4208B8EB872845
:10AB900007D5341858EB0104D5D5401C51F10001FC
:10ABA000D1E7341A78EB0104CDD4401E71F10001D5
:10ABB000C9E75FEA4C0C5FEA9C5C0DD105D34FF00E
:10ABC000000001F00041BDE8F081BDE8F04170B542
:10ABD000FFF78EFE6DDBFFBEBDE8F0414FF00000D9
:10ABE000004970470000F87F10B591EA030F48BF95
:10ABF00083F000433FF530AB841A71EB030C07D2AE
:10AC000012198CF0004C43EB0C03001B61EB0C01A0
:10AC1000DFF8A4E14FEA1154A4EB135C1EEA430FE2
:10AC200018BF9EEA445F00F0B08023EA6E035242F0
:10AC300021EA0451C3EB6E0338BF5B1EDCF1200E2A
:10AC400025D322FA0CFE10EB0E0043FA0CFE41EB6A
:10AC50000E01CCF1200E03FA0EFE10EB0E0051F1A6
:10AC60000001CCF1200E29D412FA0EF201EB0451AE
:10AC7000BDE8104058BF7047401C1CBFB2F1004FE8
:10AC8000704700280CBF491C20F00100704712EBF0
:10AC9000020E43EB030218BF4FF0010E4EEA4202D0
:10ACA000ACF1200CDCF11E0E54D943FA0CFE10EB73
:10ACB0000E0051F1FF31CCF11E0ED5D50EF1010E73
:10ACC00012FA0EFE404141EB010101EB445C5FEAE8
:10ACD0005C5C10D910EBDE7001EB045138BFBEF1A3
:10ACE000004FBDE8104018BF704700280CBF491C3A
:10ACF00020F00100704730D24FEAD42C11F500113A
:10AD000024F400641BD0B1FA81F20B3AA41AA41EF9
:10AD1000D2F12003914030FA03F31943904001EB44
:10AD2000CC71002C01EB0451BDE81040A8BF704766
:10AD300001F1C0414FF0000001F000417047B0FA4E
:10AD400080F310FA03F100D110BDE41A173C480556
:10AD5000C90AE4E701EB045110BD491001EB0451AD
:10AD6000BDE810404FEA300002E04FF000017047AC
:10AD70004A0008BF0042F8D0B2F5001F28BF704754
:10AD800001F000414FF0000070479EEA445F07D099
:10AD900011EA5E0FBDE8104004BF0021002070479B
:10ADA000BDE8104070B5FFF7A3FD00BF40DFF63EE1
:10ADB00083F00041104670470000E0FF43004FEA77
:10ADC000D30C4FEA3C0C43401FBF40070CF16051CD
:10ADD00013F0FE4F70471CF0006F03D100200CF001
:10ADE000004170470CF0004343EA507010B540EA50
:10ADF000CC0000F062FA00BF000000924FEA0001B0
:10AE0000FFF7C4BD4FF000414FF00000A1F5002155
:10AE10007047000090EA010F48BF81F0004100F147
:10AE20000A83421A3CBF801A89184FEAD0524FF069
:10AE30007F4C1CEA410FA2EBD15318BF9CEA026F72
:10AE400000F03B804FF0004C4CEA00204CEA01211E
:10AE500021FA03FC10EB0C0C1ED202F1FF325FEA68
:10AE60001C2040EBC25038BF70471CF07F0F4FEAE8
:10AE7000400C18BFBCF17F4F38BF7047C3F12003AF
:10AE8000994008BF20F00100BCF17F4F38BF7047E8
:10AE9000A0F1C04000F057BA4FEA3C00000A40EB76
:10AEA000C25028BF1CF0FF0F4FEA400CE6D018BF7D
:10AEB000BCF17F4F38BF7047EAE79CEA026F05D0CC
:10AEC00010EA5C0F08BF00F00040704710B500F0BA
:10AED000F4F900BF64FBBE3E014800F01CBB00BF9C
:10AEE0000000C07F401058BFC0F14040491058BF1B
:10AEF000C1F140418142EFF3008070474FF47F0C75
:10AF00001CEAD0121EBF1CEAD11392EA0C0F93EA7E
:10AF10000C0F00F0858090EA010F48BF42F4807268
:10AF200040F4000C41F400002CF07F4120F07F4001
:10AF300000B58142A2EB03020FF2081CACEB504EAD
:10AF4000C0F100009EF800E04FEA4E0E00FB0EFC40
:10AF500038BF49004FEA2C1C02F5FA020CFB0EF335
:10AF60004FEACE1E4FEA112C4FEAC1210EEB635E71
:10AF700042EB22420EFB0CFC4FEA1C5300FB031178
:10AF80004FEA112C4FEA01310EFB0CFC4FEADC4C6E
:10AF900000FB0C11C14228BF09184CEB03335DF8CC
:10AFA00004EB10EB410143EBC250B2F57C0F38BF0C
:10AFB000704729D512F0F00F1CBF00F1C04000F01F
:10AFC00000407047008182838485868788898B8CC6
:10AFD0008D8E8F919293959697999A9C9D9FA0A202
:10AFE000A3A5A7A8AAACAEB0B2B3B5B7B9BCBEC052
:10AFF000C2C5C7C9CCCED1D4D7D9DCDFE2E6E9ECF3
:10B00000F0F3F7FAFE0000004FEA400C0CF1807CF0
:10B01000BCF17E4F28BF7047B0F1C04000F093B93B
:10B0200090EA010F0CEAD11348BF42F480726245E6
:10B0300038BF634507D213F47F0F16D080EA0100B2
:10B0400000F00040704710B500F037F9097EFC3E73
:10B0500000F005B880EA010000F00040704780EA87
:10B06000010000F0004000F06EB912F47F0F04BF41
:10B070000248704780EA010000F065B90000C07F17
:10B0800041000B0ED3F19E0208D950F400034FEAA1
:10B09000032323FA02F048BF4042704710B500F086
:10B0A0000CF900BF49922480002070476FF00042E5
:10B0B00082EA200070470000C10DD1F19E0206DB3C
:10B0C0004FEA002343F0004323FA02F070470042A6
:10B0D00007D54FEA4001B1F1FE4F02D24FF0000018
:10B0E000704710B500F0E9F84992248000207047BD
:10B0F0006FEA20007047000010F0004148BF404256
:10B10000B0FA80F310FA03F2C3F19D030BD051EAB9
:10B11000C35101EB1220530638BF704700F1010004
:10B1200008BF20F001007047B0FA80F310FA03F274
:10B13000C3F19D030AD0D90501EB1220530638BF95
:10B14000704700F1010008BF20F0010070470000C7
:10B1500050EA010C00F113801CF5000F58BFBCF53C
:10B16000000F01D48842704707D710F5000F58BF71
:10B1700011F5000F15D488427047894270471CF5BD
:10B18000000F04D5BCF5000FF7D5814270474FF092
:10B19000807C1CEB400F38BF1CEB410F01D2814279
:10B1A000704710B500F089F8922449004FF0005024
:10B1B0004FF08051FFF796BE4FF47F0C1CEAD0127F
:10B1C0001EBF1CEAD11392EA0C0F93EA0C0F00F099
:10B1D000478090EA010F48BF42F480724FF0004C64
:10B1E0004CEA00204CEA012102EB0302A0FB011310
:10B1F000A2F50002002918BF43F001035B0028BF3D
:10B200004FEA330342EB22425FEA132C4CEBC2506D
:10B210002EBFBCEB436FB2F57C0F70474FEA036C57
:10B22000BCF1004F08BF20F00100B2F57C0F38BF21
:10B2300070470BD582F0FF0212F5803FC8BF704700
:10B2400000F1C040D8BF00F00040704700F5000C8E
:10B250005FEA4C0C48BF7047B0F1C04000F073B8D3
:10B2600090EA010F0CEAD11348BF42F480726245A4
:10B2700038BF634504D280EA010000F00040704707
:10B2800010B500F01AF800BF8900013E00F007B8C1
:10B2900000F009B85FEA410C5FEA1C6C08D080EA54
:10B2A000010000F050B85FEA400C5FEA1C6CF6D178
:10B2B0004FF00040A0F5800070470EF1020E2EF016
:10B2C000030E5EF8044B244204D44FEA4102B2F16B
:10B2D0007F4F11D84FEA4003B3F17F4F0CD80ED106
:10B2E0004FEAD07CB2F17F4F0CEB4C0C0CF1020C0E
:10B2F00008BF4CEBD17C04E04FF0080C01E04FEAB2
:10B30000D17C0CEB4C0324FA03F404F00704B4F1F1
:10B31000040C06D20EEB840CBDE810404CF0010C7E
:10B320006047DFE80CF0070802024FF00040A0F58C
:10B33000800010BD0846420018BFD2F1807288BF5D
:10B3400000F0004010BDFF2141EAD050C005704719
:10B3500051EA000C00F113801CF5000F58BFBCF53A
:10B36000000F01D48142704707D711F5000F58BF75
:10B3700010F5000F15D481427047894270471CF5C3
:10B38000000F04D5BCF5000FF7D5884270474FF089
:10B39000807C1CEB410F38BF1CEB400F01D2884270
:10B3A000704780EA010081EA000180EA0100FFF7AE
:10B3B000F8BE00005FEA400C5FEA1C6CBCF17F0342
:10B3C00014D4D3F1170240F31C804FF0010C0CFA97
:10B3D00002FCACF101030340B3EB5C0220EA030082
:10B3E00008BF10EA0C0F88BF60447047B3F1FF3FFD
:10B3F00028BF5FEA002C00F0004088BF40F07E507C
:10B400007047BCF1FF0FB8BF704710B5FFF755FF8D
:10B4100040DBB6BE80F0004090EA010F7FF501AD41
:10B4200081F0004100F007B890EA010F48BF81F0B9
:10B4300000413FF5F6AC421A04D882F00042A0EB7E
:10B44000020011444FEAD0524FF07F4C1CEA410FEA
:10B45000A2EBD15318BF9CEA026F4AD04FF0004CC8
:10B460004CEA00204CEA012121FA03FCB0EB0C0C61
:10B470000FD412F0FE0F36D05FEA4C001DD500123B
:10B4800040EBC25038BF70471CF03F0F18BF7047E9
:10B490000BE0A2F101025FEA1C2040EBC25038BF72
:10B4A00070471CF07F0F18BF7047C3F1200399400D
:10B4B00014BF401E20F00100704780084FEA12239D
:10B4C00008BF7047B0FA80FCA2EB0C02CCF1280C4C
:10B4D00060FA0CF093EA122F04BF00EBC2507047E1
:10B4E0004FEAC3707047130A5FEADC1008BF704769
:10B4F000F6E79CEA026F04D010EA5C0F08BF002058
:10B50000704710B5FFF7D9FE40DFF63E81F00040EE
:10B510007047F5F7E9B90CF00F03092B08BF0820B5
:10B5200000F07F800A2B0BD0082B18BF704708BF94
:10B530001CF0400F0AD04FF000004FF000017047A0
:10B540001CF0400F18BF4FF0004070471CF0100F68
:10B5500008D020F0704300F07F4242EAD3014FEA66
:10B560004370704700F0604021F07F4242EA0002E1
:10B5700001F07F4040EA727070474FF0FF0C4CF4CE
:10B58000E06C1CEA11531CBF9CEA030C9445C2BF3B
:10B59000DA4201EB02517047002B0DD0BCF1000FD5
:10B5A0000FD0002A01F00041A4BF41F0E04141F07A
:10B5B0007F614FF00000704701F000414FF0000044
:10B5C000704750EA01334FF09B0C18BF4CF0806C71
:10B5D0007EF4E2AE70474FF0FF0212EAD0521CBF79
:10B5E00092F0FF038B42C2BFD14200EBC1507047C3
:10B5F000002A0AD0002B0BD0002900F00040A4BF85
:10B6000040F0FE4040F40000704700F000407047FA
:10B6100043024FF00B0C18BF4CF0806C7FF45CAC15
:10B6200070471CF4801F11D01CF4E02F03D06FEA88
:10B63000CC31490070474FF04050EFF3008222F0C8
:10B64000704242EA000282F3008870474FF0000027
:10B650007047010202030405060708090A0B0C0DD6
:10B660000E0F1010010202030405060708090A0B59
:10B670000C0D0E0F10100000000000000000010271
:10B68000030406070809000000000102030400008B
:10B6900000000000000000000000000000003F402B
:10B6A00000000000000000003000400030004000BA
:10B6B000000009000BC03D000BC03D00090018C090
:10B6C00024407FE0224031800000180024C01B008D
:10B6D0000D803240018003801C4027401C800740C1
:10B6E00000401000600000000000000000000000AA
:10B6F000000000001F80204040200000402020402B
:10B700001F8000000000090006001F8006000900DD
:10B710000000040004003F8004000400000000104A
:10B7200000600000000000000000040004000400AD
:10B7300004000400000000000040000000000000C1
:10B740000000002001C006003800400000001F80FB
:10B750002040204020401F800000000010403FC0DB
:10B7600000400000000018C0214022402440184042
:10B77000000010802040244024401B800000020074
:10B780000D0011003FC0014000003C8024402440D7
:10B790002440238000001F80244024403440038044
:10B7A00000003000200027C03800200000001B806F
:10B7B0002440244024401B8000001C0022C0224062
:10B7C00022401F8000000000000008400000000030
:10B7D0000000000000000460000000000000000005
:10B7E00004000A00110020804040090009000900FF
:10B7F00009000900000000004040208011000A00FC
:10B8000004001800200023402400180000001F80BE
:10B810002040274029401F400000004007C0390059
:10B820000F0001C0004020403FC0244024401B8046
:10B8300000001F8020402040204030800000204039
:10B840003FC0204020401F80000020403FC02440D7
:10B850002E4030C0000020403FC024402E00300069
:10B8600000000F0010802040224033800200204062
:10B870003FC0040004003FC02040204020403FC0A3
:10B880002040204000000060202020203FC02000F9
:10B89000200020403FC024400B0030C0204020400A
:10B8A0003FC020400040004000C03FC03C0003C0FB
:10B8B0003C003FC0000020403FC00C4023003FC080
:10B8C00020001F802040204020401F80000020409A
:10B8D0003FC024402400180000001F802140214068
:10B8E00020E01FA0000020403FC02440260019C0D7
:10B8F000004018C024402440224031800000300025
:10B9000020403FC020403000000020003F80004029
:10B9100000403F80200020003E0001C007003800AA
:10B920002000380007C03C0007C03800000020405D
:10B9300039C0060039C0204000002000384007C050
:10B94000384020000000304021C02640384020C050
:10B950000000000000007FE04020402000000000C8
:10B9600070000C00038000400000000040204020D8
:10B970007FE00000000000002000400020000000E8
:10B980000000001000100010001000100010000057
:10B9900000004000000000000000000002800540A0
:10B9A000054003C0004020003FC004400440038025
:10B9B0000000000003800440044006400000000036
:10B9C0000380044024403FC0004000000380054045
:10B9D000054003400000000004401FC024402440F4
:10B9E0002000000002E005500550065004202040D1
:10B9F0003FC00440040003C000400000044027C0D2
:10BA000000400000000000100010041027E00000BB
:10BA1000000020403FC00140070004C00440204017
:10BA200020403FC000400040000007C0040007C0A5
:10BA3000040003C00000044007C00440040003C029
:10BA40000040000003800440044003800000041014
:10BA500007F004500440038000000000038004400D
:10BA6000045007F00010044007C002400400040026
:10BA70000000000006400540054004C00000000032
:10BA800004001F80044000400000040007800040C4
:10BA9000044007C000400400070004C00180060005
:10BAA0000400060001C0070001C0060000000440B9
:10BAB00006C0010006C0044000000410071004E0A6
:10BAC0000180060004000000044005C00640044058
:10BAD00000000000000004007BE0402000000000A7
:10BAE00000000000FFF000000000000040207BE0AC
:10BAF0000400000000004000800040002000200002
:10BB000040000000000000000000000000000000F5
:10BB100000000000000000001FCC000C000000002E
:10BB200000000000080030006000080030006000E5
:10BB30000000022003FC1E20022003FC1E20022025
:10BB4000000000000E1811043FFF10840C78000064
:10BB500000000F0010840F3800C0077818840078A8
:10BB6000000000780F8410C411240E9800E40084B3
:10BB700000080800680070000000000000000000DD
:10BB8000000000000000000007E018182004400238
:10BB90000000000040022004181807E00000000028
:10BBA00000000240024001800FF00180024002408C
:10BBB00000000080008000800FF80080008000807E
:10BBC00000000001000D000E000000000000000059
:10BBD0000000000000800080008000800080008065
:10BBE00000800000000C000C0000000000000000BD
:10BBF0000000000000060018006001800600180028
:10BC00002000000007F0080810041004080807F0DE
:10BC100000000000080408041FFC000400040000E9
:10BC2000000000000E0C10141024104411840E0C9F
:10BC3000000000000C1810041104110412880C708C
:10BC40000000000000E00320042408241FFC00245E
:10BC5000000000001F981084110411041088107057
:10BC60000000000007F00888110411041888007013
:10BC7000000000001C00100010FC13001C0010004D
:10BC8000000000000E3811441084108411440E3856
:10BC9000000000000700088C10441044088807F0DA
:10BCA0000000000000000000030C030C0000000076
:10BCB000000000000000000101060000000000007C
:10BCC0000000000000800140022004100808100459
:10BCD0000000022002200220022002200220022076
:10BCE0000000000010040808041002200140008039
:10BCF000000000000E001200100C106C10800F00ED
:10BD0000000003E00C1813E4142417C4082807D01B
:10BD100000000004003C03C41C40074000E4001C79
:10BD2000000410041FFC1104110411040E8800709B
:10BD3000000003E00C1810041004100410081C107C
:10BD4000000010041FFC100410041004080807F081
:10BD5000000010041FFC1104110417C4100408187B
:10BD6000000010041FFC1104110017C0100008008F
:10BD7000000003E00C181004100410441C7800406C
:10BD8000000010041FFC10840080008010841FFC41
:10BD900010040000100410041FFC10041004000024
:10BDA000000000030001100110011FFE1000100030
:10BDB000000010041FFC110403801464181C1004FC
:10BDC000000010041FFC1004000400040004000C18
:10BDD000000010041FFC1F0000FC1F001FFC1004CB
:10BDE000000010041FFC0C04030000E010181FFCEE
:10BDF000100007F00808100410041004080807F0E9
:10BE0000000010041FFC10841080108010800F00B0
:10BE1000000007F0081810241024101C080A07F26C
:10BE2000000010041FFC1104110011C011300E0C91
:10BE3000000400000E1C11041084108410441C38EF
:10BE400000001800100010041FFC1004100018005F
:10BE5000000010001FF810040004000410041FF874
:10BE6000100010001E0011E0001C007013801C0068
:10BE700010001FC0103C00E01F0000E0103C1FC07D
:10BE800000001004180C163401C001C01634180C40
:10BE9000100410001C00130400FC13041C0010000C
:10BEA00000000804101C1064108413041C041018F3
:10BEB00000000000000000007FFE4002400240023F
:10BEC0000000000030000C0003800060001C000334
:10BED000000000004002400240027FFE000000001F
:10BEE0000000000000002000400040004000200052
:10BEF000000000010001000100010001000100013B
:10BF00000001000040004000200000000000000090
:10BF1000000000000098012401440144014400FC99
:10BF2000000410001FFC0088010401040088007058
:10BF30000000000000700088010401040104008872
:10BF400000000000007000880104010411081FFCBB
:10BF50000004000000F8014401440144014400C809
:10BF600000000000010401040FFC11041104110081
:10BF70001800000000D601290129012901C9010684
:10BF8000000010041FFC008401000100010400FCFB
:10BF9000000400000104190419FC0004000400005E
:10BFA00000000000000300010101190119FE00005A
:10BFB000000010041FFC0024004001B4010C010427
:10BFC00000000000100410041FFC00040004000026
:10BFD0000000010401FC0104010001FC0104010056
:10BFE00000FC010401FC008401000100010400FCCC
:10BFF0000004000000F8010401040104010400F839
:10C000000000010101FF00850104010400880070A7
:10C01000000000000070008801040104010501FF18
:10C0200000010104010401FC0084010401000180FD
:10C030000000000000CC0124012401240124019807
:10C04000000000000100010007F8010401040000E5
:10C050000000010001F8000400040004010801FCD4
:10C060000004010001800170000C001001600180DB
:10C07000010001F0010C003001C00030010C01F0A2
:10C08000010000000104018C00740170018C0104A6
:10C090000000010101810171000E001801600180A2
:10C0A000010000000184010C013401440184010CF1
:10C0B0000000000000000000000001003EFC400203
:10C0C00040020000000000000000FFFF0000000030
:10C0D00000000000400240023EFC010000000000A1
:10C0E0000000000060008000800040004000200050
:10C0F00020006800000476005401F7FD0001751966
:10C100001A0C6A231B1C1F207274433B4138393AB6
:10C110006B6C376F06246D6E7000000083000000AA
:10C120000008000000010018320005000000204156
:10C130000000D242295C0F3E9A99993E3333733FF7
:10C14000295C0F3E00007000000000240000000287
:10C150000003000000650054FFEF0000FA80000BB0
:10C1600012820001030C30C30E8C8CE914D54002FE
:10C1700013710F8E3883F8833000F883258EF8838F
:10C180003000F883FFFFFFFF0FFEA9D62400040054
:10C190001A8279A10000003CFFFF0000001000009F
:10C1A00038836FA2003E03304000000002CAE3095A
:10C1B0003E80000020000000000000004000000061
:10C1C00060000000000C0000000C186E00000692D9
:10C1D0000A16C0DFFFFF0256FD8CD377FFE1C4963D
:10C1E000E0C5BEAA00000000FFFF0B2B00001657A1
:10C1F000000003594000000000001DFA00026C1D01
:10C20000000000003FFFDFEB003EB3B6000D2278D8
:10C2100000002F3C00000000001942B5000039A2C8
:10C220000000B365D90E9FC91DCF4C34300000000B
:10C23000500000003BB67AE80064000000C800002F
:10C2400000000000100000001000FA921000225EB2
:10C25000000D229F0001000000320000FF46000098
:10C2600063D400001000000004D6000004CC0000DD
:10C2700004CC00000000107200000040000000002C
:10C28000000000000006000200050007000000009A
:10C2900000640000000000000000000500050064CC
:10C2A000002000000000000000000000000040002E
:10C2B0000000030000000032F8980000FF65000055
:10C2C000830F0000FF9BFC00000000000000000046
:10C2D000000000000000000000000000000000005E
:10C2E000000000000000000000000000000000004E
:10C2F0000000100040000000000000060000B26ACC
:10C30000000200000001FB830068000000D9FC006F
:10C310007CF1FF830000000000650000006403E87A
:10C3200000640028000000250000000016A00000A6
:10C330000000100000001000002F0000000001F4B9
:10C340000000100000280000FFFF4581FFFFFA7287
:10C350000000000000000000004400050005BAC60F
:10C36000004778A200000001000000000000060065
:10C37000000000140000254D002F706D000005AE78
:10C38000000C02D0000000000000000000000000CF
:10C3900000000000001B0000000000000000000082
:10C3A0000000000000640000000800000000000021
:10C3B000000000000000000000000000000000007D
:10C3C000000000000000000000000000000000006D
:10C3D000000000000000000000000000000000005D
:10C3E000000000000000000000000000000000004D
:10C3F000000000000000000000000000000000003D
:10C4000000000000001B0000000000000000000011
:10C41000000E000E00000AC70004000000000032F9
:10C42000FFFFFF9C00000B2B00000002000000013A
:10C4300000000064FFE500000000000000000000B4
:10C4400000000000000000010000000000010000EA
:10C450000000000000018000000180000001800059
:10C46000002426D300000000000000000006001099
:10C470000096003C000000000000000000000000EA
:10C48000000000000C0A4E68CDCF7709501667599E
:10C49000C619CE820000000000000000000000006D
:10C4A00000000000000000000000000017D784001A
:10C4B000030000000000000000000000C7938F9DF3
:10C4C0001E1B1C19000000000000000000000000FE
:10C4D00000000000000000000000000002031885BA
:10C4E0000000400000000003000000030000000006
:10C4F00000000000400000000000000000000000FC
:10C50000000000000000000000000000000000002B
:10C51000000000000000000000000000000000001B
:10C520000000000000000000677DDF7E72902E5545
:10C530004CF6E6880000000000000000000000004B
:10C5400000000000D8DCB4B8B0D8B9ABF3F8FAB347
:10C55000B7BB8E9EAEF132F51BF1B4B8B08097F147
:10C56000A9DFDFDFAADFDFDFF2AAC5CDC7A90CC9CB
:10C570002C97F1A989264666B28999A92D557DB0D7
:10C58000B08AA896365676F1BAA3B4B280C0B8A8DD
:10C590009711B28398BAA3F0240844106418B2B972
:10C5A000B49883F1A329557DBAB5B1A38393F00064
:10C5B0002850F5B2B6AA839328547CF1B9A382938C
:10C5C00061BAA2DADEDFDB819AB9AEF5606870F19C
:10C5D000DABAA2DFD9BAA2FAB9A38292DB31BAA23F
:10C5E000D9BAA2F8DF85A4D0C1BBAD83C2C5C7B894
:10C5F000A2DFDFDFBAA0DFDFDFD8D8F1B8AAB38DC2
:10C60000B4980D355DB2B6BAAF8C96198F9FA70E50
:10C61000161EB49AB8AA872C547CBAA4B08AB691D4
:10C62000325676B28494A4C808CDD8B8B4B0F19983
:10C6300082A82D557D98A80E161EA22C547C92A47B
:10C64000F02C5078F184A898C4CDFCD80DDBA8FC60
:10C650002DF3D9BAA6F8DABAA6DED8BAB2B686965B
:10C66000A6D0F3C841DAA6C8F8D8B0B4B882A89268
:10C67000F52C548898F135D9F418D8F1A2D0F8F9EE
:10C68000A884D9C7DFF8F883C5DADF69DF83C1D8AA
:10C69000F40114F1A8824EA884F311D182F5D99245
:10C6A000289788F109F41C1CD884A8F3C0F9D1D9C3
:10C6B0009782F129F40DD8F3F9F9D1D982F4C203A4
:10C6C000D8DEDF1AD8F1A2FAF9A88498D9C7DFF822
:10C6D000F8F883C7DADF69DFF883C3D8F40114F10F
:10C6E00098A8822EA884F311D182F5D99250978808
:10C6F000F109F41CD884A8F3C0F8F9D1D99782F1D4
:10C7000049F40DD8F3F9F9D1D982F4C403D8DEDFA6
:10C71000D8F1AD8898CCA809F9D98292A8F57CF116
:10C72000883ACF944A6E98DB6931DAADF2DEF9D8F7
:10C730008795A8F221D1DAA5F9F417D9F1AE8ED0F8
:10C74000C0C3AE82C684C3A88595C8A588F2C0F1CF
:10C75000F4010EF18E9EA8C63E56F554F18872F48F
:10C760000115F19845856EF58E9E0488F142985A20
:10C770008E9E068869F4011CF1981E1108D0F504FC
:10C78000F11E970202983625DBF9D985A5F3C1DAA7
:10C7900085A5F3DFD88595A8F309DAA5FAD88292A2
:10C7A000A8F578F1881A849F26889821DAF41DF379
:10C7B000D8879F39D1AFD9DFDFFBF9F40CF3D8FA72
:10C7C000D0F8DAF9F9D0DFD9F9D8F40BD8F3879F8C
:10C7D00039D1AFD9DFDFF41DF3D8FAFCA869F9F934
:10C7E000AFD0DADEFAD9F88F9FA8F1CCF398DB4509
:10C7F000D9AFDFD0F8D8F18F9FA8CAF38809DAAF94
:10C800008FCBF8D8F2AD978D0CD9A5DFF9BAA6F386
:10C81000FAF412F2D8950DD1D9BAA6F3FADAA5F244
:10C82000C1BAA6F3DFD8F1BAB2B68696A6D0CAF3DB
:10C8300049DAA6CBF8D8B0B4B8D8AD84F2C0DFF1ED
:10C840008FCBC3A8B2B68696C8C1CBC3F3B0B488A9
:10C8500098A821DB718D9D71859521D9ADF2FAD80B
:10C860008597A828D9F408D8F28D29DAF405D9F2E9
:10C8700085A4C2F2D8A88D9401D1D9F411F2D88739
:10C8800021D8F40AD8F28498A8C801D1D9F411D8D3
:10C89000F3A4C8BBAFD0F2DEF8F8F8F8F8F8F8F86F
:10C8A000D8F1B8F6B5B9B08A95A3DE3CA3D9F8D8CB
:10C8B0005CA3D9F8D87CA3D9F8D8F8F9D1A5D9DFE9
:10C8C000DAFAD8B18530F7D9DED8F830ADDADED86B
:10C8D000F2B48C99A32D557DA083DFDFDFB591A045
:10C8E000F629D9FBD8A0FC29D9FAD8A0D051D9F87B
:10C8F000D8FC51D9F9D879D9FBD8A0D0FC79D9FA8C
:10C90000D8A1F9F9F9F9F9A0DADFDFDFD8A1F8F851
:10C91000F8F8F8ACDEF8ADDE8393AC2C547CF1A8CB
:10C92000DFDFDFF69D2CDAA0DFD9FADB2DF8D8A8FF
:10C9300050DAA0D0DED9D0F8F8F8DB55F8D8A878CE
:10C94000DAA0D0DFD9D0FAF8F8F8F8DB7DF8D89C77
:10C95000A88CF530DB38D9D0DEDFA0D0DEDFD8A858
:10C9600048DB58D9DFD0DEA0DFD0DED8A868DB7086
:10C97000D9DFDFA0DFDFD8F1A888902C547C98A8FD
:10C98000D05C38D1DAF2AE8CDFF9D8B087A8C1C15B
:10C99000B188A8C6F9F9DA36D8A8F9DA36D8A8F9EC
:10C9A000DA36D8A8F9DA36D8A8F9DA36D8F78D9D6C
:10C9B000ADF818DAF2AEDFD8F7ADFA30D9A4DEF967
:10C9C000D8F2AEDEFAF983A7D9C3C5C7F1889BA711
:10C9D0007AADF7DEDFA4F8849408A797F300AEF2EF
:10C9E0009819A488C6A39488F632DFF28393DB09F2
:10C9F000D9F2AADFD8D8AEF8F9D1DAF3A4DEA7F1DC
:10CA0000889B7AD8F38494AE19F9DAAAF1DFD8A812
:10CA100081C0C3C5C7A39283F628ADDED9F8D8A3D9
:10CA200050ADD9F8D8A378ADD9F8D8F8F9D1A1DAB2
:10CA3000DEC3C5C7D8A18194F818F2B089ACC3C5CC
:10CA4000C7F1D8B8B4B09786A8319B069907AB97C1
:10CA500028889BF00C201440B0B4B8F0A88A9A281B
:10CA60005078B79BA8295179247059446938644893
:10CA700031F1BBAB88002C547CF0B38BB8A80428F0
:10CA80005078F1B088B49726A85998BBABB38B0205
:10CA9000264666B0B8F08A9CA82951798B2951792D
:10CAA0008A2470598B2058718A4469388B394068C0
:10CAB0008A6448318B30496088F1AC002C547CF09A
:10CAC0008CA804285078F1889726A85998AC8C0235
:10CAD000264666F0899CA829517924705944693802
:10CAE000644831A98809205970AB11384069A819E8
:10CAF0003148608CA83C415C207C00F18798198605
:10CB0000A86E767EA999882D557DD8B1B5B9A3DFD9
:10CB1000DFDFAED0DFAAD0DEF2ABF8F9D9B087C440
:10CB2000AAF1DFDFBBAFDFDFB9D8B1F1A3978E6029
:10CB3000DFB084F2C8F8F9D9DED89385F14AB18321
:10CB4000A308B5839A0810B79F10D8F1B0BAAEB059
:10CB50008AC2B2B68E9EF1FBD9F41DD8F9D90CF178
:10CB6000D8F8F8AD61D9AEFBD8F40CF1D8F8F8AD2F
:10CB700019D9AEFBDFD8F416F1D8F8AD8D61D9F430
:10CB8000F4ACF59C9C8DDF2BBAB6AEFAF8F40BD85A
:10CB9000F1AED0F8AD51DAAEFAF8F1D8B9B1B6A32A
:10CBA000839C08B9B1839AB5AAC0FD3083B79F10A2
:10CBB000B58B93F20202D1ABDADED8F1B080BAAB1A
:10CBC000C0C3B284C1C3D8B1B9F38BA391B609B4C1
:10CBD000D9ABDEB0879CB9A3DDF1B38B8B8B8B8B8C
:10CBE000B087A3A3A3A3B28BB69BF2A3A3A3A3A3D3
:10CBF000A3A3A3A3A3F1B087B59AA3F39BA3A3DC3C
:10CC0000BAACDFB9A3A3A3A3A3A3A3A3A3A3A3A382
:10CC1000A3A3A3A3D8D8D8BBB3B7F1AAF9DAFFD995
:10CC2000809AAA28B48098A720B79787A86688F02A
:10CC30007951F1902C870CA781976293F071716004
:10CC400085940129517990A5F1284C6C870C951891
:10CC50008578A38390284C6C886CD8F3A28200F26C
:10CC600010A8921980A2F2D926D8F188A84DD948E7
:10CC7000D896A83980D93CD89580A839A68698D965
:10CC80002CDA87A72CD8A8899519A980D938D8A8D3
:10CC90008939A980DA3CD8A82EA83990D90CD8A80F
:10CCA000953198D90CD8A809D9FFD801DAFFD895C1
:10CCB00039A9DA26FFD890A80D8999A81080982163
:10CCC000DA2ED88999A83180DA2ED8A886963180B4
:10CCD000DA2ED8A8873180DA2ED8A88292F3418044
:10CCE000F1D92ED8A882F31980F1D92ED882ACF3CD
:10CCF000C0A28022F1A62EA72EA92298A829DAACDC
:10CD0000DEFFD8A2F22AF1A92E8292A8F23180A6E3
:10CD100096F1D900AC8C9C0C30ACDED0DEFFD88C08
:10CD20009CACD010ACDE8092A2F24C82A8F1CAF288
:10CD300035F19688A6D900D8F1FF00000000000068
:10CD4000CF2E36BECF2E36BEEBAB8ABEEBAB8ABE45
:10CD5000C89FDB416A090FC0531FBDC20CE76CC1FD
:10CD600017B7D13817B7D1380AD7A33B0000000056
:10CD70000000803F000000000000803F0000000035
:10CD80000AD7A33B000000000000803F0000000025
:10CD90000000803F000000000000803F0000000015
:10CDA000000000000000803F0000803F0AD7A3BBC6
:10CDB000000000000000803FFFE6DB2E00000000C6
:10CDC00000000000FFE6DB2E0000803F00000000B6
:10CDD0000AD7A3BB0000803F0000803F0000000096
:10CDE000000000000000803F0000803F0AD7A3BB86
:10CDF000000000000000803FFFE6DB2E0000000086
:10CE000000000000FFE6DB2E0000803F0000000075
:10CE10000AD7A3BB0000803F555555555555C53F12
:10CE20007D6FEB0312D6D4BF5544880E55C1C93F60
:10CE30003B8F68B52882A4BF88B20175E0EF493FF7
:10CE400009F7FD0DE13D023F4B2D8A1C273A03C037
:10CE5000C88A599CE52A004059018D1B6C06E6BF23
:10CE600082922EB1C5B8B33F000000000000F03F31
:10CE7000000000000000F83F00000000000000007B
:10CE80000000004003B8E23F000000000000000086
:10CE900006D0CF43EBFD4C3E033333333333E33F14
:10CEA000FFAB6FDBB66DDB3F4D268F515555D53F40
:10CEB00001411DA96074D13F65DBC9934A86CD3F0E
:10CEC000EF4E454A287ECA3F3E5555555555C53FFC
:10CED00093BDBE166CC166BF2CDE25AF6A56113FEE
:10CEE000F16BD2C541BDBBBED0A4BE726937663EF0
:10CEF0004FBB610567ACDD3F182D4454FB21E93F72
:10CF00009BF681D20B73EF3F182D4454FB21F93F60
:10CF1000E2652F227F2B7A3C075C143326A6813CE6
:10CF2000BDCBF07A8807703C075C143326A6913C91
:10CF3000C4EB98999999C9BF711623FEC671BCBFFD
:10CF40006D9A74AFF2B0B3BF9AFDDE522DDEADBF65
:10CF50002F6C6A2C44B4A2BF0D5555555555D53F7D
:10CF6000FF8300922449C23F6E204CC5CD45B73F98
:10CF7000513DD0A0660DB13FEB0D76244B7BA93F10
:10CF800011DA22E33AAD903F0000803F0030983F35
:10CF90000000B53F0040D73F00000000320A7E3954
:10CFA0007F661E395B991F390000803FF037983F3C
:10CFB000F304B53FFD44D73F00000000000000002F
:10CFC00002400000000000A000000000054000003A
:10CFD000000000C8000000000C4000000000409C61
:10CFE00000000000194000000020BCBE000000004E
:10CFF00034400000BFC91B8E00000004B540000093
:10D00000504BCFD06607E2CF010000006C4100001A
:10D010003E8251AADFEEA73401000000D942000091
:10D02000DCB5A0E23A301F97FFFFFFFFB4450000D8
:10D03000FD25A0C8E9A3C14FFFFFFFFFFF3F000090
:10D040000000008000000000FF3F000000000080A2
:10D050000000000050726F647563742049442072B0
:10D06000656164206173203020696E646963617456
:10D0700065732064657669636520697320656974EA
:10D0800068657220696E636F6D70617469626C654A
:10D09000206F7220616E204D5055333035302E0D8B
:10D0A0000A0000002B434F4E4E454354494E473C27
:10D0B0003C30303A30303A30303A30303A30303A32
:10D0C00030300D0A000000002B434F4E4E454354B4
:10D0D00045440D0A000000002B5041495241424C8A
:10D0E000450D0A002B444953433A53554343455396
:10D0F000530D0A002B52454144590D0A000000000F
:10D100007B252E33663A252E33663A252E33663A32
:10D11000252E33663A252E33663A252E33663A2578
:10D120002E33663A252E33663A252E33663A252E5F
:10D1300033663A252E33663A252E33663A252E334A
:10D14000667D0D0A0000000084D100080000002068
:10D15000340300006C01000808D2000834030020EA
:10D160000C290000C80100081C000000430000005A
:10D17000F8FFFFFF0C0000000E0000000F00000091
:10D180002E00000012011202021501091416791E68
:10D19000091C1F012529438210031524F413FEC026
:10D1A0001B08F20401206B1CC1240324803F5AFF9A
:10D1B0000449C70B1C0142A81202120312041205F3
:10D1C00012061A07671209120A120B120C120D121C
:10D1D0000E8A0FC2011913A4D01B08C8041AE40454
:10D1E0001AF4041AD8040140150AD7233C35C0416B
:10D1F0004523B219028F0505620AD7A33BCB803FB6
:08D200000CE910094C5000007C
:0400000508000131BD
:00000001FF
