:020000040800F2
:10000000402C00202D0200084157000851460008EE
:10001000F1560008BD1800084D68000800000000F7
:10002000000000000000000000000000B9600008AF
:10003000B11B000800000000D75E00080161000845
:10004000470200084702000847020008470200086C
:10005000470200084702000847020008470200085C
:10006000470200084702000847020008470200084C
:10007000470200084702000847020008470200083C
:10008000470200084702000847020008470200082C
:10009000470200084702000847020008B31B000897
:1000A000470200084702000847020008470200080C
:1000B00047020008470200084702000847020008FC
:1000C00047020008470200084702000847020008EC
:1000D000470200084702000847020008E9670008D5
:1000E00047020008470200084702000847020008CC
:1000F00047020008470200084702000847020008BC
:1001000047020008470200084702000847020008AB
:10011000196400083164000847020008470200081B
:100120004702000847020008491900084702000872
:1001300000F002F800F06AF80AA090E8000C82448F
:100140008344AAF10107DA4501D100F05FF8AFF26C
:10015000090EBAE80F0013F0010F18BFFB1A43F0A5
:1001600001031847CCCF0000ECCF00000A444FF049
:10017000000C10F8013B13F0070408BF10F8014B06
:100180001D1108BF10F8015B641E05D010F8016B4B
:10019000641E01F8016BF9D113F0080F1EBF10F8AF
:1001A000014BAD1C0C1B09D16D1E58BF01F801CBD2
:1001B000FAD505E014F8016B01F8016B6D1EF9D555
:1001C0009142D6D37047000000230024002500266A
:1001D000103A28BF78C1FBD8520728BF30C148BFAA
:1001E0000B60704766290BF08881642900F08680D7
:1001F000002070471FB500F0DDFC04000020002146
:1002000009F0CEFFE0601FBD10B510BD00F0D6FDB7
:100210001146FFF7EFFF08F053F900F0F4FD03B4C7
:10022000FFF7F2FF03BC06F02DFC000009488047F1
:1002300009480047FEE7FEE7FEE7FEE7FEE7FEE7C8
:10024000FEE7FEE7FEE7FEE704480549054A064BE0
:10025000704700007F61000831010008402600203F
:10026000402C00204028002040280020704710B576
:100270004C1084EA530404D54042C1F1000138BF58
:10028000491E1B4204D55242C3F1000338BF5B1E16
:1002900000F078F914F0804F04D04042C1F1000121
:1002A00038BF491E14F0004F04D05242C3F100037E
:1002B00038BF5B1E10BD00000FB4044910B503AA7F
:1002C000029800F065FC10BC5DF814FB780000207B
:1002D0000FB41CB5084B06AA7B44694600900598EC
:1002E00000F03DFC04460020694600F04BFC20462F
:1002F0001CBC5DF814FB0000A90800002DE9F041CA
:100300000646002410687529314616A510D0AFF3B3
:100310000080002802DA404213A507E031688A070E
:1003200001D512A502E0490704D511A5012401E079
:10033000AFF3008000210A2206F1240709E0B0FB98
:10034000F2FCB0FBF2F302FB1C003030785418468C
:10035000491C0028F3D123462A463046BDE8F04127
:1003600000F092B9000000002D0000002B000000FA
:10037000200000002DE9F0474FF0000A89460446AE
:10038000C0F820A02046E1688847002876D02528BC
:1003900006D0D4E901219047206A401C2062F1E791
:1003A000E168204600258847C4F81CA006460027BF
:1003B000C4F818A02A2E09D0304606F05CFB38B3EA
:1003C00004EB8708303EC8F8186019E059F8041BA0
:1003D000204604EB87029161E1688847012F0646B9
:1003E00018D1E069002820DA25F020051DE0D8F8B2
:1003F000180000EB800006EB40003038C8F8180009
:100400002046E1688847064606F035FB0028EED115
:10041000012F0AD02E2E08D12046E16888477F1C84
:100420000646022F45F02005C4DBA069002803DA48
:10043000404245F00105A061E80701D025F0100514
:10044000B6B1A6F14100192802D8203645F400655E
:100450004A463146204625604D46FFF7C3FE58B157
:10046000012806D0ED1D25F0070000F1080989E7F5
:1004700004E005F1040985E730468AE7206ABDE813
:10048000F08740EA010310B59B070FD1042A0DD372
:1004900010C808C9121F9C42F8D020BA19BA884265
:1004A00001D9012010BD4FF0FF3010BD1AB1D307A4
:1004B00003D0521C07E0002010BD10F8013B11F8DA
:1004C000014B1B1B07D110F8013B11F8014B1B1B03
:1004D00001D1921EF1D1184610BD02F0FF0343EA8C
:1004E000032242EA024200F002B84FF0000204295F
:1004F000C0F0128010F0030C00F01B80CCF1040C53
:10050000BCF1020F18BF00F8012BA8BF20F8022B86
:10051000A1EB0C0100F00DB85FEAC17C24BF00F82C
:10052000012B00F8012B48BF00F8012B70474FF05A
:10053000000200B5134694469646203922BFA0E833
:100540000C50A0E80C50B1F12001BFF4F7AF09073F
:1005500028BFA0E80C5048BF0CC05DF804EB890030
:1005600028BF40F8042B08BF704748BF20F8022B73
:1005700011F0804F18BF00F8012B7047704770478B
:100580007047704753EA020C00F069802DE9F04B88
:100590004FF00006002B1FBFB3FA83F503FA05F4F2
:1005A00024FA05F65E4012BF1643B2FA82F502FA4B
:1005B00005F4C5F120051EBF22FA05FC44EA0C042F
:1005C000203556EA044C4FEA144418BF641C4FF01F
:1005D00000084FF00009904271EB030C39D3002959
:1005E00019BFB1FA81F701FA07F6B0FA80F700FAFD
:1005F00007F6C7F120071EBF20FA07FC46EA0C06E3
:100600002037B6FBF4FCA7EB0507103F07F01F0BE4
:10061000CBF120060CFA0BFB2CFA06F644BFB346CE
:100620000026202FA4BF5E464FF0000B5BEA060CAD
:1006300008BF4FF0010B19EB0B09ABFB027C48EB39
:100640000608C01B06FB02CC0BFB03CC71EB0C01B4
:10065000C1E70B46024641464846BDE8F08B13B55C
:100660004FF000004FF00001AFF30080BDE81C40E8
:10067000704710B500F0A2FA006810BD10B504462E
:1006800000F09CFA046010BD2DE9F0470D46994634
:100690009246044600F124080168880604D5E06902
:1006A00021F01001216000E00120A84201DD471B7C
:1006B00000E00027A1697A1902EB0900081AA0617D
:1006C0002078C00602D42046AFF30080002608E060
:1006D000D4E901211AF806009047206A401C761CD4
:1006E00020624E45F4DB2078C0060AD52046AFF3E1
:1006F000008006E0D4E9012130209047206A401CA8
:100700002062381EA7F10107F4DC07E0D4E90121DB
:1007100018F805009047206A401C2062281EA5F1A9
:100720000105F3DC2046AFF300802078000602D5F7
:100730000220BDE8F0870120FBE770472DE9FF4F5D
:100740000C461E464FF0FF378BB0D2E90001DDF8B2
:1007500060800A908A46C1F30A5505B93D460021DA
:1007600008464FF00000BAF1000F00F4400005DA2F
:1007700000EB80004FF4400101EA50004FEA90592D
:10078000B9F1010F00DDB9460A9850EA4A000ED0CF
:1007900044F61050A5F2FF3545432F14B8F1000F71
:1007A0001ED07542291E1EDDC9F100021CE0B8F101
:1007B000010F4FF0000001D0302103E0F24305E0CB
:1007C0002154401CB042FBDB304600220021215462
:1007D0000B99C1F80880C1E900200FB0BDE8F08F87
:1007E000BD1B6D1CDEE74A4600DA694206A800F030
:1007F0006FFA06AB93E8070003AB83E807005046A7
:100800000A9900F049FB8DE80700A0F500501F3859
:1008100000900398002D09DD42F21F014A4608446A
:1008200003A90390684600F0A8FD08E0A0F5005079
:100830004A461F3803A90390684600F0B2FD8DE8D0
:1008400007000004000C03D04FF0FF30410800E027
:100850001046B8F1000F03D00022009215461EE0AA
:10086000751E05D400F0AEF9303262556D1EF9D513
:10087000B3460122084302D000227F1C04E0207806
:10088000302801D100227F1E002A099786D01DE062
:10089000112D07DA00F096F9303262556D1C50EADE
:1008A0000102F5D1084302D00098C8B10EE0002142
:1008B000681E05E0235C625C63542254401E491CA0
:1008C0008142F7DBAB46A81B401E0990002004F8CC
:1008D0000B000B98099AC0F80880C0E9002B7CE750
:1008E00011264FF0000859E72DE9F04F88460446DD
:1008F000D21D22F0070191B0D1E90001CDE90A0132
:1009000005F0FEFF02460B98C00F01D02D2007E036
:100910002068810701D52B2002E0202101EAC000D8
:10092000032A099001D0072A05DB034641462046E9
:1009300000F08EF90BE12078800601D5E06900E037
:100940000620B8F1650F814606D0B8F1660F18D0C1
:10095000B8F1670F70D131E00020B9F1110F0090AC
:1009600001DB112301E009F101030AAA01A90CA886
:10097000FFF7E4FEDDE90C70002609F1010583466E
:1009800047E001204B4600904FF000470AAA01A91A
:100990000CA8FFF7D3FEDDE90DB00C995D460026EB
:1009A00010B909F101000D18B9EB050003D4C0F12D
:1009B000FF3609F10105A5EB09002BE0B9F1010FA4
:1009C00001DA4FF001090020B9F1110F00904846FB
:1009D00001DD112300E003460AAA01A90CA8FFF7D4
:1009E000ADFEDDE90C704D460026834620780007F9
:1009F0000AD4AB4500DA5D4601A8012D04DD41199A
:100A000011F8011C302907D04F4502DA17F1040F05
:100A100004DA012082460FE06D1EEEE7002F02DCB3
:100A2000ED1B3E4403E0781CA84200DD7D1CB81B92
:100A300000F1010A4FF000472078000703D4AA45CF
:100A400001DB4FF0FF3A0021B7F1004F0DF14308F1
:100A50008DF8431024D002202B23002F01DA7F428F
:100A60002D230A21021EA0F1010000DC5FB197FBDB
:100A7000F1FC97FBF1F201FB1C7C17460CF1300CEA
:100A800008F801CDEEE7A8F10100037021880905FF
:100A900001D5452100E06521A0F1010800F8011C05
:100AA00009980FA9A1EB0807FF1D00B1012041190A
:100AB00001EBEA70A1693844081A401EA061207851
:100AC000C00602D42046AFF30080099828B1D4E9CB
:100AD00001219047206A401C20622078C00622D560
:100AE0002046AFF300801EE0002E04DBB34502DD9C
:100AF00001A8805D00E03020D4E901219047206A00
:100B0000401C2062761CAAF101005FEA000A0AD1AB
:100B100000F050F8C0680168405CD4E901219047BA
:100B2000206A401C2062281EA5F10105DCDC07E0DC
:100B3000D4E9012118F8010B9047206A401C20627B
:100B4000381EA7F10107F3DC2046AFF30080032035
:100B500011B043E601694A1C02610878704700B58C
:100B60008FB0CDE901310021059105497944CDE9E6
:100B7000031011466846FFF7FDFB0FB000BD0000F3
:100B8000E5FFFFFF0A6802F8010B0A6070470000EA
:100B9000074B70B50D467B44FFF7E1FF044628463E
:100BA00000F004F910B14FF0FF3070BD204670BD69
:100BB000AB72000000487047FC25002000487047D9
:100BC000DC25002030B5B0F10A024FEA900E71F139
:100BD00000034EEA817EB0EB0E0061EB91014FEA1B
:100BE000101E4EEA017E10EB0E0041EB11114FEA90
:100BF000102E4EEA016E10EB0E0041EB11214FEA70
:100C0000104E4EEA014E10EB0E0041EB1141401820
:100C100041F100014FEAD00040EA41704FEAD101B2
:100C200010EB80054FEA810444EA907444EB010420
:100C30006D1944EB0404521BA3414FF0000348BF5D
:100C40000A3200D530BD401C41F1000130BD00002A
:100C50002DE9F0411F46044603260168072A01F4E6
:100C6000006004DB08B116A505E016A503E008B195
:100C700015A500E015A521F010002060A069C01E98
:100C8000A0610FB1401EA0612046AFF300804FB1BC
:100C9000D4E9012138469047206A401C2062C01CDC
:100CA000206206E0206AFAE7D4E9012115F8010B79
:100CB0009047761EF8D22046AFF30080BDE8F08161
:100CC0004E414E006E616E00494E4600696E6600F0
:100CD0002DE9F047814616468AB0334878440DC85E
:100CE0008DE80D0030487844801C03AC0DC884E8C2
:100CF0000D0041F69B300844372190FBF1F290FB48
:100D0000F1F5A5F1800501FB12041B3C02D56442FC
:100D1000012000E00020DFF890A080460027FA4480
:100D2000AAF1BE0A0DE0E00709D03246684607EB9B
:100D300047010AEB810100F034FB8DE807006410E5
:100D40007F1C002CEFD1184F7F44AC3F18E0E80720
:100D500014D007EB04100DF1180A90E80E008AE891
:100D60000E00C068F04201D198190890324606A9D9
:100D700003A800F016FB03AB83E807006D10641CAA
:100D8000002DE4D132466946B8F1000F03A802D025
:100D900000F0F3FA01E000F004FBC9E90001C9F832
:100DA00008200AB0BDE8F08744C30000007B00F0D3
:100DB0008000704700487047DC2500207546FFF72B
:100DC000F9FFAE4605006946534620F00700854608
:100DD00018B020B5FFF738FABDE820404FF0000604
:100DE0004FF000074FF000084FF0000B21F0070113
:100DF000AC46ACE8C009ACE8C009ACE8C009ACE856
:100E0000C0098D46704710B50446AFF300802046F8
:100E1000BDE81040FFF703BA4FF0013C50F8042B37
:100E200051F8043B9A4221D1A2EB0C03934313EAFD
:100E3000CC1317D150F8042B51F8043B9A4215D12A
:100E4000A2EB0C03934313EACC130BD150F8042B01
:100E500051F8043B9A4209D1A2EB0C03934313EAE5
:100E6000CC13DBD04FF00000704700BFD01A01BA9E
:100E7000B1FA81F101F0180122FA01F0CB40C1F181
:100E80002001DBB2C0B2C01A2CFA01F3D11A91438F
:100E900011EAC311E6D170475FEA400C08BF91F038
:100EA000000F4FEA8C234FEAC12243EA51514FEA27
:100EB0001C5018BF00F5F0404FEA300018BF41F059
:100EC00000415FEA6C5C00F02980BCF1FF3F08BF85
:100ED00040F080407047130C06BF12044FF0100C16
:100EE0004FF0000C130E04BF12020CF1080C130F8C
:100EF00004BF12010CF1040C930F04BF92000CF11B
:100F0000020CD30F04BF52000CF1010C11464FF03C
:100F10000002A0F11F00A0EB0C00704711F0004F81
:100F200008BF704731F000413FF4D5AF0B0C06BF4E
:100F300009044FF0100C4FF0000C0B0E04BF090217
:100F40000CF1080C0B0F04BF09010CF1040C8B0F02
:100F500004BF89000CF1020CCB0F04BF49000CF157
:100F6000010CCCF12003A0EB0C0022FA03F302FAEF
:100F70000CF241EA030100F10100704720F07F4CC0
:100F800080EA030023F07F47ACEB070303F57C53B3
:100F900000F0004003F1FF032DE980494FEA154BB3
:100FA00009B44FEA144325EA0B4E24EA03480FF232
:100FB000042606EB132749083E785FEA320203FB5A
:100FC0000667C7F5000707FB06F64FEA54374FEAF6
:100FD000D64606F1020607FB066CCCF1005C4FEA30
:100FE0001C472CEA074C07FB06F40CFB06F504EB48
:100FF00015464FEA961634BF00204FF000404FEAE6
:10100000D13706FB07FC4FEA1C4C0CFB0BF7D21B3D
:1010100003FB0CF761EB07010CFB0EF7B0EB07408D
:1010200072EB17420CFB08F734BFA2EB0742B2EB9E
:10103000074261EB17414FEA0C444FEA910706FB68
:1010400007FC4FEA1C4C0CFB0BF7B0EBC74072EBF4
:10105000573203FB0CF734BFA2EBC742B2EBC742D7
:1010600061EB57310CFB0EF7B0EBC70072EB577218
:101070000CFB08F734BFA2EBC702B2EBC70261EB6F
:101080005771039F4FEA816141EA921104EBCC044E
:101090004FEAD1374FEA826206FB07FC42EA901220
:1010A0004FEA80604FEA1C4C0CFB0BF7D21B03FB92
:1010B0000CF761EB07010CFB0EF7B0EB074072EB8E
:1010C00017420CFB08F734BFA2EB0742B2EB074212
:1010D00061EB17414FEA8C554FEA910704EB9C24D2
:1010E00006FB07FC4FEA1C4C0CFB0BF7B0EBC740B0
:1010F00072EB573203FB0CF734BFA2EBC742B2EBE3
:10110000C74261EB57310CFB0EF7B0EBC70072EB37
:1011100057720CFB08F734BFA2EBC702B2EBC70251
:1011200061EB577115EB4C254FEA816141EA921151
:101130004FEA82624FEAD13742EA901206FB07FC7F
:1011400044F100044FEA80604FEA1C4C0CFB0BF7A3
:10115000D21B03FB0CF761EB07010CFB0EF7B0EBA6
:10116000074072EB17420CFB08F734BFA2EB0742B3
:10117000B2EB074261EB174115EB1C154FEA8131C9
:1011800041EA92414FEA823242EA90424FEA80308D
:101190004FEA0C7644F1000448EA03434EEA0B4858
:1011A0004FF0000EB2EB080C71EB030724BF624650
:1011B00039464EEB0E0E4FF0000B001852414941DC
:1011C0004BEB0B0BB2EB080C71EB03077BF1000B45
:1011D00024BF624639464EEB0E0E4FF0000B00184E
:1011E000524149414BEB0B0BB2EB080C71EB03077F
:1011F0007BF1000B24BF624639464EEB0E0E51EADE
:10120000020718BF46F0010616EB0E7655F10002F4
:1012100054F1000103D5BDE88901BDE80088BDE8AF
:101220008901BDE80048B619524141EB0101A3F123
:101230000103704780807F7E7D7C7B7A797877762A
:1012400076757473727171706F6E6E6D6C6C6B6AA3
:101250006A69686867666665646463636261616041
:10126000605F5F5E5E5D5D5C5C5B5B5A5A595958BE
:101270005857575656555555545453535252525128
:10128000515050504F4F4F4E4E4D4D4D4C4C4C4B7E
:101290004B4B4A4A4A4949494848484747474746C5
:1012A0004646454545444444444343434342424201
:1012B00042414141002B26D4770021D01CB54FEA92
:1012C000370703B44FF010004FF010014FF000004B
:1012D0000FBCBDE810400BF1010BBBF1010F08BFC3
:1012E0005FEA170722BF12F1010211F101014FF06D
:1012F000004143F1000300F0004043EA0000704762
:10130000F9D35708DAE746EA064613F1400F4FEAE9
:1013100016461FDD13F1200FDFBF16430A460021DA
:1013200020335B42C8D0C3F1200746EA064602FAE2
:1013300007F74FEA164646EA0706C3F1200722FAE6
:1013400003F201FA07F721FA03F14FF0000342EA32
:101350000702B1E746EA020646EA06464FEA1646A3
:1013600046EA0106BCBF46EA0646360C4FF00003CB
:101370004FF000024FF000019EE72DE9C048934670
:1013800030B491E8380007C831EA400C48BF34EA6D
:10139000430C03D5FFF7F2FDFFF78CFFF0BCBDE86F
:1013A00000882DE9C048934630B491E8380007C85A
:1013B00010F0804F08BF13F0804F03D100F005F804
:1013C000FFF778FFF0BCBDE8008820F07F4780EA97
:1013D000030023F07F4C07EB0C03A3F57C5300F0D4
:1013E0000040A3F1FE0392F0000F00F0B38095F0EF
:1013F000000F00F077802DE901494FEA11404FEAD4
:10140000144621EA004800FB06FC24EA064708FBD4
:1014100006F607FB08F800FB07F718EB06484CEB4D
:10142000164C4FEA124B18EB07484FEA15464CEBA7
:10143000174022EA0B4E0BFB06FC25EA06470EFB83
:1014400006F607FB0EFE0BFB07F71EEB064E4CEBFA
:10145000164C4FF000061EEB074E4CEB174B18EBEB
:101460000B0840F1000018EB0E0B58EB000840F1A0
:1014700000008F1A4FF000013CBFC943661B14BF28
:10148000B5EB040C00213CBFC943F61B4FEA1744DF
:101490004EEA8E0E27EA04454FEA1C4704FB07621A
:1014A0002CEA074C05FB07F70CFB05F604FB0CFCCC
:1014B00016EB074642EB174216EB0C4642EB1C427A
:1014C0001BEB060658EB0202414146EA9E0601D597
:1014D000BDE80189B619524141EB0101A3F10103B5
:1014E000BDE801894FEA14454FEA114724EA054651
:1014F00021EA074C05FB07F406FB07F70CFB06F196
:1015000005FB0CFC11EB074144EB17444FEA124773
:1015100011EB0C4144EB1C4422EA074C05FB07F29B
:1015200006FB07F70CFB06F605FB0CFC16EB074663
:1015300042EB174216EB0C4642EB1C456A1854F17D
:10154000000148BF7047B619524141EB0101A3F1B8
:101550000103704795F0000F37D04FEA11424FEA70
:10156000144721EA024624EA074C02FB07F106FB76
:1015700007F70CFB06F402FB0CFC14EB074441EBF1
:1015800017414FEA154714EB0C4441EB1C4125EA87
:10159000074C02FB07F506FB07F70CFB06F602FB00
:1015A0000CFC16EB074645EB174516EB0C4645EBD6
:1015B0001C42121951F1000148BF7047B61952413F
:1015C00041EB0101A3F1010370474FEA14454FEAD3
:1015D000114724EA054621EA074C05FB07F106FB03
:1015E00007F70CFB06F24FF0000605FB0CFC12EBB4
:1015F000074241EB174112EB0C4251EB1C4148BF33
:101600007047921841EB0101A3F1010370470000FC
:1016100070B5044600688168C943C90717D181685D
:1016200021F00101816001F08DFC05460AE000BF58
:1016300001F088FC401B022804D920688068C04360
:10164000C00706D020688068C043C007F0D00020E3
:1016500070BDA06A40F01000A062E06A40F0010096
:10166000E062012070BD0000F8B500260446009637
:1016700000688168C943C9072DD0816841F0010124
:101680008160164816490068B0FBF1F000E0401E8A
:1016900000900028FBD101F055FC054616E000BF84
:1016A00001F050FC401B022810D920688068C0431C
:1016B000C0070BD0A06A40F01000A062E06A40F0C2
:1016C0000100E06284F824600120F8BD2068806891
:1016D000C043C007E4D10020F8BD0000880000200E
:1016E00040420F002DE9F04F3D48C9B0006809F0B5
:1016F00059FB82463B488B46006809F053FB814604
:1017000039480F91006809F04DFB07463748884675
:10171000006809F047FB054635480E46006809F0A9
:1017200041FB0E9033480C46006809F03BFBCDE9C5
:101730000C013148006809F035FBCDE90A012F485A
:10174000006809F02FFBCDE908012D48006809F079
:1017500029FBCDE906012B48006809F023FBCDE900
:1017600004012948006809F01DFBCDE90201274862
:10177000006809F017FBCDE900012548006809F071
:1017800011FB0B460F99CDE916ABCDE914910DF184
:101790003C09024689E8F0011E4918A8FEF798FDA9
:1017A00000281ADDC02800DDC0201B4E002218AB27
:1017B00044F62064371D0EE09D5C214600E0491E82
:1017C000D6F800C05FEA0C6C02D40029F7D101E022
:1017D00001B13D60521C8242EEDB49B0BDE8F08FA2
:1017E00000020020FC010020F8010020F40100208C
:1017F000F0010020380200203402002028020020DE
:1018000024020020140200200C02002048020020C4
:1018100044020020E8D0000800480040F0B522490A
:101820000022CC7A8B7A27465B1C641C4D7ADBB293
:10183000E6B22B2812D085B30C7A01F1280C641C77
:10184000E4B20CEB850C0C725CF804CC1CF804C000
:1018500084450CD18B72222B06D01CE06D1C4D727E
:101860000A728B72CE7216E08A72CA7211E00E4B47
:10187000203303EB850353F8043C1B5D834203D004
:10188000012D0BD10D2F09D3CE722C2E03D1CA728C
:101890008A724A720A720120F0BD03E08A72CA722B
:1018A0004A720A720020F7E74401002002494FF40F
:1018B000004008607047000014080140FEE7000087
:1018C0002DE9F0410D4C0A4607460B4E10462168A3
:1018D00009F066FC216B09F091FA0146084809F00D
:1018E0005FFC05463146384609F05AFC294609F0A6
:1018F00085FA2063BDE8F0810AD7A33C600200208E
:1019000048E17A3F2DE9F0410D4C0A4607460B4E5F
:101910001046216809F044FC216E09F06FFA014677
:10192000084809F03DFC05463146384609F038FCC8
:10193000294609F063FA2066BDE8F0810AD7A33C86
:101940006002002048E17A3F014800F01DBE00001F
:10195000AC05002030B590F840500124AC40C56B78
:101960006C60046863604368102B036803D099605F
:101970000068C26030BD9A600068C16030BD000080
:10198000F8B5374F002601200096387002466B46A6
:101990007521682006F00EFD32A0FEF78DFC9DF843
:1019A000000068280CD0BFF34F8F37480168374AD2
:1019B00001F4E06111430160BFF34F8F00BFFDE709
:1019C00006F09EFE002848D1782007F057FB10B99A
:1019D00024A0FEF771FC782006F0C4FD10B92CA0FD
:1019E000FEF76AFCC82007F009FB10B932A0FEF729
:1019F00063FC05F01BFE10B939A0FEF75DFC4548FD
:101A0000044606F039FD0546E01C06F035FD45EAC2
:101A1000C005A01D06F030FD45EA801080B205F03B
:101A2000B5FF10B93CA0FEF747FC40F2731005F07B
:101A3000D5FC10B942A0FEF73FFCC82005F00EFF10
:101A400010B949A0FEF738FC08F09CFA012007F015
:101A5000FBF910B94DA0FEF72FFC3E70F8BD000059
:101A6000080000206D70755F7365745F73656E7339
:101A70006F7220636F6D706C657465202E2E2E2E34
:101A80002E2E0D0A000000000CED00E00400FA0507
:101A90006D70755F636F6E6669677572655F6669A5
:101AA000666F20636F6D706C657465202E2E2E2E10
:101AB0002E2E0D0A000000006D70755F7365745F57
:101AC00073616D706C655F7261746520636F6D70BA
:101AD0006C657465202E2E2E2E2E2E0D0A00000011
:101AE000646D705F6C6F61645F6D6F74696F6E5F62
:101AF0006472697665725F6669726D77617265207E
:101B0000636F6D706C657465202E2E2E2E2E2E0D3B
:101B10000A000000F8000020646D705F7365745F58
:101B20006F7269656E746174696F6E20636F6D703A
:101B30006C657465202E2E2E2E2E2E0D0A000000B0
:101B4000646D705F656E61626C655F66656174751A
:101B5000726520636F6D706C657465202E2E2E2E5D
:101B60002E2E0D0A00000000646D705F7365745FB7
:101B70006669666F5F7261746520636F6D706C6516
:101B80007465202E2E2E2E2E2E0D0A006D70755F80
:101B90007365745F646D705F737461746520636FE7
:101BA0006D706C657465202E2E2E2E2E2E0D0A0063
:101BB00070474FF4007001F0B7B872B6FEE700004E
:101BC0000EB50B2801D00F2800D100900120019004
:101BD000072002906946074800F0DCF9054800F04C
:101BE000B7FB0A21034800F015FB024800F050FA49
:101BF00080B20EBD340300202DE9F04100250E46D1
:101C000007462C4608E03846FFF7DAFF0544012076
:101C100005F0ACFB641CE4B2B442F4D3B5FBF6F0BF
:101C200080B2BDE8F08100002DE9FE4FDFF8089298
:101C3000DFF80882DFF808A2DFF808B2824D012839
:101C40007ED04421D02002F004FD04464321D02060
:101C500002F0FFFC04EB00207C4C4621E081D02008
:101C600002F0F7FC06464521D02002F0F2FC06EB1C
:101C7000002060824821D02002F0EBFC064647217C
:101C8000D02002F0E6FC06EB002020823C21D02090
:101C900002F0DFFC06463B21D02002F0DAFC06EB26
:101CA000002020813E21D02002F0D3FC06463D21B9
:101CB000D02002F0CEFC06EB0020A0804021D020F6
:101CC00002F0C7FC06463F21D02002F0C2FC06EB22
:101CD000002007B2E780B4F90E60704209F000FA04
:101CE000C8F80000B4F9080008F0E5FCDFF86081EE
:101CF000584B424608F058FB08F068FA0290B4F9D5
:101D0000040008F0D8FC4246524B08F04DFB08F0A6
:101D10005DFA0190384608F0CEFC42464D4B08F083
:101D200043FB08F053FA0090304608F0C4FCDFF89B
:101D300028814FF066373A46434608F035FB00E00D
:101D400016E008F043FA0646B4F9120008F0B3FCB6
:101D50003A46434608F028FB08F038FA07463F4861
:101D6000DFF8FC800078022818D003283ED052E02B
:101D700004F0B2F83B4C2968C9F80010B4F900002F
:101D800009F0AEF9C8F80000B4F9040009F0A8F9A8
:101D9000CAF800003448B0F9040047E0DDE900105B
:101DA00086F0004202F078FE08F0FCFF304E2F4A29
:101DB000334608F0F9FA00222E4B08F0E3FC08F055
:101DC00005FA28603A460099029802F091FF08F05F
:101DD000E9FF264A334608F0E7FA0022254B08F0CF
:101DE000D1FC08F0F3F9C8F8000014E0B4F90A00D7
:101DF00009F076F93146FFF763FD80F00040286076
:101E0000B4F90C0009F06CF93946FFF77BFD80F05E
:101E10000041C8F800102968C9F80010B4F9100092
:101E200009F05EF9CAF80000B4F9060009F058F9A3
:101E3000CBF80000BDE8FE8F6000002064000020A9
:101E40006800002070000020E4000020A4010020B1
:101E50008FC2F5285C1F9A40665E8D40000000200E
:101E6000E0000020EC000020F2000020F1D4C85374
:101E7000FB2109400080664010B50B20FFF7A0FE53
:101E800008F030FC4FF06632094B08F07BFC002272
:101E9000084B08F077FC0022074B08F073FC6FF04A
:101EA0000B0209F05EFBBDE8104008F0D5BB000056
:101EB00066660A400000264000005940F8B500253B
:101EC0000446009590F8240001280BD0012084F8E6
:101ED00024002046FFF79CFB2046FFF7C5FB0600C9
:101EE00002D050E00220F8BDA06A20F4885040F0F3
:101EF0000200A062022001F0C7F825490968B1FB81
:101F0000F0F0400000E0401E00900028FBD1206867
:101F1000816841F00801816001F014F8074608E08B
:101F200001F010F8C01B0A2803D920688068000758
:101F300015D4206880680007F2D42068816841F0D9
:101F40000401816000F0FEFF074612E000F0FAFF96
:101F5000C01B0A280DD920688068400709D5A06AEF
:101F600020F0020040F01000A06284F8245001200C
:101F7000F8BD206880684007E8D4A06A20F002001D
:101F800040F00100A06284F824503046F8BD000003
:101F900088000020F8B50024009490F824202546FD
:101FA000012A12D0012280F824204A681F23072A20
:101FB0000DD20668776B521E02EB820293409F435C
:101FC0000B6893401F43776319E00220F8BD066851
:101FD0000D2A0AD2376BD21F02EB820293409F4335
:101FE0000B6893401F43376309E0F76A0D3A02EB31
:101FF000820293409F430B6893401F43F7620A6835
:10200000072306680A2A0AD3F7680A3A02EB420253
:1020100093409F438B6893401F43F76008E0376904
:1020200002EB420293409F438B6893401F4337610A
:102030000A68102A01D0112A20D1124B02689A4254
:1020400017D193681B0219D4936843F4000393607B
:102050000968102912D10C490C4A0968B1FBF2F148
:1020600001EB8101490000E0491E00910029FBD1EC
:1020700004E0816A41F020018162012480F824504B
:102080002046F8BD002401408800002040420F0097
:102090000068C06C704700002DE9F04104004FF06B
:1020A000000514D0A06A002628B9E66284F82460EE
:1020B000204600F083F82046FFF7AAFAA16A01F053
:1020C0001001014304D0A06A40F01000A0626BE050
:1020D000A16A21F4885141F00201A16233492368C9
:1020E0008B42E16904D1B1F5402F01D14FF40021B9
:1020F000277B4FF4807C41EA470261680A43A1686C
:10210000614509D0012907D05FF0000194F814E07F
:10211000BEF1010F02D00AE06146F7E7C7B1A76A36
:1021200047F02007A762E76A47F00107E7625F68A8
:1021300027F469470F435F60236899681C4F394053
:1021400011439960A16861450BD0012909D00CE0C9
:10215000DFF860E0A7690EEB47370F4347F40061F3
:10216000E5E7218A0D05A5F580152168CB6A23F4E2
:1021700070032B43CB62216889680F4B1940914251
:1021800008D1E662A16A21F0020141F00101A162D9
:10219000BDE8F081A06A20F0020040F01000A062CB
:1021A000E06A40F00100E0620120F1E7003C0140FC
:1021B000FDF7E1FF00E0FFFFFE0E1FFF00B585B059
:1021C0000021009101910291039100680E4988421B
:1021D00018D10E48816941F480618161816901F4FF
:1021E00080610491816941F01001816180696946D3
:1021F00000F0100004902220009003200190044879
:1022000000F09EFD05B000BD002801400010024016
:10221000001001402DE9F84300270D4604460097C1
:1022200000F090FE804620688168C90508D5A06A44
:1022300040F02000A06284F824700120BDE8F883FB
:102240004168C90503D4C06A10F4700F2AD0022077
:1022500000F01AFF3B490968B1FBF0F620680369FA
:1022600039490B424FEA61014FEAA1121FD1C368FD
:102270004FEA611C13EA0C0F19D103690B4225D1F7
:10228000C068104222D1142023E0681C0AD02DB16E
:1022900000F058FEA0EB0800A84203D920680068AF
:1022A000800725D5206800688007EED52DE00369FA
:1022B0000B4202D1C168114206D0026923490A4289
:1022C00006D1C068084203D1542002E0292000E072
:1022D000FC204643009816E0681C11D02DB100F098
:1022E00031FEA0EB0800A8420AD90098B04207D2FC
:1022F000A06A40F00400A06284F8247003209DE7E7
:102300000098401C0090B042E6D321686FF01200A4
:102310000860A06A40F40070A06220688068C0F382
:10232000424007280CD1207B50B9A06A20F480706D
:10233000A062A06AC00403D4A06A40F00100A062B9
:1023400000207BE788000020244992244992240041
:1023500070B5044690F8240001280DD0012084F8BF
:1023600024002046FFF780F902004FF0000005D05E
:1023700084F82400104670BD022070BDA16A40F2AE
:102380000123994341F48071A1621F4D23681F49C5
:10239000AB4218D10E6816F4702F14D0A66A46F41A
:1023A0008016A6620E68760505D5A66A26F4005644
:1023B00046F48056A662A66AF6040AD5E66A26F0B6
:1023C0000606E66206E0A66A26F48016A6625E6845
:1023D000E9E7E06284F824006FF0020018602068EA
:1023E0008368C3F34243072B05D1A84208D109688B
:1023F00011F4702F04D0816841F480118160B9E735
:10240000816841F4A001F9E700280140042401405B
:1024100010B590F821100022022905D00421816313
:1024200080F82020012010BD01680B6823F00E0306
:102430000B6001680B6823F001030B6090F84030DB
:10244000C46B012101FA03F3636080F8211080F866
:102450002020104610BD00002DE9F05F90F82110FB
:102460000024022903D004218163012485E001684E
:102470000A6822F00E020A6001680A6822F001026E
:102480000A603F4E3E4FB215DFF8F4C0DFF8F0901F
:10249000DFF8ECA0DFF8E8B0DFF8E4E00168783FAF
:1024A00013011502ACF1640CA9F15009AAF13C0A20
:1024B000ABF1280BAEF1140E4FF48018B14227D9BE
:1024C000B9420ED0614512D049451DD0514518D0B2
:1024D000594518D0714501D1424615E0294EB14207
:1024E00001D1012210E0274E1436B14201D1102251
:1024F0000AE0244E2836B14206D0224A3C329142AC
:1025000001D11A4600E02A461E49091F0A602BE045
:10251000B94213D0614517D0494522D051451DD04D
:1025200059451DD0714501D142461AE0B14202D150
:102530004FF0807215E0134EB14201D1012210E03C
:10254000104E1436B14201D110220AE00D4E283649
:10255000B14206D00B4A3C32914201D11A4600E00A
:102560002A46074980394A60012180F8211000215C
:1025700080F82010416B01B188472046BDE8F09FEC
:1025800080000240080402402DE9F05FC16B0A6838
:1025900001680B68046C4FF0040808FA04F8844DD5
:1025A000844E854FDFF814C2DFF81492DFF814A2CE
:1025B000DFF814B2DFF814E218EA020F65D05FEA20
:1025C000437862D50A68920603D40A6822F00402AE
:1025D0000A60DFF8F0814FF48062016808F11408A6
:1025E00013011402414524D9A9420DD0B1420FD0A4
:1025F000B9421AD0614515D0494515D0514501D190
:10260000120312E0594501D104220EE0714501D1B7
:1026100040220AE06D4D1435A94206D06B4A28329B
:10262000914201D11A4600E022466749091F0A601B
:1026300029E0A94213D0B14215D0B94220D061455A
:102640001BD049451BD0514502D14FF4800217E001
:10265000414502D14FF0806212E0594501D1042278
:102660000EE0714501D140220AE0584D1435A942CF
:1026700006D0564A2832914201D11A4600E022463D
:102680004B4908394A60C16A71E04FF0020808FA04
:1026900004F818EA020F70D05FEA83786DD50A68F3
:1026A000920606D40A6822F00A020A60012180F824
:1026B0002110DFF810814FF40072016808F114084E
:1026C00013011402414524D9A9420DD0B1420FD0C3
:1026D000B9421AD0614515D0494515D0514501D1AF
:1026E000120312E0594501D102220EE0714501D1D9
:1026F00020220AE0354D1435A94206D0334A28324B
:10270000914201D11A4600E022462F49091F0A6072
:1027100029E0A94213D0B14215D0B94220D0614579
:102720001BD049451BD0514502D14FF4001217E090
:10273000414502D14FF0007212E0594501D1022209
:102740000EE0714501D120220AE0204D1435A94246
:1027500006D01E4A2832914201D11A4600E0224694
:10276000134908394A60002180F82010816A002945
:102770001CD0BDE8F05F0847FFE70825A5401542DB
:1027800014D01A0712D50A6822F00E020A6090F8D7
:102790004020C36B012101FA02F25A60816380F884
:1027A0002110002180F82010016BE0E7BDE8F09FC8
:1027B000080002401C000240300002404400024079
:1027C000580002406C000240080402401C04024011
:1027D00030B560B11A4B026814219A4209D2194BE4
:1027E0001344B3FBF1F18900016417490AE00120A9
:1027F00030BD134B5B421344B3FBF1F1890001641C
:102800000F490839C163022180F82110136843F68B
:10281000F0718B43F0E901142143D0E902452C43C8
:1028200021430469214344692143846921431943B5
:10283000116000214163012242770177084630BDD3
:1028400008040240F8FFFDBF0000024070B50446D6
:1028500090F82000002501280CD0012084F82000E9
:1028600094F821600020012E06D084F82000022573
:10287000284670BD022070BD022684F82160A06346
:102880002068066826F0010606602046FFF762F819
:10289000E06A00282068016802D041F00E0106E0DD
:1028A00021F0040101602068016841F00A01016023
:1028B0002068016841F001010160D9E72DE9F04F7E
:1028C0008DB0B0F5007F44D1042003F0DDFBEE4D68
:1028D0002860082003F0D8FBEC4F40421E213860EE
:1028E0000F20FFF789F9EA49EA4C0880A078E8B19F
:1028F0000020A070E8480078FFF796F92078401C87
:10290000207002F0F7FEE5480168B1F57A7F02DA3F
:102910000168491C0160A0780026012808D0E04920
:102920000868642818DBDF48066017E00120E0E74C
:10293000FFF7A2FA2063616B491C6163A26B6429F3
:102940001044A06305D190FBF1F1D7480160A66364
:1029500066630DB0BDE8F08F401C0860286808F081
:10296000BFFBD24908F0BEFA08F01CFAD04AD14B9E
:1029700007F008FF012208F0F4FD4FF08042CE4B33
:1029800007F012FD07F022FC0546A06708F00AFADE
:102990000022CA4B07F0F6FE4FF0FF3208F0E1FDCF
:1029A00007F014FCC649DFF81C93834608604946CB
:1029B000284608F0F5FBB74D8035296808F01EFA67
:1029C00082462860386808F08BFBB84908F08AFA1C
:1029D00008F0E8F9B64AB74B07F0D4FE012208F038
:1029E000C0FD4FF08042B44B07F0DEFC07F0EEFB79
:1029F0008046E06708F0D6F90022B04B07F0C2FE2F
:102A00004FF0FF3208F0ADFD07F0E0FBAE4907469E
:102A100008604946404608F0C3FB696808F0EEF9D3
:102A2000814668603946584608F0E8F908F0BAF976
:102A3000A64AA14B07F0A6FE4FF0FF3208F091FD29
:102A4000DFF88CB207468846DBF8000008F0AAF9E8
:102A500043463A4607F0ECFB07F0B8FBCBF8000022
:102A60009D489C490068019008F03CFA08F09AF9EA
:102A70008F4A904B07F086FE07F0A8FB2862984823
:102A80009649006808F02EFA08F08CF9954A964BA2
:102A900007F078FE07468846686A08F083F93A46E8
:102AA000434607F0C5FB07F091FB804668628F48FC
:102AB0000068012768B18E4D286850B95046E16C16
:102AC00008F0A6FC60624846216D08F0A1FCA062F7
:102AD0002F60207802287DD16E4D267080355046BB
:102AE000A96808F095FC61698B4608F0FBF9C5F808
:102AF00008A028614846E96808F08AFC594608F0B1
:102B0000F1F9C5F80C9068614FF0FF31404608F0CC
:102B100056FD68625E48008808F0FAFAA16908F07C
:102B20006DFC744908F03CFB019908F067F96949AC
:102B300008F0D8F908F036F95D4A5E4B07F022FE3E
:102B400007F044FBA0668046E16E08F061FC594640
:102B500008F0C8F98146606F08F024F94FF033326D
:102B6000654B07F00FFE83468A46484608F01AF97F
:102B7000624A634B07F006FE5A46534607F058FB7D
:102B800007F024FB2067C4F86C80606702F0DAFD70
:102B90002868019068680290286903906869049029
:102BA000286A0590686A0690A06E0790206F0890CA
:102BB00001A809A905F03AFB099820660A996166FF
:102BC0008946504A296A914220DC4F4A91421DD2DF
:102BD000616900E01EE08A4608F0E2FA296908F01F
:102BE0000DF98046A8615146484608F0D9FA69694E
:102BF00008F004F9E8614146A06F01F0D5FEA86233
:102C0000E969E06F01F002FFE86202E06770AE621E
:102C1000EE626E623D48007838B3002002F098F909
:102C20003B4C1C4B6542803322462946986A03F090
:102C30004BF9986222462946D86A03F045F90146C5
:102C4000D86234489A6A026033480160104603F043
:102C500035FA3248D0F83401134AC1B23048017015
:102C600012680A2A03DA077004E06420D6E7002914
:102C70003FF46FAE2B480660001D0660001D066025
:102C8000001D066065E600004C000020500000209A
:102C90001C000020A40100200000002034000020BF
:102CA00028000020240000205C00002000606A470B
:102CB000F1D4C853FB210940E17A743F00C0504071
:102CC000540200200AD7A33B580200207B14AE47D1
:102CD0005C02002000003443600000203333834155
:102CE0006400002012E7FAA146DF913F3000002087
:102CF00074000020EA04B43D3333E33F9A99999974
:102D00009999D93FF90F493FF90F49BF19000020A0
:102D10000CE5FFFF54000020580000200000224274
:102D20000400002034040040044910B50A6802423F
:102D300002D00860FFF7C2FD10BD0000140401407E
:102D40002DE9F84FDFF8C8910024A9F1040B2346C0
:102D50000F2709F1040AABF1040ED1E00125A540CB
:102D600006EA0502AA4276D1DFF8A8C14E68A6EBB2
:102D70000C0866452BD00DDC032E34D005DC36B3B1
:102D8000012E19D0022E2FD11BE0112E16D0122E9B
:102D90002AD119E0B8F5881F19D006DCB8F5803FB4
:102DA00015D0B8F5801F1FD111E0B8F5001F0ED067
:102DB000B8F5041F18D10AE0CB6815E0CB681B1DDD
:102DC00012E0CB6808330FE0CB680C330CE08B6863
:102DD0002BB1012B4FF0080303D0456104E004231D
:102DE00002E0056100E00023FF2A01D8064601E069
:102DF00000F104064FEA840501D9A5F12005D6F8B3
:102E0000008007FA05FC28EA0C0803FA05F548EAF1
:102E10000508C6F800804D68ED0070D53E4DAE69DE
:102E200046F00106AE61AD6924F0030605F0010528
:102E300000953A4D06EB050CDCF80850A607360F56
:102E400007FA06F825EA0805DFF8D480404503D1E3
:102E50004FF0000825E052E0DFF8C880404502D17D
:102E60004FF001081DE0DFF8C080404502D14FF06F
:102E7000020816E0DFF8B480404502D14FF00308A5
:102E80000FE0DFF8AC80404502D14FF0040808E0C5
:102E9000DFF8A080404502D14FF0050801E04FF077
:102EA000060808FA06F848EA0508CCF808804D68D4
:102EB000D9F80060ED024D4601D5164300E0964377
:102EC0002E604D68DAF80060AD02554601D5164314
:102ED00000E096432E604D68DBF80060AD035D4670
:102EE00001D5164300E096432E604D68DEF8006081
:102EF000ED03754601D5164300E096432E60641C31
:102F00000A681646E2407FF429AFBDE8F88F00005A
:102F100008040140000011100010024000000140B0
:102F200000080140000C0140001001400014014065
:102F300000180140001C01400AB1016170470904FA
:102F4000FBE7000001488068704700007C0000201B
:102F50000248816802781144816070477C0000203B
:102F6000074810B5016841F010010160032000F02E
:102F700079F8032000F006F800F024F8002010BDD6
:102F80000020024070B50D4D04464FF47A71287848
:102F9000B1FBF0F00A490968B1FBF0F000F0B2FBB8
:102FA00048B9102C07D200222146501E00F03AF8F2
:102FB00000206C6070BD012070BD00007C0000200E
:102FC000880000200E4808B5816941F00101816147
:102FD000816901F001010091C16941F08051C16135
:102FE000C06900F080500090052000F03BF80548D3
:102FF000416821F0E06141F00071416008BD0000CE
:103000000010024000000140002809DB00F01F0210
:10301000012191404009800000F1E020C0F800113A
:1030200070470000F0B40E4B1B680C46C3F302233C
:10303000C3F10705042D00D90425191D072901D264
:10304000002300E0DB1E012606FA05F1491E21409F
:1030500099409E40761E16403143F0BC03F077BC89
:103060000CED00E0064900F0070208684FF6FF0388
:10307000184040EA0220034A1043086070470000ED
:103080000CED00E00000FA0510B501460020284CC8
:1030900004292FD00BDC012930D0022929D100F0DE
:1030A0006BF96168C1F38131491C49001FE00829AF
:1030B00020D010291DD161682268D20119D51D4880
:1030C000C1F38342C903805C0AD56168194AC1F320
:1030D0004041921E515C184AB2FBF1F1484301E0B5
:1030E000164948436168490203D440000321B0FBFC
:1030F000F1F010BDBDE8104000F04EB9226AC2F3F5
:103100000121012903D1920701D5C80310BD02296D
:1031100005D1626A920702D549F6404010BD0329E5
:10312000FCD121688903F9D54FF2244010BD00007D
:10313000001002404EB6000800127A0000093D005F
:103140002DE9F84305460078354CC00754D0E069B6
:103150000026C00008D4E06940F08050E061E069DA
:10316000012600F0805000902E480168C90512D455
:103170000168804641F480710160FFF7E3FE074675
:1031800005E000BFFFF7DEFEC01B642823D8D8F897
:103190000000C005F6D5206A10F4407021D0A9883F
:1031A00001F4407181421CD0206A1F49012220F4A1
:1031B00040700A6000220A602062C00711D0FFF749
:1031C000C1FE074641F2883808E000BFFFF7BAFEAB
:1031D000C11B414502D90320BDE8F883206A80075E
:1031E000F4D5206A696820F44070084320621EB15B
:1031F000E06920F08050E0612878800705D560689C
:10320000A96820F44040084360602878C00605D5CE
:103210006068696920F48000084360600020DBE793
:103220000010024000700040400442422DE9F04787
:103230000F46050061D0434E306800F00700B842E9
:1032400009D2306820F0070038433060306800F061
:103250000700B84251D128683B4C810712D540077E
:1032600003D5606840F4E06060602878000703D50B
:10327000606840F4605060606068A96820F0F00009
:10328000084360602878C00728D06868012810D0FB
:103290002168022810D0890700292EDA616821F000
:1032A000030101436160FFF74DFE804641F288391A
:1032B0000DE021688903EFE78901EDE7FFF742FEA2
:1032C000A0EB0801494502D90320BDE8F0876068FA
:1032D000696800F00C00B0EB810FEFD1306800F0AE
:1032E0000700B8420BD9306820F00700384330603F
:1032F000306800F00700B84201D00120E5E72878E7
:10330000400705D56068E96820F4E0600843606024
:103310002878000706D56068296920F4605040EAE3
:10332000C100606000F038F86168084AC1F3031119
:10333000515CC8400649086006480068FFF722FE55
:103340000020C2E700200240001002405EB60008E4
:103350008800002080000020044805490068496872
:10336000044AC1F30221515CC84070478800002024
:10337000001002406EB6000804480549006849681C
:10338000044AC1F3C221515CC84070478800002044
:10339000001002406EB600080E4A51680E4801F057
:1033A0000C03042B11D0082B0FD10C48C1F383431D
:1033B000C903C05C0AD55168084AC1F34041921E56
:1033C000515C054A5043B0FBF1F070470449484353
:1033D000704700000010024000127A003CB600085E
:1033E00000093D002DE9F84F040070D02078C04D51
:1033F000C00749D06868C0F38100012807D0686819
:10340000C0F38100022809D16868C00306D5286886
:10341000800339D560680028E7D035E06068B0F5F2
:10342000803F0BD010B1B0F5A02F11D0286820F448
:1034300080302860286820F4802002E0286840F46A
:1034400080302860606890B1FFF77CFD06460AE096
:10345000286840F480202860F0E700BFFFF772FD85
:10346000801B642873D828688003F7D50CE0FFF729
:1034700069FD064605E000BFFFF764FD801B642878
:10348000F0D828688003F7D420789A4E80074FF050
:1034900001094FF0000839D5686810F00C0F07D00B
:1034A0006868C0F38100022809D16868C00306D4A7
:1034B0002868800714D52069012808D110E0206908
:1034C000B0B1C6F80090FFF73DFD074605E00AE100
:1034D000FFF738FDC01B0228C4D828688007F7D53D
:1034E0002868616920F0F80040EAC10028600DE01A
:1034F000C6F80080FFF726FD074604E0FFF722FD2F
:10350000C01B022823D828688007F7D4207800073A
:103510002CD57948A169D9B1C0F80090FFF712FD08
:10352000074604E0FFF70EFDC01B02280FD8686AAB
:103530008007F7D571484FF4FA510068B0FBF1F0FD
:10354000009000BF0098411E0091FAD20EE080E08A
:10355000C0F80080FFF7F6FC074604E0FFF7F2FC36
:10356000C01B022875D8686A8007F7D42078400706
:1035700060D5E8690027C00008D4E86940F08050B1
:10358000E861E869012700F0805000905C4801681C
:10359000C90513D40168834641F480710160FFF7C7
:1035A000D1FC824606E000BFFFF7CCFCA0EB0A008E
:1035B00064284ED8DBF80000C005F5D5E068012886
:1035C0000AD008B1052813D0286A20F0010028622B
:1035D000286A20F0040002E0286A40F00100286216
:1035E000E06841F2883B98B1FFF7ACFC82460BE003
:1035F000286A40F004002862EEE700BFFFF7A2FC53
:10360000A0EB0A0159455AD8286A8007F6D50CE084
:10361000FFF798FC824605E0FFF794FCA0EB0A0157
:1036200059454CD8286A8007F6D41FB1E86920F0C4
:103630008050E861E06988B36968C1F381010229BB
:1036400044D00228C6F8608004D0FFF77BFC044613
:1036500038E034E0FFF776FC074604E0FFF772FC41
:10366000C01B02282BD828688001F7D4206AB0F547
:10367000803F05D16868A16820F400300843686085
:10368000D4E908010843696821F4741108436860AB
:10369000C6F86090FFF756FC044606E025E000BF40
:1036A000FFF750FC001B022809D828688001F7D5D5
:1036B0001BE000BFFFF746FC001B022802D90320D5
:1036C000BDE8F88F28688001F4D40EE00128F7D017
:1036D0006868226A00F48031914204D1616A00F482
:1036E0007010884201D00120EAE70020E8E70000DE
:1036F0000010024000004242800442428800002044
:103700000070004010B5401EB0F1807F01D3012051
:1037100010BD4FF0E02460610F21601703F017F92E
:103720000020A06107202061002010BD70B590F836
:103730003C20012A2CD0012480F83C40022280F851
:103740003D2003685A689D6822F070060A6832437B
:103750005A60104B02689A420ED00F4B9A420BD01F
:10376000B2F1804F08D00D4B9A4205D00C4B9A42D3
:1037700002D00C4B9A4204D1496825F080031943CA
:10378000916080F83D40002180F83C10084670BDF3
:10379000022070BD002C01400034014000040040B4
:1037A00000080040000C004010B5040003D094F85D
:1037B0003D0010B107E0012010BD002084F83C005E
:1037C000204600F01FF8022084F83D00211D2068EB
:1037D00002F0D6FC012084F8460084F83E0084F80C
:1037E0003F0084F8400084F8410084F8420084F8E7
:1037F000430084F8440084F8450084F83D0000202C
:1038000010BD000008B500680649884208D1064886
:10381000C16941F00201C161C06900F0020000907D
:1038200008BD0000000400400010024070B50446CE
:1038300090F83C000025012817D0012684F83C6050
:10384000022084F83D002068826822F0770222F48A
:103850007F4282600868502838D00DDC20284FD085
:1038600005DC90B3102811D14AE0022070BD302849
:1038700046D040280AD13BE060282FD070280DD0D8
:10388000B0F5805F03D0B0F5005F12D0012584F859
:103890003D60002084F83C00284670BDCB68D1E92B
:1038A0000121206802F0BFFC2068816841F07701A7
:1038B00009E0CB68D1E90121206802F0B4FC20685E
:1038C000816841F480418160E1E719E0CA68496894
:1038D000206802F07DFD5021206806E0CA68496832
:1038E000206802F086FD6021206802F0A6FCCEE789
:1038F000CA684968206802F06BFD40212068F4E73F
:10390000226801461046F0E72DE9F0410D4604001B
:1039100003D094F83D0018B108E00120BDE8F08123
:10392000002084F83C00204600F040F8022084F893
:103930003D002068816844F2070291438160211DA7
:10394000206802F01DFC226890689169166A2B6855
:10395000AF69034340F20330814341EA0721A8687D
:10396000EF6908434FF6FC418843E96840EA0720C5
:10397000014328692F6A000140EA0730084369685B
:103980006D6926F0220646EA0515294393602268F0
:10399000906154F8460B0162012004F81F09E0759C
:1039A0002076E0762077A0750020B7E700B585B0D7
:1039B000002100910191029103911A4B02681A486B
:1039C000C0219A4213D1C26942F00402C261C269A5
:1039D00002F004020492826942F008028261806966
:1039E000009100F0080004906946104815E0104B63
:1039F0009A4214D1826942F400528261826902F4CF
:103A000000520492826942F0100282618069009142
:103A100000F01000049069460648FFF791F905B0E0
:103A200000BD00000008004000100240000C0140F2
:103A3000003401400010014070B590F83E6004462B
:103A400090F83F5090F8423090F84320022021B186
:103A500004290ED0012E1BD114E0012E18D1012B08
:103A600016D184F83E0084F842000122002120682B
:103A700020E0012D0CD1012A0AD184F83F0084F8FE
:103A8000430014E0012D03D1012B01D1012A01D003
:103A9000012070BD84F83E0084F83F0084F84200A5
:103AA00084F8430001220021206802F0AFFB0122CC
:103AB0000421206802F0AAFB2068016841F001019E
:103AC0000160002070BD000010B586B0002100919B
:103AD00001910291039100681349884221D1134852
:103AE000816941F004018161816901F0040104915F
:103AF000816941F0080181618069022400F00800B9
:103B00000490C020CDE90004694609480394FFF7FA
:103B100017F90320CDE90004694606480394FFF72E
:103B20000FF906B010BD0000000400400010024074
:103B300000080140000C014070B5044690F83C00BC
:103B400000260D4601280FD0012084F83C006AB100
:103B5000042A1DD0082A2FD00C2A3FD0012600208D
:103B600084F83C00304670BD022070BD206802F031
:103B70006DFB2068816941F00801816120688169DD
:103B800021F004018161206881692A69114311E0F3
:103B9000206802F08BFB2068816941F4006181613B
:103BA0002068816921F480618161206881692A69C6
:103BB00041EA02218161D2E7206802F0ADFB206872
:103BC000C16941F00801C1612068C16921F00401A7
:103BD000C1612068C1692A69114311E0206802F0BF
:103BE000CFFB2068C16941F40061C1612068C169EF
:103BF00021F48061C1612068C1692A6941EA02211A
:103C0000C161ACE710B5040003D094F83D0010B1D9
:103C100007E0012010BD002084F83C00204600F0A1
:103C20001EF8022084F83D00211D206802F0A8FA49
:103C3000012084F8460084F83E0084F83F0084F8B0
:103C4000400084F8410084F8420084F8430084F87E
:103C5000440084F8450084F83D00002010BD704702
:103C600010B50446022249B104290ED0082913D008
:103C700094F84100012816D0012010BD94F83E00B0
:103C80000128F9D184F83E200FE094F83F00012884
:103C9000F2D184F83F2008E094F840000128EBD1ED
:103CA00084F8402001E084F841200122206802F0DD
:103CB000ADFA13492068134A884201D0904203D1DB
:103CC000436C43F400434364206888420DD0904223
:103CD0000BD0B0F1804F08D00B49884205D00B497A
:103CE000884202D00A49884204D1816801F0070164
:103CF000062903D0016841F001010160002010BDD8
:103D0000002C014000340140000400400008004045
:103D1000000C0040704710B504460068406994F8F4
:103D20004110C0F3C010212911D180B12068143096
:103D300050E8001F21F0800140E80012002AF5D170
:103D4000A06B08B1FEF764FB204602F01DFC206862
:103D5000406994F84210C0F38010222911D180B13B
:103D60002068143050E8001F21F0400140E80012A4
:103D7000002AF5D1E06B08B1FEF74AFB204602F0BD
:103D8000DCFB002010BD7047F8B5016804460868E8
:103D9000CA684B6910F00F0F4FF000055AD003F0BE
:103DA000010602F49077374365D0C10705D0D105ED
:103DB00003D5616C41F001016164410705D5D90764
:103DC00003D0616C41F002016164810705D5D90718
:103DD00003D0616C41F004016164010707D502F072
:103DE0002001314303D0616C41F008016164616CD2
:103DF00000293BD0800604D5900602D5204602F06B
:103E0000D1FB20684069616CC0F3801001F00801AB
:103E1000014320462BD002F090FB20684069400609
:103E200021D52068143050E8001F21F0400140E8FF
:103E30000012002AF5D1E06BA8B16D494163E06B37
:103E4000FEF70AFB002811D0E06B416B01B0BDE822
:103E5000F040084783060ED593060CD52046BDE8F2
:103E6000F84002F09FBB2046FFF78DFFF8BDFFF73B
:103E70008AFF6564F8BD266B2023012E7CD1C6061F
:103E80007AD5D60678D508684868009048694FF01A
:103E90000206400640D5E16B086840680004000C4B
:103EA000E8D0A28D8242E5D9E085886920282DD00E
:103EB00020680C3050E8001F21F4807140E80012A7
:103EC000002AF5D12168143151E8000F20F00100DB
:103ED00041E80002002AF5D12068143050E8001FA4
:103EE00021F0400140E80012002AF5D184F8423068
:103EF000256320680C3050E8001F21F0100140E8D5
:103F00000012002AF5D1E06BFEF782FA6663A08DFD
:103F1000E18D401A81B22AE0A08DE18D401A81B274
:103F2000E08D0028A6D00029A4D022680C3252E8E7
:103F3000000F20F4907042E80007002FF5D12068B0
:103F4000143050E8002F22F0010240E80027002F33
:103F5000F5D184F84230256320680C3050E8002FFA
:103F600022F0100240E80023002BF5D166632046C2
:103F7000FFF7D0FEF8BDFFE705062BD5150629D5BE
:103F800094F841002128F5D1A068B0F5805F01D1F7
:103F90002069B0B1206A411C216221680078486024
:103FA000E08C401E0004000CE084E3D12068C1686E
:103FB00021F08001C1602068C16841F04001C1600A
:103FC000D8E7206A0088C0F308004860206A801C97
:103FD0002062E5E74006CDD55006CBD5CA6820461D
:103FE00022F04002CA6084F8413000F030FBC1E7A3
:103FF0003D64000870B5040004D094F84100002529
:1040000010B106E0012070BD84F84050204600F059
:1040100023F8242084F841002068C16821F400516D
:10402000C160204602F020FB2068016921F4904124
:1040300001612068416921F02A0141612068C1685D
:1040400041F40051C1606564202084F8410084F887
:1040500042006563002070BDF0B585B00024009477
:104060000194029403940546D0F800C06748DFF835
:1040700098E1061502210322654BC714F4453FD190
:10408000D0F81CC04CF4002CC0F81CC0D0F81CC0E8
:104090000CF4002CCDF810C0D0F818C04CF0100C67
:1040A000C0F818C08069CDE9006100F01000CDE9CA
:1040B000032069461E461846FEF742FECDE900740D
:1040C000694630460294FEF73BFE534E5148C6E91E
:1040D00000048020C6E9024020203461C6E9054082
:1040E0003046F461FEF774FB08B1FDF766FDEE6340
:1040F0000122114634207562FEF794FF342031E02E
:10410000464DAC4532D1C56945F48015C561C569D8
:1041100005F480150495856945F01005856185696C
:1041200005F010050495856945F0200585618069D5
:10413000039200F0200004904FF48050CDE900017C
:1041400069461846FEF7FCFD0420CDE900046946E7
:1041500033480294FEF7F4FD012211463520FEF7A4
:1041600061FF3520FEF750FF05B0F0BD2D4B9C459B
:1041700021D1836943F480438361836903F48043DD
:104180000493836943F0040383618069264D00F042
:10419000040004904FF40070CDE9000103926946D9
:1041A0002846FEF7CDFDCDE9006469462846029415
:1041B000FEF7C6FDD8E71D4B9C45D5D1C36943F436
:1041C0008023C361C36903F480230493836943F0AC
:1041D000080383618069CDE9006100F00800CDE942
:1041E0000320134D69462846FEF7AAFDCDE9007469
:1041F000694628460294FEF7A3FD012211462720B6
:10420000FEF710FF2720ADE7004C004000100240F1
:104210000010014030040240AC0500200050004076
:1042200000140140003801400008014000480040EF
:10423000000C014090F84230202B01D00220704742
:1042400021B11AB10023036302F06ABA012070475A
:1042500090F84230202B01D00220704721B11AB1D2
:104260000023036302F0A4BA012070472DE9F14F47
:10427000E1490098012600240068E04D4FF0020A51
:1042800088427FD1AC466F789CF802109CF80E00F3
:104290009CF803B0DA4A0BEB4B0C0B180CEB020941
:1042A00007F1010CDBB20CF0FF0C3A2F6AD2DFE809
:1042B00007F01D232B34373B3E41444A41444A41D9
:1042C000444A41444A41444A41444A41444A41449F
:1042D0004A41444A41444A41444A41444A41444A89
:1042E00041444A41444A41444A53575BA52848D176
:1042F00010706E70A53105E05A2807D1507085F80E
:1043000001A05A31A9703DE03A2801D06C7038E024
:104310009070032068703A31F4E7D070042001E017
:104320001071052068700CE050710620FAE790715A
:104330000720F7E789F8070001E089F8080085F809
:1043400001C0AB701EE089F8090085F801C0AB70B0
:104350000BF10100E87015E082F837003820E1E742
:1043600082F838003920DDE782F839006C70EC7093
:10437000884202D102F0D0FE03E03A21A048FCF7C7
:10438000B4F8AC7000989F490068884279D19E4A81
:104390009A4928790C3102F1320310B101280BD06F
:1043A00026E00878AA2823D12E7142F8324F5460B3
:1043B000148118702E701BE028780F781F54401C51
:1043C000C0B228700A2813D30027384613F800C05B
:1043D000401C6744FFB20928F8DB587AB84206D17E
:1043E00052F8330F286150686861884806702C7154
:1043F0000878A8616873FDF711FA00BBA8698449C1
:1044000053280BD0732809D0502809D0702807D022
:1044100080480068B0F57A7F04D010E00E70E0E0CC
:104420000C70DEE07C4802687C49032A04DA0268EA
:10443000521C02600C6002E0642202600E60A94619
:10444000A869774F7749784A784B794D592819D020
:1044500058281AD062281AD00A2827DD5A2839D0BD
:1044600041284DD045283ED0422840D043283ED058
:1044700044283CD046283FD047283DD048283BD050
:1044800010E0B6E0A7F800A00CE03E800AE0DFF8FC
:10449000A4C1DCF80080B8F1000F1DD04FF0000877
:1044A000CCF800800C8014801C802C800A282DDA27
:1044B0003E8078B1012823D0052814D0022821D0CD
:1044C00003281FD004281DD006282DD007282BD064
:1044D000082829D00C8002E04FF00108E0E71480A2
:1044E00003E02C8012E00C8016801C80F9E70C8021
:1044F00014801C802E80D9E70C8014801E80D4E7A5
:104500000E80ECE70C8014801C802E8099F80D2022
:104510003D484D467B2A0BD07D2A10D06979012970
:1045200007D002290DD05CE00C8014801E80D8E7F3
:104530006E71A9794254491C89F8061051E085F83A
:1045400005A0C178502906D04178232941D0A97906
:10455000E971814628E0384806703AE0A979081ADE
:1045600006F0A9F802460B460020344905F01EF873
:10457000EF79064609EB0700884610F8010C303841
:1045800006F099F83246434606F0FCF880460E469F
:10459000E86906F007FC4246334605F049FE05F09F
:1045A00015FE7F1EE861EF71E8790428D6D299F8EC
:1045B0000100303802280CD2DFE800F00106E8697B
:1045C00006F052FD1E4903E0E86906F04DFD1D4965
:1045D00008606C71AC71EC7132210B48EC61FBF737
:1045E00084FFBDE8F84F054901220C311648FFF75A
:1045F0002FBEBDE8F88F00000050004044010020AD
:10460000E417002000480040090A0020380000207C
:1046100039000020340000202C0000203000002051
:10462000020000203A0000203C0000203E00002054
:1046300040000020200000206C00002000002440EA
:10464000C4010020C00100206405002070477047AD
:10465000FEE770B50D46044600F0C0F8204600F0B5
:104660008DF800F003F9284600F088F800F0FEF815
:1046700000F0B4F8641CE0B200F080F800F0F6F846
:10468000002000F045F8044600F0D0F8204670BD48
:1046900070B50D4C0025C4F8B8510C48016821F0E4
:1046A00070410160016841F040510160C4F8BC51A3
:1046B000012004F5DC7402F059FE0120206002F0B4
:1046C00055FE256070BD000000802142040C0140B1
:1046D00070B50D4C0025C4F8B8510C48016821F0A4
:1046E00070410160016841F0405101600126C4F849
:1046F000BC61304604F5DC7402F038FE266001200F
:1047000002F034FE256070BD00802142040C01409F
:104710002DE9F047814617480024016821F07041D7
:104720000160016841F000410160134E25462746B3
:104730004FF00108C6F8B871022002F017FEC6F863
:10474000B8816006040ED6F83C0108B1641CE4B2DE
:10475000022002F00BFE6D1CEDB2082DEAD3B9F178
:10476000000F02D0FFF794FF01E0FFF7B1FF2046F2
:10477000BDE8F087040C0140008021422DE9F041A2
:1047800006461448016821F070410160016841F05B
:1047900040510160104C0027C4F8B8713D464FF0FD
:1047A0000108F009C4F8BC017006060E012002F0F1
:1047B000DDFDC4F8B881012002F0D8FDC4F8B8715D
:1047C000012002F0D3FD6D1CEDB2082DE9D3BDE848
:1047D000F0810000040C01400080214270B51148B6
:1047E000016821F070410160016841F040510160B1
:1047F0000D4C0120C4F8BC01D4F83C1149B1C4F8F7
:10480000B80102F0B3FD0025C4F8BC51D4F83C0156
:1048100008B1002070BD012002F0A8FDC4F8B85115
:10482000012070BD040C0140008021420D4810B5EC
:10483000016821F070410160016841F04051016060
:10484000094C0020C4F8B801C4F8BC01012004F5EB
:10485000DC7402F08BFD012020606060BDE8104038
:1048600002F084BD040C01400080214270B5134861
:104870000024016821F070410160016841F00041AD
:1048800001600F4D0126C5F8BC61304602F06EFD97
:10489000C5F8B86107E0641CE4B2322C03D9FFF715
:1048A000C5FF002070BD012002F060FDD5F83C017D
:1048B0000028F0D1C5F8B801012070BD040C0140FA
:1048C0000080214210B51446FFF7C3FE207001207E
:1048D00010BDF8B515461C460E4607466A46FFF75A
:1048E000F1FF01209DF80010A8400CB1084301E041
:1048F00021EA0000C2B28DF800203146384600F0AF
:104900002BF8F8BD2DE9F84314461D460F468046A6
:104910006A46089EFFF7D6FF00281BD0611CFF20C7
:10492000C4F1080200FA01F12A44521ED0400143AA
:10493000C5F108008640F2B2C4F10700C2409DF8FC
:104940000000084010438DF80000C2B239464046CE
:1049500000F002F8BDE8F88307B502AB012200F0D1
:1049600001F80EBD2DE9F0411E4615468846074662
:104970000024FFF733FF3846FFF700FFFFF776FF0D
:104980004046FFF7FBFEFFF771FF06E0305DFFF7E3
:10499000F5FEFFF76BFF641CE4B2AC42F6D3FFF701
:1049A00045FF0120BDE8F08170B506F027FD154CEC
:1049B0000546E16B06F02CFD0646206A06F090FBEA
:1049C000314606F0EDFB0646E06906F089FB294614
:1049D00006F0E6FB314606F011FA0646206C06F0BA
:1049E0007FFB314606F00AFA06F03EFBC4E90F50A1
:1049F000054861780078084302D000202064607088
:104A0000206C70BDA40100200400002070B506F0E9
:104A1000F5FC154C0546616C06F0FAFC0646206A6A
:104A200006F05EFB314606F0BBFB0646E06906F089
:104A300057FB294606F0B4FB314606F0DFF906467F
:104A4000A06C06F04DFB314606F0D8F906F00CFBE1
:104A5000C4E91150054861780078084302D000206D
:104A6000A0646070A06C70BDA40100200400002050
:104A700041060748826942F00102826105484268A6
:104A800022F0E062426042680A43426070470000E0
:104A900000100240000001402DE9F04F044691480B
:104AA000ABB011AFB0E86810299287E868106CC805
:104AB0000DAF87E86C0050E91423CDE9272350E9B6
:104AC0001223CDE9252350F8588900F15C031FAF6C
:104AD00093E80C109346199350F8682B2A926CC8EF
:104AE00087E86C0050E91820CDE9232000200790CA
:104AF00008900490059006901B901C9009900A90D5
:104B00000B9003900C901D901E901A90E246084660
:104B100006F048F905460E4684F0004006F042F9DA
:104B20002A46334602F038FA05F050FB6E4F1590D6
:104B30000DAC0222CDE9004707AE012311460296D3
:104B4000104604F021FB1BAA29A927A88DE807001D
:104B500001231A461946022004F016FB1B990798F8
:104B600006F04CF907F1080528601C99089806F032
:104B700045F968600DF10C0905F128010094022344
:104B8000CDE901191A461946184604F0FDFA09A99B
:104B90001FAACDF80090CDE9012102231A4619463B
:104BA000184604F0F1FA4146099806F027F94F4CEF
:104BB000594620600A9806F021F9606019990B980F
:104BC00006F01CF9A06051460C9806F017F9E06059
:104BD0000DF1940A0223CDE900A40DF1740B1A46DD
:104BE000CDF808B01946012004F0CEFA0DF168089E
:104BF00023A9CDF800B0CDE9011801230222114606
:104C0000184604F0C1FA2A991A9806F0F7F80146F6
:104C10004FF07E5006F066F91A9023A8CDE90040C7
:104C20000222012311460296104604F0ADFA05F166
:104C3000080B01238DE840091A461946022004F0AA
:104C4000A3FACDF800A0CDE90158012302221146B4
:104C5000184604F099FA1A99159806F0D9FB1A909B
:104C6000CDF800B00123CDE901861A46194602208D
:104C700004F08AFA0799286806F0C0F838600899A5
:104C8000686806F0BBF87860CDF800B0CDE901A9FE
:104C9000022301221146184604F076FA039911986E
:104CA00006F0B6FB03900499129806F0B1FB04904D
:104CB0000599139806F0ACFB05900699149806F038
:104CC000A7FB069005F12800CDF800900223CDE95E
:104CD00001401A461946184604F056FA38682BB0B7
:104CE000BDE8F08F80CD0008E4020020BC25002044
:104CF0002DE9F04F04469348ABB000F178030F461E
:104D000093E8681011A9299281E8681000F18805DC
:104D10000DF134084ECD88E84E00D0E90812CDE9F7
:104D20002712D0E90A12CDE92512B5E80E108846FF
:104D3000CDF858C0416892469B462A912ECD1FAEB1
:104D400086E82E00D0E90C10CDE923100020079052
:104D500008900490059006901B901C9009900A9072
:104D60000B9003900C901D901E901A90384606F000
:104D700019F806460D4684F0004006F013F8324656
:104D80002B4602F009F905F021FA6F4F15900DAC92
:104D90000222CDE9004707AE0123114602961046D4
:104DA00004F0F2F91BAA29A927A88DE8070001231E
:104DB0001A461946022004F0E7F91B99079806F0F5
:104DC0001DF807F1080528601C99089806F016F8E8
:104DD00068600DF10C0905F1200000940223CDE973
:104DE00001091A461946184604F0CEF909A91FAA66
:104DF000CDF80090CDE9012102231A461946184644
:104E000004F0C2F94146099805F0F8FF4F4C5146AD
:104E100020600A9805F0F2FF606059460B9805F093
:104E2000EDFFA06016990C9805F0E8FFE0600DF129
:104E3000940A0223CDE900A40DF1740B1A46CDF8B3
:104E400008B01946012004F09FF90DF1680823A964
:104E5000CDF800B0CDE90118012302221146184611
:104E600004F092F92A991A9805F0C8FF01464FF00C
:104E70007E5006F037F81A9023A8CDE900400222B0
:104E8000012311460296104604F07EF905F1080B45
:104E900001238DE840091A461946022004F074F9EE
:104EA000CDF800A0CDE90158012302221146184691
:104EB00004F06AF91A99159806F0AAFA1A90CDF832
:104EC00000B00123CDE901861A461946022004F0FC
:104ED0005BF90799286805F091FF386008996868C0
:104EE00005F08CFF7860CDF800B0CDE901A9022370
:104EF00001221146184604F047F90399119806F06B
:104F000087FA03900499129806F082FA04900599A2
:104F1000139806F07DFA05900699149806F078FA31
:104F2000069005F12001CDF800900223CDE9014162
:104F30001A461946184604F027F938682BB0BDE820
:104F4000F08F000048CD0008FC020020CC25002096
:104F5000094A68B109490B685B1C0B60834206D1A2
:104F6000D2F88801C043C2F8880100200860704769
:104F70000120C2F888017047000022428C00002006
:104F80002DE9F05F0024DFF89090DFF890A0DFF8C3
:104F9000908026462546274608EBC400406800EB73
:104FA000090353451ED338F834B0ABF10101B1F514
:104FB000E07F17D81849761C4942F6B2884202DAD7
:104FC0000146284606E01749884206DD164906F0E4
:104FD0001FFA294605F012FF0546BBF1FA0F01D270
:104FE0007F1CFFB2641CE12CD6DB082E12D90F48BF
:104FF000006801280ED10E48006858B1082F02D36E
:105000000320BDE8F09FB5F5000F01DB0120F8E7B4
:105010000220F6E70020F4E70000B8BD01005301CC
:105020002018002000009B430000B4432000002013
:10503000240000202DE9F05F0025DFF824A1DFF82F
:1050400024813A270AF69C59AB4605EB4500C0EB94
:10505000451100240AEB410694FBF7F107FB1141CF
:10506000305D3A2972D2DFE801F01D20282B2E3165
:10507000343740493740493740493740493740493C
:105080003740493740493740493740493740493729
:105090004049374049374049374049374049374010
:1050A00049595C6089F800003DE089F801003AE068
:1050B0004A78104488F8010048E089F8020032E09C
:1050C00089F803002FE089F804002CE089F8050036
:1050D00029E089F8060026E098F80220414602EB14
:1050E000420303EB0902D071E2E798F8022041463F
:1050F00002EB420303EB09021072D9E798F8022091
:1051000002EB420C0CEB0903521C587298F8013068
:10511000184488F8010088F8022017E089F8370061
:1051200001E089F838004146C2E789F8390088F87B
:1051300002B098F80110884202D101F0EDFF03E0BF
:105140003A210948FBF7F3F988F801B0641C3A2CBE
:1051500082DB6D1C1D2DFFF678AFBDE8F09F0000CF
:10516000480A002078010020E417002030B5114AD9
:10517000114C0021506AA4F5A75500EB4003C3EB86
:10518000401305EB4303655C5D54491C3A29FADB87
:105190001C2806D1094B012151601960084B0021E0
:1051A00019601D21401C90FBF1F301FB13005062BC
:1051B00030BD000078010020281F002024000020BE
:1051C0002800002010B5022000F011F8032000F0A4
:1051D00020F8002000F014F8002000F02FF8002044
:1051E00000F026F8BDE81040002000F01BB808B51C
:1051F0000323009002226B21D020FFF783FB08BD20
:1052000008B50223009004221C21D020FFF77AFB6E
:1052100008BD08B50223009004221B21D020FFF70F
:1052200071FB08BD034601223721D020FFF751BB97
:10523000034605226A21D020FFF74BBB0346062216
:105240006B21D020FFF745BB0C4810B50A4901601F
:1052500000218160017301754FF46022C2614160D9
:1052600001210161FCF718FF08B1FCF7A6FCBDE8BD
:1052700010400248FCF722BE002801403403002001
:10528000094808B5416941F00201416140690022C5
:1052900000F00200009011463A20FDF7C3FEBDE881
:1052A00008403A20FDF7B0BE001002402DE9F04F53
:1052B00085B00024514800940194029403948169BC
:1052C00041F010018161816901F01001049181694F
:1052D00041F020018161816901F02001049181691F
:1052E00041F004018161816901F004010491816947
:1052F00041F0080181618069414F00F0080004908D
:10530000002244F210313846FDF716FE0122042136
:105310003846FDF711FEDFF8ECB04FF440480122AB
:1053200041465846FDF708FEDFF8DCA04FF400497F
:10533000002249465046FDF7FFFD0022382158461D
:10534000FDF7FAFD7814CDE9000469463846029469
:10535000FDF7F6FC01254FF48040CDE900056946D4
:105360003846CDE90245FDF7EBFC4FF445700326C6
:10537000CDE90005CDE9024669463846FDF7E0FC77
:10538000CDE900540227694650460297FDF7D8FC44
:10539000CDF800800396CDE9015469465846FDF7E3
:1053A000CFFCCDF800900397CDE9015469465046F3
:1053B000FDF7C6FC3820CDE9000569465846CDE921
:1053C0000245FDF7BDFC28028DE8310069465846CC
:1053D000FDF7B6FC680200900C48CDE9010569466E
:1053E0005846FDF7ADFC012202211720FDF71AFEF9
:1053F0001720FDF709FE05B0BDE8F08F0010024050
:1054000000100140000C0140000801400000211084
:1054100010B58EB000240794089409940A940B9454
:105420001C2168460C94FBF782F832483049C0E9E9
:10543000001441F61F41C0E90241802104618161ED
:10544000FEF7B2F908B1FCF7B8FB4FF480500790B3
:1054500007A92848FEF7EAF908B1FCF7AEFB254892
:10546000FEF7D0FB08B1FCF7A8FB0B940BA9214871
:105470000C94FEF75BF908B1FCF79FFB6020CDE9C7
:1054800000040294002269461A480494FEF754FB73
:1054900008B1FCF792FB042269461648FEF74CFB64
:1054A00008B1FCF78AFB082269461248FEF744FB64
:1054B00008B1FCF782FB0C2269460E48FEF73CFB64
:1054C00008B1FCF77AFB00210A48FEF7C9FB04216A
:1054D0000848FEF7C5FB08210648FEF7C1FB0C2172
:1054E0000448FEF7BDFB0348FEF7EEFA0EB010BD10
:1054F000000400406403002010B58CB024216846ED
:10550000FBF715F800241848099416490A94C0E9D5
:1055100000144FF6FF71C0E9024104618461032069
:10552000CDE900040120CDE902040A210491CDE96E
:105530000540CDE9074169460B48FEF7E5F908B19A
:10554000FCF73BFB099409A907480A94FEF7EEF81B
:1055500008B1FCF732FB3C210348FEF76DFA0CB0B2
:1055600010BD000000080040AC03002010B58CB056
:1055700024216846FAF7DBFF0024184809941649ED
:105580000A94C0E900144FF6FF71C0E902410461BA
:10559000446184610320CDE900040120CDE90204C7
:1055A0000A210491CDE90540CDE9074169460B4840
:1055B000FEF7AAF908B1FCF700FB099409A907480E
:1055C0000A94FEF7B3F808B1FCF7F7FA3C21034858
:1055D000FEF732FA0CB010BD00340140F403002095
:1055E00010B5114C0F480C2120604FF46130606001
:1055F0000020A060E060C4E90401A061E0612046F1
:10560000FEF7F8FC08B1FCF7D8FA2068C16841F051
:105610001001C160BDE81040FF2204490248FEF7B6
:1056200009BE0000004C00408C040020281F002010
:105630000E4810B50C4901604FF461314160002102
:1056400081600C22C160C0E904128161C161FEF772
:10565000D1FC08B1FCF7B1FABDE8104001220449C1
:105660000248FEF7F5BD000000500040D4040020C1
:10567000520100200C4810B50A4901604FF4E13195
:105680004160002181600C22C160C0E90412816187
:10569000C161FEF7AFFC002803D0BDE81040FCF765
:1056A0008CBA10BD003801401C0500200E4810B512
:1056B0000C4901604FF4E1314160002181600C220E
:1056C000C160C0E904128161C161FEF793FC08B1B9
:1056D000FCF773FABDE81040012204490248FEF7C6
:1056E000B7BD0000004800406405002050010020C4
:1056F000FEE7000000B501F0ABF80E4901280CD020
:1057000002280DD0032807D10878002804D10A48C0
:10571000016869B10021016000BD0020087000BD72
:105720000648017811B10021017000BD0121FBE79D
:105730000121F0E7190000202000002008000020CF
:10574000FEE700002DE9F0477948007800287BD17A
:1057500078480068784E0025A6F18004002873D0B0
:10576000E16C306805F054FE0746E06A05F0B8FCCD
:10577000616A05F043FE394605F0DEFC4AD8E06A6E
:1057800005F0AEFC616A05F039FB0746E16C306854
:1057900005F03EFE394605F0CFFCEFD8216D70686C
:1057A00005F036FE0746E06A05F09AFCA16A05F0AE
:1057B00025FE394605F0C0FC2CD8E06A05F090FCC7
:1057C000A16A05F01BFB0746216D706805F020FEFD
:1057D000394605F0B1FC1DD8FFF7D2FB574E584FA4
:1057E000584910B90A88012A15D0574A1288012A47
:1057F0002BD0564A564E574F1288DFF85C81DFF89F
:105800005C91012A3BD0564A1288012A50D009885F
:10581000012965D06BE0E06C05F0C4FA32463B46E6
:1058200004F006FD04F0D2FCE064206D05F0BAFA45
:1058300032463B4604F0FCFC04F0C8FC20654948B5
:105840006065A065484818E054E0E06C05F0AAFAED
:1058500032463B4605F0BCF904F0B8FCE064206D2C
:1058600005F0A0FA32463B4605F0B2F904F0AEFC72
:1058700020653E486065A0653D48E06537E0E06C26
:1058800005F090FA32463B4605F0A2F904F09EFC82
:10589000E064206D05F086FA32463B4604F0C8FC11
:1058A00004F094FC04F15001E56581E801031EE079
:1058B000E06C05F077FA32463B4604F0B9FC04F0A0
:1058C00085FCE064206D05F06DFA32463B4605F03C
:1058D0007FF904F07BFCC4E91409C4E9168506E0ED
:1058E00028B10128CBD00228E2D0032804D0656576
:1058F000A565E565BDE8F087E06C05F053FA1D4E3F
:105900001D4F32463B4605F063F904F05FFCE0644E
:10591000206D05F047FA32463B4605F059F904F090
:1059200055FC206515486065A0651548A5E7000091
:105930001900002030000020240200209A99999933
:105940009999A93F3A0000203C0000203E00002029
:105950007B14AE47E17A943F6F1203BB6F12033B97
:10596000400000206F12033C4DF30E3D0AD7A3BB4D
:105970004DF30EBDCDCCCC4CE17AA43F6F1283BB6E
:105980004DF38EBD10B40021084B0A465FF00000B5
:1059900003EBC004401CC0B262548028F8D3491CF9
:1059A000C9B20829F2D310BC00F09CB8F005002061
:1059B00010B57F2816D83F2914D80723A3EBD103AD
:1059C00001F00701C1F107040121A140064CDBB23F
:1059D00004EBC000002AC25CC9B201D00A4300E057
:1059E0008A43C25410BD0000F005002010B502200B
:1059F000FFF73EF80120FFF73BF8394C0020C4F8D0
:105A00009001642004F5C87401F096FC0120206028
:105A10000021AE2000F030F90021D52000F02CF953
:105A20000021502000F028F90021A82000F024F9DE
:105A300000213F2000F020F90021D32000F01CF9C4
:105A40000021084600F018F90021402000F014F968
:105A500000218D2000F010F90021142000F00CF935
:105A60000021202000F008F90021022000F004F9B4
:105A70000021A12000F000F90021C02000F0FCF876
:105A80000021DA2000F0F8F80021122000F0F4F8EC
:105A90000021812000F0F0F80021EF2000F0ECF868
:105AA0000021D92000F0E8F80021F12000F0E4F80E
:105AB0000021DB2000F0E0F80021302000F0DCF8CD
:105AC0000021A42000F0D8F80021A62000F0D4F88E
:105AD0000021AF2000F0D0F8BDE81040FFF752BF22
:105AE0000080214270B5114E002400BF04F1B000C7
:105AF000C0B2002100F0C0F80021084600F0BCF858
:105B00000021102000F0B8F85FF0000506EBC5009A
:105B10000121005D00F0B0F86D1CEDB2802DF5D3D1
:105B2000641CE4B2082CE1D370BD0000F005002035
:105B30002DE9FF4F203A1F460C46894602F0FF0A26
:105B40000025DDF834B032E00C2F09D01A4901EB02
:105B50000A104FF00008465D300607D55A4609E0A6
:105B600016490AEB4A0001EB8000F2E7BBF1000F97
:105B700012D0002221460098FFF71AFF7006641C1D
:105B8000060EE4B2A4EB0900B84207D100984C46D7
:105B9000401CC0B2009008E00122EBE708F10100D0
:105BA00000F0FF08B8F1080FD6D36D1CEDB2BD426E
:105BB000CAD3BDE8FF8F0000EABA000876B6000835
:105BC0002DE9FF4F81B00026DDF838A01D46934631
:105BD000814634464FF001084FEA5A0727E0281B58
:105BE000401EC1B20A2003F01EFBBBFBF0F00A21ED
:105BF000B0FBF1F201FB120026B9691E8C4201DAFA
:105C000048B101263030C2B207FB0490C0B25346FF
:105C1000CDF8008006E007FB0490C0B25346202276
:105C2000CDF800800299FFF783FF641CE4B2AC4218
:105C3000D5D305B0BDE8F08FF8B516460D4604463D
:105C4000012714E07A2C02D900241035EDB23A2D48
:105C500003D900242546FFF795FE009732780C23E0
:105C600029462046FFF764FF0834E4B2761C3078FA
:105C70000028E7D1F8BD000070B500250E4A0123C9
:105C800011B1C2F88C3101E0C2F88C510B4C0021EB
:105C9000C4F8B851060602D5C2F8943101E0C2F842
:105CA0009451C4F8B8314006491C000EC9B2082905
:105CB000EED3C2F88C3170BD008021420000224238
:105CC0000020044902460A54401CC0B20928FAD3F5
:105CD00070470000000A00202DE9F84F0124824699
:105CE000ADF800401D4800254570ADF800401C4E41
:105CF0001C4F81464FF6FF7826E000BFBDF800102C
:105D000011EA0A0F02D0C6F8A44101E0C6F8A45176
:105D1000C6F8A041052001F029FBC6F8A0510520D6
:105D200001F024FBC6F8A041D7F8200130B199F862
:105D30000110BDF80020114389F80110BDF80000E2
:105D400008EA4000ADF80000BDF80000FF28D5D9F2
:105D5000BDE8F84F102001F009BB0000000A002048
:105D6000000022420080214270B5FFF7A9FF00F039
:105D70004FF80B480B4BB0F803100A4820338180D2
:105D80000020012413F8105000F101006D1E04FAE8
:105D900005F20A42C0B202D01028F3D3002070BD31
:105DA000000A00200401002010B5FFF7DDFF1149B3
:105DB000114AC861D379CB60137A0B6154794C6175
:105DC00092798A6101240D4A042801D1107878B1B2
:105DD000886800280BD0762B09DA1078002806D1C5
:105DE000084914700648086008490748086010BD53
:105DF0008C60F0E704010020000A00201800002059
:105E00000000964344000020000048444800002061
:105E10002DE9FC4700248DF800400125ADF8045021
:105E2000254EC6F89041254F3878FFF755FF787812
:105E3000FFF752FF02208DF80000214FDFF8849019
:105E40004FF6FF7830E000BFADF8045020E000BF0F
:105E5000C6F8A051052001F089FAC6F8A041052036
:105E600001F084FAC6F8A051D7F8200150B19DF88E
:105E70000010BDF8042019F8011011439DF800200E
:105E800009F80210BDF8041008EA4100ADF804005A
:105E9000BDF80400FF28DBD9102001F067FA9DF857
:105EA0000000401C8DF800009DF800000928CBD3AD
:105EB000C6F89051BDE8FC87000022420601002090
:105EC00000802142000A0020884200DD08469042FE
:105ED00000DA1046704770472DE9F04F89B0684CE2
:105EE00007A8CDE9004004F1260106AB02AA881FED
:105EF00001F0A6FB2088C0057ED5029805F0F0F8D9
:105F00006FF01D06314605F05AFB8046606003982D
:105F100005F0E6F8314605F052FB0746A06004980C
:105F200005F0DEF8314605F04AFB0546E0600598CD
:105F300005F0D6F8314605F042FB06462061012106
:105F4000404605F03CFB294605F02AF905464FF08E
:105F500040484146384605F023F9314605F020F91E
:105F6000294604F04BFF04F01DFF00F0CDFDDFF8E3
:105F700014A14FF066394A46534604F003FC04F07E
:105F800025F96061E0680121054605F018FB8346AC
:105F9000294605F005F90546A0684146064605F084
:105FA000FFF8314605F0FCF8294605F031FA4FF0CC
:105FB0007E5104F023FF04F0F5FE07460D46012153
:105FC000606805F0FCFA314605F0EAF806465846E6
:105FD000216905F0E5F8314604F010FF04F0E2FE17
:105FE0003A462B4600F0D8FF4A46534604F0CAFB17
:105FF00004F0ECF8A06100E03FE02169019108465F
:1060000005F0CEF8E16807460846009105F0C8F8AB
:10601000A16806468B46584605F0C2F861680546F9
:106020008846404605F0BCF8294604F0E7FE3146B4
:1060300005F0EEF9394605F0EBF904F0B3FE06463B
:106040000D464046019905F0ABF8074658460099C1
:1060500005F0A6F8394604F0D1FE012105F0AFFAAB
:1060600004F0A0FE32462B4600F096FF4A46534607
:1060700004F088FB04F0AAF8E06109B0BDE8F08FF5
:10608000CC00002066A64C400021032805D004283F
:1060900005D0082805D000207047044A02E0044AD1
:1060A00000E0044A1068116000B270472404004008
:1060B00024080040243401407047000010B50F4B05
:1060C0004FF4E1521C1D002804DD1A60C0F5E150B8
:1060D000206003E000F5E15018602260074B0833B0
:1060E000181D002904DDC1F5E1511960026010BDE1
:1060F0001A6001F5E151016010BD00003404004058
:10610000FCF726BF30B595B028216846FAF70FFA9C
:1061100014210AA8FAF70BFA18210FA8FAF707FAC0
:1061200001210804CDE90010002502950224049104
:10613000CDE907404FF4E01009906846FDF752F9A9
:1061400008B172B6FEE70AA90F2081E831004FF4CA
:106150008060CDE90D0502210AA8FDF767F808B1B6
:1061600072B6FEE74FF4004011900F940FA8FCF7B1
:10617000E7FF002801D072B6FEE715B030BD7047CA
:10618000F0B502681C4B1D4D1D4E1E4F1E4C4FF0AE
:10619000804C984209D0A04207D0604505D0A84263
:1061A00003D0B04201D0B84204D122F0700E4A6848
:1061B00042EA0E02984209D0A04207D0604505D0BD
:1061C000A84203D0B04201D0B84203D122F44075B6
:1061D000CA682A434D6922F080022A4302608A6815
:1061E000C2620A688262984201D0A04201D1096964
:1061F000016301214161F0BD002C01400004004019
:1062000000080040000C00400034014010B501F0CF
:106210001F030121046A99408C430462016A9A4079
:106220001143016210BD10B5846842EA032224F4D0
:106230007F440A432243826010BD826822F07002CC
:106240000A4342F00701816070470000F0B5036A1D
:10625000026A22F00102026242688469124E24F04E
:1062600073050C682C4323F002058B682B430D4DFE
:10627000A84201D0B04205D123F00807CB683B43C8
:1062800023F00403A84201D0B04205D14D6922F4A5
:10629000407215438A692A434260846149684163B8
:1062A0000362F0BD002C014000340140F0B5026AE9
:1062B000036A23F010030362436884690D6824F4C1
:1062C000E64444EA05248D6822F0200242EA0512E1
:1062D0000F4D104EA84201D0B04206D1CF6822F037
:1062E000800242EA071222F04002A84201D0B042E6
:1062F00007D14D6923F4406343EA85038D6943EA7E
:10630000850343608461496881630262F0BD0000D7
:10631000002C014000340140F0B5026A036A23F406
:10632000807303624368C46922F4007224F0730529
:106330000C68124E2C438D6842EA05220E4DA8428D
:1063400001D0B04206D1CF6822F4006242EA0722AF
:1063500022F48062A84201D0B04207D14D6923F4F3
:10636000405343EA05138D6943EA05134360C46152
:106370004968C1630262F0BD002C01400034014055
:1063800030B5046A026A22F4805202624268C3692C
:106390000D6823F4E64343EA05238D6824F4005492
:1063A00044EA0534084DA84202D0084DA84204D161
:1063B0004D6922F4804242EA85124260C361496815
:1063C0000164046230BD0000002C01400034014033
:1063D00010B5036A046A24F001040462846924F09D
:1063E000F00444EA021423F00A020A4384610262C0
:1063F00010BD10B5036A046A24F0100404628469B5
:1064000023F0A00324F4704444EA023243EA011169
:106410008261016210BD000010B50448FDF7B4FCB4
:10642000BDE81040014800F0E5B900008C040020F0
:106430000148FDF7A9BC0000D404002010B5406A53
:106440000021C185C184FDF79EFC10BD70B5446A72
:106450002068406994F84110C0F3C010002521293C
:1064600004D118B1E584204600F08EF82068406918
:1064700094F84210C0F38010222904D118B1E585A8
:10648000204600F05AF8606C40F01000606420462E
:10649000FDF779FC70BD10B50146406A09680968CE
:1064A0004FF0000289062ED4C28501680C3151E8F4
:1064B000003F23F4807341E80034002CF5D10168DB
:1064C000143151E8003F23F0010341E80034002C6F
:1064D000F5D10168143151E8003F23F0400341E851
:1064E0000034002CF5D1202180F84210016B0129E5
:1064F00009D101680C3151E8003F23F0100341E855
:106500000034002CF5D14263016B012902D0FDF764
:10651000ADFE10BD818DFDF7FDFB10BD10B5406ACD
:1065200001214163016B012902D0FEF78FF810BDF4
:10653000818D4908FDF7EEFB10BD01680C3151E873
:10654000002F22F4907241E80023002BF5D101685E
:10655000143151E8002F22F0010241E80023002B02
:10656000F5D1016B012909D101680C3151E8002FE7
:1065700022F0100241E80023002BF5D1202180F801
:10658000421000210163704701680C3151E8002F6F
:1065900022F0C00241E80023002BF5D1202180F831
:1065A0004110704708B590F84210222901D002200E
:1065B00008BD82684FF480539A4201D1016921B12C
:1065C000816A9A421BD04AB10AE00268816A526825
:1065D000C2F308020A80816A891C08E0026972B16C
:1065E0000268526802F07F020A70816A491C816267
:1065F000C18D491E0904090CC18503D01BE0026846
:106600005268F1E70168CA6822F02002CA60016896
:10661000CA6822F48072CA6001684A6922F00102E5
:106620004A61202180F8421000214163026B012A57
:1066300003D0FDF71BFE002008BD016301680C318B
:1066400051E8002F22F0100241E80023002BF5D181
:1066500001680A68D20602D50A6849680091818DEE
:10666000FDF758FBE7E7000070B5044600680169D4
:10667000E26821F44051114301612169A068084397
:10668000616908432168CA6841F20C639A43024376
:10669000CA6020684169A26921F4407111434161D7
:1066A0001E492068884202D1FCF766FE01E0FCF733
:1066B00053FE00EBC00101EB001260686421800012
:1066C000B2FBF0F3B3FBF1F36FF018067343B2FBC8
:1066D000F0F5B2FBF0F605EB8305322303EB05156D
:1066E000B5FBF1F5B6FBF1F605F0F00505EB061587
:1066F000B2FBF0F6B2FBF0F0B0FBF1F06FF0180275
:10670000504306EB800003EB0010B0FBF1F0216872
:1067100000F00F002844886070BD00000038014080
:1067200038B58162044682850020134660642222C7
:1067300084F84220E56B1B4AAA62E56B1A4AEA62BA
:10674000E56B1A4A2A63E26B50630A462168E06BE4
:10675000091DFCF77BF820680168406800902069FB
:1067600048B120680C3050E8001F41F4807140E8C7
:106770000012002AF5D12068143050E8001F41F0C3
:10678000010140E80012002AF5D12068143050E8D9
:10679000001F41F0400140E80012002AF5D100201E
:1067A00038BD0000976400081D6500084D640008AE
:1067B00081628285C28500214164222180F84210D5
:1067C000016921B10168CA6842F48072CA60016837
:1067D0004A6942F001024A610068C16841F0200143
:1067E000C1600020704700000148FDF7CDBA0000ED
:1067F0006405002038B511481149006888421CD151
:106800000168C943C90618D40168406800900B4864
:10681000FDF781FA0B4800684068C0F1FF00C4B280
:10682000FEF7A4FC21460848F9F781FEBDE8384090
:10683000FF2205490148FDF7FDBC38BD8C0400204E
:10684000004C0040AC050020281F0020FEE700009F
:10685000294810B503780021284A062B37D2DFE8F3
:1068600003F0030816203042D2F80011012913D09A
:106870002DE083885B1C9BB28380052B27D1D2F847
:106880000021012A01D0818006E0022214E0D2F822
:106890000011012902D00321017018E08188491CF0
:1068A0000DE08288B2F5C87F03D901708180022093
:1068B00010BD052A02D90422027000E00170818017
:1068C00005E083885B1C9BB28380262B01D00020CF
:1068D00010BDD2F80021012A03D00170818001206F
:1068E00010BD0522E8E7D2F80021012AD6D0818028
:1068F0000170032010BD0000900000200000214224
:10690000490050EAC12018BF04204A0D18BF40F0CA
:10691000010040F2FF72B2EB515F08BF40F002008D
:10692000012808BF052070474100080218BF042055
:106930000A0E18BF40F001004FF07F4232EA010119
:1069400008BF40F00200012808BF05207047090772
:10695000090E002804DB00F1E02080F800147047E5
:1069600000F00F0000F1E02080F8141D70472DE9C1
:10697000F0414F1E00EBC7010446D1E90001154666
:106980001E4637F006020DD02A46334603F0FAFEC3
:106990007F1E04EBC703D3E9002303F049FC37F063
:1069A0000602F1D1022F25D0042F13D0062F18BFD5
:1069B000BDE8F0812A46334603F0E4FED4E90A2319
:1069C00003F036FC2A46334603F0DCFED4E9082304
:1069D00003F02EFC2A46334603F0D4FED4E9062306
:1069E00003F026FC2A46334603F0CCFED4E9042308
:1069F00003F01EFC2A46334603F0C4FED4E902230A
:106A000003F016FC2A46334603F0BCFED4E900230B
:106A1000BDE8F04103F00CBC0022134610460149CA
:106A200003F0C2BC0000F03F012204F09ABD03F065
:106A3000FFBB002213461046114603F0B5BC40F2DE
:106A4000013200204FF0E04104F08BBD024A0020EB
:106A5000110704F086BD000001FDFFFF012104F0D5
:106A6000AEBD61214FF0E04004F0A9BD6FF05E01C2
:106A7000080704F0A4BD30380A2801D2012070476D
:106A800000207047704700002DE9FE4F07460E4674
:106A90000025684601F0EAF900246FF00F0AE84685
:106AA0004FF0010957F8240056F82410401A00D579
:106AB000404204F015FB514604F081FD58F82410C3
:106AC00011F0FF4F0BD004F00DFA4FF07E5104F09F
:106AD0009FFC0A4920F00040884205DC07E0084995
:106AE00008440849884202D309FA04F00543641CAB
:106AF000032CD7DB2846BDE8FE8F0000295C0F3E43
:106B0000666666C19A99D9002DE9F04D8D4F21F046
:106B1000004A86B005460C46BA452ADBAAEB0700B8
:106B200028430AD08848824501DC1AD1CDB106B08D
:106B30002846BDE8F04DFFF777BF844A844B2846CE
:106B400003F020FE07460E46824A834B2846214624
:106B500003F018FE06B03A463346BDE8F04D03F0A8
:106B600067BB0120F9F78AFD06B0BDE8F04DFFF7DD
:106B700060BF7A48824542DABAF1795F0BDA28467B
:106B8000FFF7BEFE042808BFFFF760FF284606B0E7
:106B90002146BDE8F08D2A460B46104603F0F2FD73
:106BA000834602466E480E460B4606217844FFF7A0
:106BB000DEFE5A46334603F0E5FD804669488A46C4
:106BC0005A46334604217844FFF7D1FE5A463346ED
:106BD00003F0D8FD00223B4603F02AFB02460B4699
:106BE0004046514603F0E0FB2A46234603F0CAFD27
:106BF00006B02A462346BDE8F04D03F019BB2846EF
:106C000024F0004100223D463B4603F0EFFE4FF0EA
:106C1000FF3204F0A6FC0646024653480F460B46D8
:106C200006217844FFF7A3FE32463B4603F0AAFD57
:106C3000CDE900014D4832463B4604217844FFF738
:106C400096FE32463B4603F09DFD00222B4603F0A4
:106C5000EFFA834602913046394603F0FDF980464B
:106C600043480D46504517DCDDE900015A46029BBA
:106C700003F09AFB42462B4603F084FD42462B4626
:106C800003F0D6FA012204F06CFC304A304B03F0DA
:106C90009FFF304A304B4CE04FF0000A52460B4603
:106CA000404603F0C5FACDE9031052462B46104684
:106CB000194603F067FD32463B4603F097FEDDE9D7
:106CC000033203F071FB06460F46DDE900015A4628
:106CD000029B03F069FB834600910122304639464E
:106CE00004F03FFC194A1A4B03F080FE06460F469B
:106CF00001224046294604F034FC5A46009B03F02A
:106D000041FD32463B4603F063FF06460F46012233
:106D10005046294604F025FC0E4DDFF858802A46DF
:106D2000434603F063FE32463B4603F05FFE2A46CD
:106D3000434603F05BFE002CD8BF81F0004106B053
:106D4000BDE8F08D0000F03F0000F07F075C1433D9
:106D500026A6913C182D4454FB21F93F0000E03F4A
:106D60005062000066620000DA610000F06100001D
:106D70003333EF3FFB21E93F2DE9F84F04460D4641
:106D800021F0004000917349814211DC7249884230
:106D900001DC06D12CB120462946BDE8F84FFFF7AB
:106DA00043BE6E48002DCCBF6D496E49BDE8F88FDB
:106DB0006D49814211DD6D498142D8BF4FF0FF36E8
:106DC0006DDD20462946FFF79BFD042808BFFFF72D
:106DD0003DFE20462946BDE8F88F6549654F25F000
:106DE0000045814233DD6449814219DD0026324687
:106DF0004FF080432046294603F01AFA80468A461F
:106E000001222046294604F0ACFB00223B4603F059
:106E1000DFFE4246534603F0C7FA04460D463EE005
:106E200001260022BA463B462046294603F000FAD6
:106E300080460F46002253462046294603F0C8FEEE
:106E400042463B4603F0B0FA04460D4627E04B4964
:106E500081421BDDDFF828A102260022534620468E
:106E6000294603F08FFC00223B4603F0E1F98046FF
:106E70000F46002253462046294603F0A9FE42460B
:106E80003B4603F091FA04460D4608E003262246ED
:106E90002B4600203B4903F087FA04460D46224664
:106EA0002B461046194603F06DFC8B46824602467F
:106EB0000B4603F067FC07460246334888460B46FC
:106EC00006217844FFF753FD52465B4603F05AFC17
:106ED00082462E488B463A46434605217844FFF7C2
:106EE00046FD3A46434603F04DFC02460B46002E53
:106EF000504659460CDA03F09BF922462B4603F024
:106F000041FC01B022462B46BDE8F04F03F06EBDB8
:106F100003F08EF922462B4603F034FC1C4A7A44D7
:106F200002EBC603D3E9002303F052FE22462B46B0
:106F300003F04EFE174A7A4402EBC603D3E900235E
:106F400003F054FD009A002AB8BF81F00041BDE86B
:106F5000F88F0000000010440000F07F182D44540A
:106F6000FB21F93FFB21F9BF0000DC3F0000203E80
:106F70000000F33F0000F03F0000E63F00800340C8
:106F80000000F83F0000F0BF7A60000038600000A9
:106F9000D65F00009E5F00002DE9F04D9446CCF1D5
:106FA000000423F000464CEA0404524F46EAD4742D
:106FB0009A46884621F00042BC4206D8454240EA43
:106FC000050442EAD474BC4204D9BDE8F04D6246DF
:106FD000FFF72DBDAAF14055A5F17F6555EA0C04D8
:106FE0000BD0022404EAAA74434DDFF810E144EA0E
:106FF000D87452EA000B04D00CE0BDE8F04DFFF766
:10700000BBBE002C14BF012CBDE8F08D022C30D08B
:10701000032C32D056EA0C0B0AD0BE4220D1BA4221
:1070200009D126F0804622F080423346114617E00F
:1070300000291ADB25E0DFF8C8B0FB44002C04BFB0
:10704000DBE90001BDE8F08D012C02BFDBE90001A6
:1070500081F00041BDE8F08D022C0AD0032C0CD049
:10706000BA4212D1B8F1000F0BDA23482549BDE826
:10707000F08D28462449BDE8F08D28467146BDE8CC
:10708000F08D1D482149BDE8F08D921B12153C2A58
:10709000C4BF19481D490EDCBAF1000FBEBF12F182
:1070A0003C0F0020014606DB624603F07DF921F02B
:1070B0000041FFF761FE002C08BFBDE8F08D012CF8
:1070C00004BF81F00041BDE8F08D114A114B022C44
:1070D00007D003F07DFD2A46BDE8F04D0A4B03F0D2
:1070E00077BD03F075FD2A46BDE8F04D064B03F071
:1070F0007DBC00000000F07F182D4454FB2109C026
:10710000625F0000FB21F9BFFB210940FB21F93F31
:10711000075C143326A6A13C2DE9F04391B0202151
:107120006846F9F704FA754DA879697900EB0120F2
:1071300003F0D8FA724C0022234603F035F903F02D
:1071400045F8074695F8380095F8371000EB012010
:1071500003F0C8FA0022234603F026F903F036F8BC
:107160000446202108A8F9F7E2F96648DFF898817B
:10717000874207DD6548844204DA4146204603F031
:107180003DFE044600262046394604F041F9F11E32
:1071900004F015FA814608AC304603F0B9FF014609
:1071A000484603F0FDFF394603F028FE414644F807
:1071B0002600884203DD04F02BF944F82600761CF3
:1071C000F6B2082EE8D300200BE0102860D2DFE8EA
:1071D00000F0080813131E1E292934343F3F4A4A81
:1071E000555500EB40012944009A0B7AC9791A449D
:1071F00002EB012100914BE000EB40012944019A90
:107200000B7AC9791A4402EB0121019140E000EBAD
:1072100040012944029A0B7AC9791A4402EB0121F0
:10722000029135E000EB40012944039A0B7AC979B9
:107230001A4402EB012103912AE000EB40012944AA
:10724000049A0B7AC9791A4402EB012104911FE0D8
:1072500000EB40012944059A0B7AC9791A4402EBE4
:107260000121059114E000EB40012944069A0B7AB4
:10727000C9791A4402EB0121069109E000EB4001B3
:107280002944079A0B7AC9791A4402EB0121079124
:10729000401CC0B2102898D31D4A1E490020137804
:1072A000EC4600BF1D1801EBC50754F820607E6056
:1072B0005CF82060401C7608C0B221F835600828D0
:1072C000F0D30833D8B21070E12813D30B4B002051
:1072D00013F13C0301EBC00403EBC00564686C6070
:1072E00031F8304023F83040401CC0B2E128F1D3DF
:1072F0000020107011B0BDE8F0830000E4170020FA
:10730000000059400000AF430000B443000050416A
:1073100078010020DC1000204FF0E020016921F00E
:107320000401016103480921017042F228314180C2
:1073300070470000A00100200B49498848434FF0E6
:10734000E021486100228A61086940F0010008617B
:107350000869C30701D0C003FAD5086920F001000D
:1073600008618A6170470000A00100200B4909787C
:1073700048434FF0E021486100228A61086940F0EB
:10738000010008610869C30701D0C003FAD5086984
:1073900020F0010008618A6170470000A001002010
:1073A00008B560B120208DF8000028208DF801007C
:1073B00030208DF8020038208DF8030004E0A3226D
:1073C00004216846F9F789F86A46042140F69E20B0
:1073D00001F0B0FE01F076FB08BD00003EB50446AA
:1073E00002208DF80000CA208DF80100E3208DF8FE
:1073F000020009208DF803006A460421682001F08C
:1074000099FEA3208DF80000610609D5C0218DF8F2
:107410000110C8218DF80210C2218DF8031005E07B
:107420008DF801008DF802008DF8030014F4C07F80
:1074300009D0C4218DF80410CC218DF80510C62187
:107440008DF8061005E08DF804008DF805008DF824
:1074500006008DF808008DF807008DF809006A46CF
:107460000A2140F6A72001F065FEA0074FF0D805DD
:1074700003D020208DF8000001E08DF800506A460E
:10748000012140F6B62001F055FEA00601D50120ED
:1074900000E0002000F08EF814F4C07F1ED0E0055C
:1074A0000AD5B2208DF800008B208DF80100B6209F
:1074B0008DF802009B2009E0B0208DF800008020AC
:1074C0008DF80100B4208DF8020090208DF80300A3
:1074D0006A46042140F6A22001F02CFEE1074FF499
:1074E0000B6022D0F8218DF800106A46012101F0CE
:1074F00021FEFA21072000F039FB072000F004FBF1
:10750000012000F021FB642000F0C4FB4FF4FA706E
:1075100000F0D0FBC821254800F0BEFA282000F07A
:10752000D3FA0A2000F0E0FA05E08DF800506A4630
:10753000012101F0FFFDA00703D5D9208DF800003F
:1075400001E08DF800506A46012140F23D7001F0E3
:10755000F1FD600701D5012000E0002000F048F8AF
:10756000E00601D5012000E00020FFF719FF104DD3
:1075700044F00800688101F0A5FA0020A8736006B5
:1075800001D50620A87314F4C07F02D0A87B801D0B
:10759000A87314F0140F02D0A87B1030A873A007B2
:1075A00002D0A87B001DA87300203EBD09E3CA02DB
:1075B000F00900200EB54FF4976310B106A107C97A
:1075C00001E008A207CA8DE807006A4609211846AB
:1075D00001F0B0FD0EBD0000B8AAB38DB4980D3512
:1075E0005D000000B8AAAAAAB088C3C5C700000001
:1075F00008B560B1C0208DF80000C2208DF80100F0
:10760000C4208DF80200C6208DF8030004E08B2210
:1076100004216846F8F761FF6A46042140F6982085
:1076200001F088FD01F04EFA08BD0000C8234FF4B8
:107630008062024940F6F63001F026B92CC10008FC
:107640002DE9FF4F89B01746DDE9165200244C4E54
:10765000884681462C80A246B07B694601F0C0F97D
:107660004FF0FF3B18B158460DB0BDE8F08F708960
:1076700010F0140F3CD0009909BA21F0FF039DF8D7
:1076800003100B433B6001991B1409BA21F0FF0260
:107690009DF807105B430A437A6002999DF80B40FE
:1076A00009BA21F0FF012143B960039C091424BAEF
:1076B00024F0FF0C9DF80F4012144CEA040CC7F89C
:1076C0000CC04FEA2C47494302FB023207FB07116B
:1076D00011441024A1F17061B1F1007F04D901F0CF
:1076E000F1F9A5F800A0BEE7298841F4807129804E
:1076F0004206694611D50A19A41D13885BBAA8F879
:10770000003053885BBAA8F80230928852BAA8F8C1
:1077100004202A8842F008022A8010F4C07F11D089
:107720000A19A41D13885BBAA9F8003053885BBA04
:10773000A9F80230928852BAA9F804202A8842F0A7
:1077400070022A80800716D00C44E07800F0C00553
:1077500000F03F016078C00706D0C80801F00701BB
:107760003268491C02B190476078000703D5716800
:1077700009B1A80988470C9801F054FD002073E76F
:10778000F00900202DE9FF41044603A800F032FF74
:10779000BDF80C00410CC3032F48028902F003001E
:1077A000550754F8200000D54042C2F3C1059606A3
:1077B00054F8255000D56D42C2F38116D20554F815
:1077C000264000D56442A0FB0367C21702FB037288
:1077D00000FB0120820042EA9670A5FB0367EA17CE
:1077E00002FB037205FB0122950045EA9672A4FB99
:1077F0000367E51705FB037304FB01318B0043EAC4
:107800009671030E8DF80030030C8DF80130030AD9
:107810008DF802308DF80300100E8DF80400100C66
:107820008DF80500100A8DF80600080E8DF8080086
:10783000080C8DF80900080A8DF80A008DF8072059
:107840008DF80B106A460C214FF4257001F072FC84
:1078500004B0BDE8F0810000F009002030B5044616
:1078600013A285B007CA8DE807004FF0FF35C82C7A
:1078700016D8C820B0FBF4F1491E080A8DF80C0098
:107880008DF80D1003AA022140F2162001F052FCDF
:1078900030B96A460C2140F6C12001F04BFC10B112
:1078A000284605B030BD054884810020F9E7000076
:1078B000FEF2ABC4AAF1DFDFBBAFDFDFF0090020CF
:1078C000F8B53049098901F0030250F822404A070F
:1078D00000D56442C1F3C1028B0650F8222000D5C6
:1078E0005242C1F3811350F82330C80500D55B42E2
:1078F000254984FB0140850045EA947082FB0142E2
:10790000A40F44EA820483FB0121950F45EA810517
:10791000010E8DF80010010C8DF80110010A8DF890
:1079200002108DF803006A4604214FF4747001F0D0
:1079300001FC4FF0FF3688B9200E8DF80000200CB6
:107940008DF80100200A8DF802008DF803406A4688
:1079500004214FF4757001F0EDFB08B13046F8BD1D
:10796000280E8DF80000280C8DF80100280A8DF8EB
:1079700002008DF803506A4604214FF4767001F03E
:10798000D9FBF8BDF009002009E3CA022DE9FF4147
:1079900004463CA004F00303006802903AA000688B
:1079A00003903AA006683AA0056802A8C15C8DF869
:1079B0000010C4F3C101425C8DF80120C4F38112B0
:1079C000805C8DF8020003A8C35C8DF80430415C34
:1079D0008DF80510805C8DF806006A46032140F2A0
:1079E000264001F0A7FB4FF0FF37E0BB01AA0321BF
:1079F00040F22A4001F09EFBA8BBCDE9006560077C
:107A00000BD59DF8000040F001008DF800009DF8B6
:107A1000040040F001008DF80400A0060BD59DF88D
:107A2000010040F001008DF801009DF8050040F0D4
:107A300001008DF80500E0050BD59DF8020040F02F
:107A400001008DF802009DF8060040F001008DF85D
:107A500006006A4603214FF4886001F06BFB10B901
:107A600001AA032100E004E040F2314001F062FB92
:107A700018B1384604B0BDE8F08106480481002002
:107A8000F8E700004CCD6C000CC92C00365676008F
:107A900026466600F00900204FF47A7290FBF2F05F
:107AA00008B54843010E8DF80010010C8DF8011047
:107AB000010A8DF802108DF803006A4604214FF484
:107AC000AE7001F037FB08BD0521B0FBF1F008B541
:107AD000010A8DF800108DF801006A4602214FF46A
:107AE000AD7001F027FB08BD0521B0FBF1F008B532
:107AF000010A8DF800108DF801006A4602214FF44A
:107B0000AC7001F017FB08BD08B500218DF800101E
:107B1000C10702D030218DF80010810705D59DF8EE
:107B2000001041F00C018DF80010400705D59DF8BC
:107B3000000040F003008DF800006A4601214FF478
:107B4000A47001F0F7FA08BD08B560B1042800D9A7
:107B50000420401E8DF800006A46012140F24F10BB
:107B600001F0E8FA08BD0120F3E700002DE9FC412F
:107B7000054640074FF0FF367CD0B1F5C86F79D885
:107B8000084603F0C5FA3E4903F0ACF9074601A8E0
:107B900000F012FD9DF80400022806D004280DD044
:107BA00008282ED0102865D134E00E21384603F085
:107BB00006FD03F075FA84B2324907E00D2138461C
:107BC00003F0FDFC03F06CFA2F4984B2384603F051
:107BD000E7FA03F065FA210A8DF8001080B28DF8FB
:107BE0000140010A8DF802108DF80300E8076C4689
:107BF00020D0224602214FF4EA7001F09BFAC8BB64
:107C000011E00C21384603F0DAFC03F049FA84B2A3
:107C10001E49DBE70B21384603F0D1FC03F040FAA4
:107C200084B21B49D2E7A21C02214FF4927001F0EA
:107C300081FAF8B9A8070DD56A4602214FF4EC7015
:107C400001F078FAB0B9A21C02214FF4947001F04F
:107C500071FA78B9680710D56A4602214FF4EE70C0
:107C600001F068FA30B9A21C02214FF4967001F0BD
:107C700061FA10B13046BDE8FC810020FBE700004E
:107C800000004843000040460000C0450000404559
:107C90000000C0440521B0FBF1F008B5010A8DF8E1
:107CA00000108DF801006A4602214FF4EF7001F0D8
:107CB00041FA08BD0521B0FBF1F008B5010A8DF8C5
:107CC00000108DF801006A4602214FF4ED7001F0BA
:107CD00031FA08BD2DE9F04104464FF019404E49F4
:107CE000002500EB440088424AD84C49204603F066
:107CF00057FA03F053FB804603F0B6F906464849AD
:107D0000404603F04DFA07464649404603F048FA1C
:107D1000214603F073FB394603F07AFB04464249DF
:107D200003F03EFA414903F069F8214603F038FABE
:107D30006FF0414103F062F8214603F031FA3C490B
:107D400003F05CF8214603F02BFA0146394806F0AF
:107D50000304784450F8240003F022FA36497944A9
:107D600051F8241003F04AF83449794451F82410AA
:107D700003F044F8B11085BBBDE8F04103F01FBC2F
:107D80004FF0FF4131EA040018D04FF0CE41B1EB83
:107D9000440F84BF4FF07E50BDE8F0812849B1EB1D
:107DA000440F28BF0125A0D20220F8F767FC14F089
:107DB000004F0ED0BDE8F041FEF758BE204614F546
:107DC000000F04BF0020BDE8F081BDE8F041FEF7E0
:107DD00045BEBDE8F041FEF744BE03F0F0FB0400F1
:107DE0000BD0B4F1FF4F0FD0FEF79EFD042808BF63
:107DF000FEF73CFE2046BDE8F0810220F8F73EFC8D
:107E0000BDE8F041FEF732BE0220F8F737FCBDE8CE
:107E1000F041FEF726BE00000000501E3BAAB8400D
:107E2000F4FD05370070313E12BB2A3D12BB2A3EDD
:107E3000FFFF7F3F3A5200001E5200000252000036
:107E40000000A08510B504460548E1B2007828B1CD
:107E5000044800BF02F096F9204610BD0248F9E739
:107E60000800002000380140004800402DE9FE4392
:107E70000646264801AB042240680D21007800F038
:107E800099FA10B10720BDE8FE839DF804101C206C
:107E900000EAD1029DF80710DFF87490C1F30113D6
:107EA0001A438DF800209DF80520C1F3810300EAF4
:107EB000D2021A438DF801209DF8062001F003013B
:107EC00000EAD20008430024124F8DF80200A046B9
:107ED0006D46285D10B146F824900AE046F82480EB
:107EE0000DE000BF56F82400394603F059F946F872
:107EF0002400285D401E10F0FF002855F2D1641CBC
:107F0000E4B2032CE5D30020BDE70000A000002070
:107F10007B14AE3E1D5A843F2DE9FE4F05460120DD
:107F2000C14E8DF800004FF000088DF801803068D8
:107F30000C461746817C70686B460222007800F080
:107F400071FA4FF0FF3A00287AD1C820FFF7F4F910
:107F50008DF8008030686B460122C17B7068007824
:107F600000F060FA0028EFD130686B4601224179B9
:107F70007068007800F056FA0028E5D130686B464A
:107F80000122817C7068007800F04CFA0028DBD177
:107F900030686B460122C17D7068007800F042FABB
:107FA0000028D1D130686B460122017970680078D1
:107FB00000F038FA0028C7D14FF00C098DF8009076
:107FC00030686B46012201797068007800F02AFA67
:107FD000002835D10F20FFF7AFF9B06A6B460122B8
:107FE000407A8DF80000306881787068007800F081
:107FF00019FA002824D1B06A6B460122007A8DF864
:108000000000306841787068007800F00BFA0028B2
:1080100073D1B06A807A0FB140F0E0008DF80000B3
:1080200030686B46012281797068007800F0FAF9B7
:10803000002862D12FB1B06AC07A40F0E00001E0C0
:108040004AE018208DF8000030686B460122C179A3
:108050007068007800F0E6F9F0BB17B1C820FFF7B0
:108060006BF940208DF8000030686B4601220179E1
:108070007068007800F0D6F970BB78208DF80000A9
:1080800030686B46012241797068007800F0CAF9C7
:1080900010BB3220FFF750F98DF80080306847465A
:1080A0006B46417970680122007800F0BBF998B9FD
:1080B00031687068B046897A00786B46022200F019
:1080C00079F948B9BDF80000AF6040BAB0FBF9F0EB
:1080D0006F60C6B22F6000E00FE0A76067602760A6
:1080E000002739E0D8F80010D8F804006B46C97AA8
:1080F00000780C2200F05EF910B15046BDE8FE8F0A
:10810000BDF80000236840BA02B2BDF80200BDF815
:1081100004101A44226040BA626800B210446060E1
:1081200049BAA06809B20844A060BDF806002B68EF
:1081300040BA02B2BDF808001A4440BA01B2BDF814
:108140000A002A606A6840BA11446960A96800B2EE
:1081500008447F1CFFB2A860B742C3D328688322BB
:10816000C117090441EA104100040023F8F77FF821
:1081700032460023F8F77BF8286068688322C1172D
:10818000090441EA104100040023F8F770F8324670
:108190000023F8F76CF86860A8688322C117090407
:1081A00041EA104100040023F8F761F83246002349
:1081B000F8F75DF8A86020684FF40065C11709045E
:1081C00041EA104100042A460023F8F750F83246ED
:1081D0000023F8F74CF8206060682A46C1170904AC
:1081E00041EA104100040023F8F741F83246002329
:1081F000F8F73DF86060A0682A46C117090441EA13
:10820000104100040023F8F732F832460023F8F753
:108210002EF8A060002802DDA0F5803001E000F516
:108220008030A060002069E7A00000202DE9F34F16
:10823000DFF8A09083B08046A9F1040008260290E0
:1082400001204FF0000AEB465446019002980025A9
:1082500050F8247004FB065258F8251059F82200F3
:1082600002F09EFF394602F0C9FD6D1C0746B5427B
:10827000F0DB5FEA0A0104D0B0F5000F06DA002057
:1082800004E0BAF1020F01D101F00CFF4BF8240019
:108290000198641C8442D9DB0F4D009E4FF07E5440
:1082A0002946304602F048FF01D2284607E0214621
:1082B000304603F041F801D2204600E0304607493D
:1082C000009002F06DFF049908600499486005B0C1
:1082D000BDE8F08F28CD0008000080BF00004843B3
:1082E0002DE9F84F81462E488846002540686B46A8
:1082F000032200780D2100F05DF810B10720BDE8E1
:10830000F88F9DF80000002400F01F008DF8000099
:108310009DF801006FF00F0B00F01F008DF80100B9
:108320009DF802006E4600F01F008DF802004FF02D
:10833000010A00BF59F8241058F82400081A00D583
:10834000404202F0CDFE594603F039F90746305D50
:10835000C0B1144802E0144902F022FF315D491E09
:1083600011F0FF013155F6D10146384602F0BAFD51
:108370004FF07E5103F04CF80C4920F00040884249
:1083800005DC07E00A483844B0F1D97F02D90AFA7F
:1083900004F00543641C032CCCDB2846AFE7000047
:1083A000A00000200000C84154E3853F295C0F3E37
:1083B0000000E0BE2DE9F0411D4614460F4606467A
:1083C000FCF70CFAB0B17006000EFCF7D7F9FCF719
:1083D0004DFA90B13846FCF7D1F9FCF747FAFCF7B3
:1083E000FDF9012000EB4600C0B2FCF7C7F9FCF72D
:1083F0003DFA0FE00120BDE8F081FCF717FAF9E73C
:10840000012C0DD05FF00100FCF782F9641E05F825
:10841000010BE4B2002CF3D1FCF708FA0020EAE7E4
:108420000020F1E72DE9F0411E4615460F460446AF
:10843000FCF7D4F968B16006000EFCF79FF9FCF771
:1084400015FA48B13846FCF799F9FCF70FFA002401
:108450000CE00120BDE8F081FCF7E8F9F9E7305DB8
:10846000FCF78CF9FCF702FA10B1641CAC42F6DBA5
:10847000FCF7DCF90020EDE790F90010002902DD9F
:108480004FF00000704702DA4FF00400704790F997
:108490000110002902DD4FF00100704702DA4FF0B1
:1084A0000500704790F90200002802DD4FF002003D
:1084B000704702DA4FF0060070474FF00700704730
:1084C000FAF74EFDFDF71EFEFCF7F0FEFCF7A0FFED
:1084D000FDF7D0F8FDF7EAF8FDF748F8FDF70CF8DE
:1084E000FCF7B2FEFCF7CCFEFDF77AF8FDF7A0F83A
:1084F0000220FCF7BDFA0120FCF7BAFAFEF70CFFE8
:10850000F9F7D4F9FDF772FAFCF75CFEF9F738FADF
:10851000124C134F00262670FAF714FD6168411AB9
:10852000142902D36060F9F7DDF8FAF70BFD054670
:10853000E068281A142802D3E560FDF735FCA0682E
:10854000281A642802D3A56000F076FE3868002857
:10855000E1D0FCF76FFD3E60DDE700000800002081
:108560007C0100202DE9F041124C20F00101002592
:1085700094F8240010B10020BDE8F081A07A4FF0FB
:10858000FF3668B10840277C2074884200D0354609
:1085900041B1012001F034FD00F094FA38B12774A4
:1085A0003046E9E7207D00B1012001F029FD284691
:1085B000E2E70000A00000200D494A7A42B1012AFA
:1085C00008D0022A0FD0032A0FD04FF0FF30704797
:1085D000022200E004220270C97C11B11106C90D0B
:1085E0000170002070470822F5E71022F3E7000031
:1085F000A00000200F494A7A42B1012A09D0022A7C
:1086000011D0032A12D04FF0FF3070474FF4804250
:1086100001E041F69C720280C97C11B1C2F34E01A7
:108620000180002070474FF48052F4E74FF400625D
:10863000F1E70000A00000200B49097A39B10129B7
:1086400007D002290AD003290BD0002103E0FA2128
:1086500001E04FF4FA710180002070474FF47A7105
:10866000F9E74FF4FA61F6E7A00000200A49097A19
:1086700041B1012908D002290AD003290AD04FF0BC
:10868000FF307047054900E0054901600020704750
:108690000449FAE70449F8E7A0000020000003437A
:1086A0000000834233330342333383410C49C97A98
:1086B000072913D2DFE801F01204060A0C0E10009D
:1086C000BC2100E062210180002070472A21FAE7E6
:1086D0001421F8E70A21F6E70521F4E70021F2E783
:1086E000A0000020054991F8242012B14FF0FF307E
:1086F0007047C9890180002070470000A000002059
:108700002DE9FC414C4C80208DF8000020686B4620
:108710000122817C60680078FFF784FE4FF0FF370C
:10872000002832D16420FEF707FE00258DF80050A6
:1087300020686B460122817C60680078FFF772FE3A
:10874000002870D120686B460622817D6068007821
:10875000FFF730FE002866D19DF805009DF8031054
:10876000C007400F01F0010140EA41019DF80100FE
:108770004FF0010600F00100014309D0012905D0A6
:10878000022915D02DA0F7F797FD4CE0E67410E014
:1087900020686B460122C17860680078FFF70AFE06
:1087A00040BB9DF8000010F00F0020D0042822D01C
:1087B000E574FF2004F80A0F4FF6FF7104F8020C6D
:1087C00004F8010C6070A180A0712072A67026765A
:1087D0006576E572A572E56025616561A576E57649
:1087E000A5834FF4FA6000F06BFB18B907E01D4851
:1087F000F7F762FD17E01CA0F7F75EFDC6E7022061
:1088000000F080FA78B92A2000F0C2FB58B9322073
:1088100000F0F4FB38B90020FFF7A4FE18B90020DF
:1088200000F0A4FA10B13846BDE8FC81002000F049
:1088300025FC0020F8E70000A0000020556E7375AD
:1088400070706F7274656420736F6674776172659F
:108850002070726F64756374207265762025642EB3
:108860000A0000003CD0000848616C662073656E09
:108870007369746976697479207061727420666FA7
:10888000756E642E0D0A00002DE9FF4FDFF894800D
:10889000064685B098F8250015460F464FF0FF397B
:1088A000B0BBAFB3002420E0301B102800DD102047
:1088B00080B283463A1901469246204600F03AFCBF
:1088C00030BB6A465946204600F0D2F800BB5046FD
:1088D0005A466946F7F7D5FD20B16FF0010009B09F
:1088E000BDE8F08F04EB0B0084B2B442DCD3280A5D
:1088F0008DF810008DF81150D8F80000444604ABF4
:10890000817ED8F8040002220078FFF78BFD08B1C1
:108910004846E4E7012084F825000898E084002018
:10892000DDE70000A00000202DE9F84305464FF0E8
:10893000FF39282844D80727284C00267DB101207C
:1089400000F0F4FA20208DF800004FF00108012D0E
:1089500017D0052D18D88DF8018005201FE00020C4
:1089600000F0E4FA8DF800608DF8017020686B4625
:108970000222817C60680078FFF754FD00BB2675F9
:1089800029E08DF80160E8E7142D04D802208DF865
:1089900001000A2003E003208DF80100142000F0FC
:1089A000F7FA9DF801006B4607EB80108DF8010087
:1089B00020680222817C60680078FFF733FD10B1E7
:1089C0004846BDE8F8830820A072267384F8148016
:1089D0000020FFF7C7FD0020F3E70000A000002003
:1089E0002DE9F843214C0646174694F824008946A1
:1089F0004FF0FF3890B3A07A80B320686B46022214
:108A0000817A60680078FFF7D5FC38BBBDF80000BC
:108A100045BAB54202D2002038701FE06068418834
:108A2000B5EB510F11D9216800786B46497C0122C2
:108A3000FFF7C0FC90B99DF80000C00605D500F016
:108A400041F86FF00100BDE8F8832068F2B24B46B0
:108A5000C17A60680078FFF7ADFC08B14046F2E7E4
:108A6000B5FBF6F0401E38700020ECE7A0000020B7
:108A7000F8B516000D464FF0FF371FD0104CA17A05
:108A8000E1B1010A8DF80010C0B28DF80100411962
:108A900060684289914211D8216800786B46097E4E
:108AA0000222FFF7BFFC48B92068EAB23346417D95
:108AB00060680078FFF77EFC002800D03846F8BDDB
:108AC000A0000020F8B5524C4FF0FF36A07A0028E5
:108AD0007CD000258DF8005020686B460122C17BB8
:108AE00060680078FFF79EFC00286FD120686B4615
:108AF0000122417960680078FFF794FC002865D175
:108B000020686B460122017960680078FFF78AFCD3
:108B100000287AD194F82400C8B30C208DF8000006
:108B200020686B460122017960680078FFF77AFCC3
:108B300000286AD1C0208DF80000A07AC00702D0BA
:108B4000E0208DF8000020686B4601220179606802
:108B50000078FFF767FC002857D1607C18B102202D
:108B60008DF8000001E08DF8005020686B4601226E
:108B7000C17B60680078FFF755FC38BB8DF800506A
:108B800020686B46012241796068007839E0FFE790
:108B900004208DF8000020686B460122017960688E
:108BA0000078FFF73FFC88B9A07C80B9A07AC007A5
:108BB0000DD060208DF8000020686B4601220179FD
:108BC00060680078FFF72EFC00B902E01DE040204D
:108BD000F0E7607C18B101208DF8000001E08DF80D
:108BE000005020686B460122C17B60680078FFF767
:108BF00019FC50B92068064B012241796068103396
:108C00000078FFF70FFC002800D03046F8BD0000C8
:108C1000A00000202DE9F047394C82468AB094F834
:108C200024000F4620B1002000F00EF9012600E0DC
:108C3000002607A8FFF700FD06A8FFF7BDFC09A85E
:108C4000FFF734FD08A8FFF74DFD94F80A9094F85B
:108C500010800025002239465046FFF75DF910B11B
:108C60006D1C022DF6DB022D1AD00025012203A96E
:108C70006846FFF751F910B16D1C022DF6DB022D8D
:108C80000ED003A93846FDF7FFFEC7B2694650462D
:108C9000FFF726FB10F0FF0F4FF0000502D002E0B7
:108CA000002503E001250FB945F00205FF202072E1
:108CB0006072E0724FF6FF71E181A07220740120B2
:108CC0002073BDF81C0000F0FBF89DF8180000F0C0
:108CD00019F8BDF8240000F05BF9BDF8200000F0A1
:108CE0008DF9484600F0CAF94046FFF73BFC16B143
:108CF000012000F0A9F80AB02846BDE8F08700007E
:108D0000A000002038B5184C4FF0FF35A17A19B3F8
:108D1000022806D0042806D008280ED010281BD11F
:108D20000DE0002000E008208DF80000607A9DF83A
:108D30000010B0EBD10F04D005E01020F4E71820AC
:108D4000F2E7002038BD20686B460122C1796068D7
:108D50000078FFF767FB08B1284638BD9DF8000092
:108D6000C0086072EDE70000A0000020F8B5354CA7
:108D70000546A07CA84201D10020F8BD31484FF043
:108D8000FF366B46D0E900104FF0010209790078F8
:108D900035B3FFF70FFB70BB9DF800006B4620F06A
:108DA00020008DF8000020680122017960680078B9
:108DB000FFF738FBF8B90320FEF7BEFA02208DF862
:108DC000000094F8220078B382202BE020686B46E4
:108DD0000122017D60680078FFF724FB58B92EE07E
:108DE000FFF7E8FA38B9A07AC0079DF8000003D071
:108DF00040F0200002E00CE020F020008DF80000A0
:108E000020686B460122017960680078FFF70AFB51
:108E100008B13046F8BD0320FEF78EFA94F8220020
:108E200000B180208DF8000094F823000028CDD0F8
:108E30009DF8000040F030008DF80000C6E7A574F2
:108E40009AE70000A000002038B51C4C94F82410CC
:108E500081421DD0002500B394F82500D0B1002038
:108E600001F0CEF80020FFF781FFE08C00F0C6F89B
:108E70008DF8005060686B46012200782321FFF7CF
:108E8000D1FA012084F8240001F0BAF8FFF71AFEA5
:108E9000002038BD4FF0FF3038BD002001F0B0F8A1
:108EA000207C8DF8000060686B4601220078232149
:108EB000FFF7B8FA84F82450E8E70000A00000208B
:108EC00038B5194C4FF0FF35A17A31B3FA2809D0E3
:108ED000B0F5FA7F08D0B0F57A7F0FD0B0F5FA6F11
:108EE0001BD10DE0002000E008208DF80000207A62
:108EF0009DF80010B0EBD10F04D005E01020F4E78E
:108F00001820F2E7002038BD20686B4601228179E5
:108F100060680078FFF786FA08B1284638BD9DF8EA
:108F20000000C0082072EDE7A000002038B5174C03
:108F3000054694F82300A84201D1002038BD0DB1A8
:108F4000302000E000208DF80000A07C28B19DF8C2
:108F5000000040F002008DF8000094F8220028B1D3
:108F60009DF8000040F080008DF8000020686B46FE
:108F70000122017D60680078FFF754FA10B14FF0CC
:108F8000FF3038BD84F82350D7E70000A000002050
:108F900038B5194C4FF0FF35A17A31B3BC2801D355
:108FA000012010E0622801D302200CE02A2801D31E
:108FB000032008E0142801D3042004E00A2801D388
:108FC000052000E006208DF80000E07A9DF80010F2
:108FD000884201D1002038BD20686B46012281788B
:108FE00060680078FFF71EFA08B1284638BD9DF882
:108FF0000000E072EEE70000A0000020F8B51E4D72
:1090000004464FF0FF37A87A48B395F8240030BBE8
:10901000287D4FF47A7648B164B1282C03D8E0B2A9
:10902000FFF782FC26E00020FFF77EFC042C05D22F
:10903000042406E00020FFF777FCF9E7B44200D9EA
:109040003446B6FBF4F0401E8DF8000028686B46ED
:109050000122417868680078FFF7E4F908B13846E2
:10906000F8BD9DF80000401CB6FBF0F0E881400818
:10907000FFF78EFF0020F8BDA0000020F8B50546E0
:1090800010F0700F4FF0000601D0012004E015B180
:109090008DF8006002E040208DF80000244C6B4603
:1090A00001222068817C60680078FFF7BBF94FF0EF
:1090B000FF3760BB9DF8000020F0400020738DF862
:1090C0000060680602D404208DF80000A80605D4CC
:1090D0009DF8000040F002008DF80000E80605D47D
:1090E0009DF8000040F001008DF80000280705D42D
:1090F0009DF8000040F038008DF8000020686B46B5
:109100000122C17C60680078FFF78CF910B1A6726B
:109110003846F8BD25B1082D02D00020FFF706FF24
:10912000A57226753220FEF707F90020F8BD000071
:10913000A0000020F8B516000D464FF0FF371FD0F5
:10914000104CA17AE1B1010A8DF80010C0B28DF87F
:109150000100411960684289914211D82168007864
:109160006B46097E0222FFF75DF948B92068EAB232
:109170003346417D60680078FFF754F9002800D03D
:109180003846F8BDA00000202DE9F05F9946DDF8D3
:109190002CB00D46824691422ED1002728E00024B3
:1091A00023E00C9909FB07F0002201EB800816462A
:1091B00048F8242016E000BF09FB06F00BEB800006
:1091C0000A9A50F8241005FB07F002EB800050F8D3
:1091D000260001F0E5FF58F8241001F00FFE48F8D2
:1091E0002400761CAE42E7DB641C4C45D9DB7F1CB7
:1091F0005745D4DBBDE8F09FBDE8F05F01A0F7F76D
:109200005BB80000B4EDCEF3A3BABED8D5F3B5C4B5
:10921000B3DFB4E7B2BBB6D4A3A10000002800DAE4
:109220004042704770470246012000E05043491E0B
:10923000C9B2FBD270470000F8B54FF48061B64860
:10924000F7F753F90021B5A20846FCF7F5FCB4483E
:109250000C2500950288042300212820FCF7B0FC8F
:10926000B0A200214620FCF7E7FCB04800680128C6
:1092700004D1AF48006808B1AEA200E0AEA2002160
:109280006920FCF7D9FCADA20A210020FCF7D4FC30
:10929000AC480078012804D1ABA20A215220FCF787
:1092A000CBFCAA480078042801D0052808D1A8489A
:1092B0000078012804D1A7A20A215220FCF7BCFCA7
:1092C000A64CA74E2068B04207D3A6A20A213020A0
:1092D000FCF7B2FC2068B04204D2A3A20A213020DD
:1092E000FCF7AAFC206801F0BFFEFFF797FF0246DB
:1092F00003230A2138200095FCF762FC9BA214216D
:109300000020FCF799FC9B4C2068B04207D395A243
:1093100014212A20FCF790FC2068B04204D292A2CB
:1093200014212A20FCF788FC206801F09DFEFFF73D
:1093300075FF02460423142132200095FCF740FCFF
:109340008D4CA06801F0ACFE82B20523142152209E
:109350000095FCF735FC89A214217220FCF76CFC07
:1093600087A21E210020FCF767FC864F3868002882
:1093700011DA7CA21E211020FCF75EFC3868FFF792
:109380004DFF024604231E211A200095FCF718FC0D
:10939000386800280EDB74A21E211020FCF74CFC5C
:1093A0003868FFF73BFF024604231E211A20009570
:1093B000FCF706FC2068B04207D36AA21E213C20BD
:1093C000FCF73AFC2068B04204D267A21E213C2080
:1093D000FCF732FC206801F047FEFFF71FFF024652
:1093E00004231E2144200095FCF7EAFB66A21E21FF
:1093F0006020FCF721FC66A228210020FCF71CFC61
:10940000644F3868002811DA56A228211020FCF792
:1094100013FC3868FFF702FF0246042328211A20B4
:109420000095FCF7CDFB386800280EDB4EA2282102
:109430001020FCF701FC3868FFF7F0FE0246042319
:1094400028211A200095FCF7BBFB6068B04207D3C7
:1094500044A228213C20FCF7EFFB6068B04204D214
:1094600041A228213C20FCF7E7FB606801F0FCFDED
:10947000FFF7D4FE02460423282144200095FCF780
:109480009FFB41A228216020FCF7D6FB42A232219B
:109490000020FCF7D1FB41A232211E20FCF7CCFBBF
:1094A0003DA232214020FCF7C7FB3D4C6421022342
:1094B0002068009590FBF1F232211320FCF780FB2D
:1094C00020680A2690FBF6F090FBF6F106FB1102ED
:1094D000012332212A200095FCF772FB206801232A
:1094E00090FBF6F106FB1102322108460095FCF7CD
:1094F00067FB2C4C207830B10FA232215F20FCF7A3
:109500009BFB207820B928A232215F20FCF794FB36
:10951000BDE8F840FCF7E6BAF005002041444300FE
:109520001C00002041564F3A00000000200000209F
:10953000240000204F5F4E004F464600416E676C8E
:109540006500000018000020505332001900002070
:109550001A0000204C696461720000006000002065
:10956000000080802D0000002B0000004779726F02
:109570007800000064000020540200206D6D00009F
:109580004C000000540000206D6D2F73000000009F
:109590005200000058000020560000002E0000007D
:1095A0005C000020040000204F4E20002DE9F04D0B
:1095B0001D460C4698B0174621F0004123F00043A9
:1095C000002814BF4FF0010C4FF0000C0CEB440CC2
:1095D000FE4A0CEB02064FEA620C66452BD33E00B6
:1095E00018BF012606EB45061644F94A964222D3D7
:1095F000F84A53EA070C02D0944205D148B918B092
:1096000000201146BDE8F08D002808BF4FF0000C87
:1096100001D04FF0010C0CEB440212F5001F0AD8E8
:10962000002F14BF4FF0010C4FF0000C0CEB450263
:1096300012F5001F07D918B03A462B462146BDE85F
:10964000F04DFDF7F4B90022DFF88CA3002CB8BF71
:10965000534526DADFF884C36345A8BF022220DA27
:10966000DFF870C39C451CDCDFF874C30CEB235C93
:10967000BCF1140F08DDCCF1340627FA06FC0CFA15
:1096800006F6BE420DD108E05FB9CCF1140623FA0C
:1096900006FC0CFA06F69E4203D10CF00102C2F160
:1096A000020251EA000C19D1002D17DA002C18BF64
:1096B000022A01D0012A07D00220F6F7DFFF18B0F6
:1096C000BDE8F04DFDF7A8B90220F6F7D7FFFDF78A
:1096D000A3F918B081F00041BDE8F08DB7F1000C9E
:1096E0006CD1534525D104F1804212F5801201BF9F
:1096F00000280020B74918B008BFBDE8F08DB54874
:10970000884207DC002DA1BF6046294618B0BDE89D
:10971000F08D07E0281E05DA80F0004118B06046A1
:10972000BDE8F08DAF497944D1E9000118B0BDE83A
:10973000F08DDFF8A0C2634525D1002D1FDA19B1E5
:10974000514512D1D8B909E0002840F0EC82A24A74
:10975000214618B062F31E01BDE8F08D00202146BD
:1097600018B060F31E01BDE8F08D08DA18B023468A
:10977000BDE8F04D02460020614600F015BE18B06D
:109780002146BDE8F08D514518DAB5F1804F0DD076
:10979000A5F1005CBCF1FF5C10D1B4F1000C0DDB55
:1097A00018B06146BDE8F04D00F056BC234618B035
:1097B0000246BDE8F04D194600F0E4BF060024F073
:1097C000004C3BD1D9B1514533D1002C06DD002DE1
:1097D000A1BF0020514618B0BDE8F08D002C01DD7E
:1097E000002D1BDB002C13DA002D11DB012A4FF0BA
:1097F000000014BF78497C4918B0BDE8F08D022AFA
:1098000018BF002C0AD0012A08D1002C06DA0AE081
:10981000002CB8BF002D11DA012A04D0002018B0A6
:109820000146BDE8F08D18B000204FF00041BDE8C2
:10983000F08DA1F14050B0F17F601AD0012000EB13
:10984000E47050EA020421D0624C521E4FF0000B2B
:10985000104304BF4FF0000B644C654883427CDD2D
:10986000644A654893421FDD884217DB002D25DBE3
:1098700037E0002C00DA4AB1022A0CBF01204FF079
:10988000FF3018B0BDE8F04D00F015BF0120F6F72D
:10989000F5FE18B0BDE8F04DFDF7CBB84D4A8A4251
:1098A00002DC002D0ADC1CE0814202DA002D18DA0D
:1098B00004E0484B994220DD002D12DD0220F6F72E
:1098C000DDFEFDF7BCF805460E460022534658461D
:1098D000214600F057FF18B066F31E012846BDE888
:1098E000F08D0220F6F7CAFEFDF7B0F80A462146D1
:1098F00018B062F31E01BDE8F08D002230466146CB
:1099000001F066F980460E466FF0010201F029FE73
:109910004FF05532394B01F069F84246334600F0BA
:1099200031FF0022364B01F061F882464246334651
:1099300004911046194600F025FF5246049B00F0A2
:1099400021FF8A4600904FF0C0422E4B40463146E0
:1099500000F018FF2C4A2B4B00E027E0CDE9060170
:109960005146009800F00EFF82460191274A284B8D
:109970004046314600F006FF5246019B01F028F9AF
:1099800082460B4602460591DDE9060100F050FCD7
:10999000DDE9062300268846304601F019F95246D3
:1099A000059B01F023F8024600F07EB90020B1F5D6
:1099B000801F07DA35223046614601F0D2FD0646A7
:1099C0006FF0340000EB215024E00000FFFF1F0087
:1099D000FFFF0F000000F03F0000F07F0000404359
:1099E00001FCFFFF763800000000F0FF0000F0BF30
:1099F0000000E0410000F043FFFFEF3F5555D53F29
:109A00000000E03F4715F73FFE822B6544DF5DF81D
:109A10000BAE543EA0F2FF300190C1F3130040F0B2
:109A20007F6141F040510291FE498842D8BF002039
:109A300004DDFD498142C8BF012001DD0D9008E031
:109A400000200D900198401C01900298A0F5801014
:109A500002900299F54878440B910D9900EBC100F2
:109A6000D0E900230F9330460A920B9901F0B0F829
:109A7000CDE90601DDE90A2130460F9B00F0D8FB55
:109A800002460B460020EA4900F08EFC0591024692
:109A90000B460090DDE9060100F074FE1490E548E5
:109AA0008A464FF0000878440299006812904FF0FF
:109AB000005040EA61010D980F9B01EB804000F5DA
:109AC000002109910A9A129801F082F832460B9B04
:109AD00000F08CFF4246534600F054FE06460291C9
:109AE00040465146099B129A00F04CFEDDE90623E0
:109AF00000F07CFF3246029B01F06AF8059B009A59
:109B000000F040FE0091149A049053461046194606
:109B100000F038FE06460246C7480B460291062171
:109B20007844FCF724FFCDE90510029B324610462D
:109B3000194600F027FEDDE9053200F023FE05910D
:109B40000646534640461946149A00F071FB009BA6
:109B5000049A00F017FE3246059B00F069FBCDE940
:109B60000510424653461046194600F00BFE0022EF
:109B7000B24B02910A9000F05BFBDDE9053200F088
:109B800057FB0E464246AD4B404601F021F8029B82
:109B90000A9A01F01DF8DDE9053200F027FF424680
:109BA00002910A9033461046514600F0EBFDCDE994
:109BB00006015346149A02990A9800F0E3FD8A467A
:109BC0000290334642460099049800F0DBFD53466C
:109BD000029A00F02DFB82460B4602460591DDE914
:109BE000060100F025FBDDE9062300208846064635
:109BF00000F0EEFF5246059B00F0F8FE8246099108
:109C00004FF060428E4B3046414600F0BBFD049061
:109C100006918C4A8A4B5046099900F0B3FD824662
:109C20000291894A894B3046414600F0ABFD5246CD
:109C3000029B00F0FDFA864B7B440D9A03EBC203B6
:109C4000D3E9002300F0F4FA0E900791019800F098
:109C500032FD0591DDE9061382460E9A049800F064
:109C6000E7FA7C4A7A440D9B02EBC303D3E9002355
:109C70000093029200F0DCFA5246059B00F0D8FAFD
:109C80000026884652463046059B00F0A1FF009B07
:109C9000029A00F09DFF069B049A00F099FF079B33
:109CA0000E9A00F0A3FE024600200B4602903846B2
:109CB000294600F067FD824601912B463846194639
:109CC000029A00F085FF3246434600F05BFD5246A3
:109CD000019B00F0ADFA07468A46324643462946C4
:109CE000029800F04FFD05460E463A46534600F0F6
:109CF0009FFA594A8846914221DBA8EB020353EAB6
:109D0000000210D12A46334600F062FFCDE904017B
:109D1000524A534B3846514600F08AFADDE9042393
:109D200000F02EFE21D20220F6F7A8FCFCF787FEF9
:109D30000A46214618B062F31E01BDE8F08D494B7A
:109D400028F000429A4210D3474A08EB020353EA34
:109D500000027FF4C6AD2A46334600F039FF3A468A
:109D6000534600F00DFE7FF6BCAD0022019228F0B4
:109D700000403E493E4A01EB2051824223DA481C12
:109D80004FF4801121FA00F040443A4AC0F30A51DE
:109D90007A44394BA1F2FF31CB4020EA0303C0F3F0
:109DA000130040F48010C1F11401C8401268019002
:109DB000B8F1000FBCBF404201902846314600F088
:109DC00007FF05460E462A4633463846514600F000
:109DD0002FFA4FF000084246284B4046059100F00C
:109DE000D1FCCDE90601264A264B4046059900F0F4
:109DF000C9FC009102902A4633464046059900F07E
:109E0000E7FE3A46534600F0F1FD1F4A1F4B00F0B3
:109E1000B9FC009B029A00F00BFA074688460246FE
:109E20000B4635E08E9803007AB60B00F63300003F
:109E30000000F03FF63400005C33000000000840F2
:109E400009C7EE3FFD033ADCF5015B14E02F3EBE8F
:109E500034320000F831000000009040FE822B6593
:109E60004715973C00CC904000346F3F01FCFFFF4A
:109E70000000E03F0C320000FFFF0F00432EE63FE2
:109E8000396CA80C615C20BEEF39FAFE422EE63F29
:109E9000DDE9060100F0CCF9DDE9062305460E46B2
:109EA00000F096FE3A46434600F0A0FD0F462A46D3
:109EB000334600901046194600F064FC8246024684
:109EC0002E4888460B4605217844FCF750FD524643
:109ED000434600F057FC2A46334600F087FD804693
:109EE0008A463B4628463146009A00F04BFC3B46EA
:109EF000009A00F09DF90691009000224FF08043F7
:109F00004046514600F064FE0F460C9042465346D0
:109F10002846314600F036FC3B460C9A00F044FAE5
:109F2000069B009A00F054FE2A46334600F050FE8D
:109F30000022134B00F05AFD054601980E4601EB36
:109F400000510815002810DC28463146019A01F01E
:109F500008FBFCF7D5FC042808BFFCF777FD284672
:109F60003146019A01F0FDFA05460B4618B02A4623
:109F700058462146BDE8F04D00F004BCE42F000037
:109F80000000F03F10B588B0694604A8FEF742FE15
:109F9000072832D107A8FEF769FB049801F0A0F862
:109FA00007990C4601F0FCF801F05EF80490059862
:109FB00001F096F8214601F0F3F801F055F805900C
:109FC000069801F08DF8214601F0EAF801F04CF80E
:109FD000069004A8FDF774FC03A8FEF70BFBBDF880
:109FE0000C0000994143009101994143019102996C
:109FF000414368460291FDF7C5FB08B010BD000063
:10A00000F8B5144C0146224694F82460D2E90002C7
:10A0100000235D1E56B179B1022111E0C17B107899
:10A020006B460122FEF7FEF968B90EE0A67A56B13A
:10A0300011B1617C61B902E08DF80030EEE70121D9
:10A040008DF80010EAE72846F8BD9DF8000060741E
:10A050000020F8BDA00000202DE9F04106460F4683
:10A0600000F0D0FC041E0D4618BF0120284320F04C
:10A070000040C0F17F6000F1E040C00F0ED0301C06
:10A0800018BF0120384320F00040C0F17F6000F18C
:10A09000E040C00F04BF0120F6F7F0FA2046294641
:10A0A000BDE8F0812DE9F047314A324B05464FF0CB
:10A0B0007F4120F00044B1EB450F54D39C421BDD9F
:10A0C000B1EB440F18D39442C8BF4FF07E5044DC2C
:10A0D0000121204601F073FAFDF7FCFD4FF07E519F
:10A0E00000F08CFE01464FF0804000F0FBFE4FF088
:10A0F0007E5101F083F930E0B4F1665F0BDAB1EB29
:10A10000440F08D32046FCF70FFC042808BFFCF7D7
:10A11000ADFC204621E02146174EDFF860A0184F25
:10A12000084601F03DF88046514601F039F83146C5
:10A1300000F064FE414601F033F8064639464046D9
:10A1400000F05CFE0146304600F0CCFE01462046A1
:10A1500001F026F8214600F051FE002DB8BF80F036
:10A160000040BDE8F087BDE8F047FCF777BC000091
:10A17000B32C1041549F0C3FC6E252BFB2117BBBBF
:10A180001A2A1E4044F6206200E0521E03685B0655
:10A1900002D4002AF9D17047002AFCD041607047F0
:10A1A00010B500290AD00878002807D0054878445F
:10A1B000F6F732FE002801D0002010BD0248784496
:10A1C00010BD0000A22F00009A2F000021F00042D5
:10A1D000A2F16052B2F5801F01F0004328BFD2F116
:10A1E0007F6C0BD95FEA001C43EAC20242EB50705D
:10A1F00018BF704728BF20F001007047B2F5801FDC
:10A20000BCBF184670474FEA410C1CF5001F02D234
:10A21000084601F08CB870B500F05EFB00000089C4
:10A22000FFF7F6BF4FF00040A0F580007047000038
:10A2300010B591EA030F48BF83F0004300F1D084CA
:10A24000841A71EB030C05D2121943EB0C03001BAB
:10A2500061EB0C01DFF824E14FEA1154A4EB135C2D
:10A260001EEA430F18BF9EEA445F73D023EA0E0331
:10A27000DCF1200E21EA045143F4801332D322FA98
:10A280000CFE10EB0E0023FA0CFE41EB0E01CCF19C
:10A29000200E03FA0EFE10EB0E0051F10001B1F595
:10A2A000801FCCF1200E32D201EB045112FA0EF2D3
:10A2B000BDE8104058BF7047401C38BF5FEA4202FB
:10A2C00018BF7047002814BF20F0010041F10001C1
:10A2D0004FEA410313F5001F38BF7047A1F1C04199
:10A2E00000F048BB012A43EB0302ACF1200CDCF187
:10A2F0001F0E32BF4FF0000E23FA0CF310EB0300D9
:10A3000041EB0451B4EB115FD0D0A1EB045101F546
:10A31000801149085FEA300001EB04510ED350F17F
:10A32000000038BF12FA0EFE08D1BDE81040C9E7A0
:10A33000401C38BF5FEA4202CAD1C3E7BDE8104003
:10A340004FEA410313F5001F38BF7047A1F1C04128
:10A3500000F010BB9EEA445F08D011EA5E0FBDE832
:10A36000104004BF01F0004100207047BDE81040DC
:10A3700070B500F0B1FA00BF64FBBE3E0000E0FF24
:10A3800002494FF0000001F0BAB800BF0000F87FAA
:10A39000491058BFC1F140415B1058BFC3F1404361
:10A3A0008B42EFF3008070472DE9C04130B4DFF8F5
:10A3B000A0C23CEA111418BF3CEA131400F0EC8070
:10A3C00081EA03051CEA111444EAD57418BF1CEA9B
:10A3D000131500F0C780A4EB05044FF0004545EAD3
:10A3E000C12145EAC32341EA505143EA525304F1E3
:10A3F0007F74994204F500344FEAC0204FEAC2222C
:10A4000008BF904200F09C804FEA13650FF240169F
:10A41000765D4FEA134506FB05F7C7F1807706FB2B
:10A4200007F74FEAD737A7FB03687642C8F58038AD
:10A43000A7FB06CE38BFA8F1010807FB08E64FF0DE
:10A44000000EA6FB028CE6FB03CEDCF1000CCEF185
:10A45000004E38BFAEF1010EA6FB0C584FF00007BE
:10A460004FF00005E6FB0E87A1FB08C6A0FB07CE58
:10A4700016EB0E0645F10005E1FB076515F1E04E10
:10A480007EBFA4F580345FEA46066D4116F1800771
:10A4900045F100054FEA17274FEA066647EA0567C8
:10A4A000A6F1DE46B6F1805F4FEA15251FD9384682
:10A4B00024F0010C05EBC471BCF1FE6F01EB0C1133
:10A4C00002D8F0BCBDE8008124425CBF01F5801ECB
:10A4D0009EEAC47F02D4F0BCBDE80081244238D497
:10A4E000F0BCA1F1C041BDE8004100F043BA4FEA21
:10A4F000D22242EA43524FEAD323A7FB02864FEA15
:10A50000D02040EA415007FB03661EEA0E0F4FEAD7
:10A51000D12105FB026658BFA6EB0056B6EB0056EC
:10A520004FEA520E4EEAC37E18EB0E0E56EB530E58
:10A53000BDD518EB02085E417F1C55F10005B6E75A
:10A540004FF480154FF000074FF000064FF0000861
:10A55000ADE7F0BC4FF0000001F1C04101F0004157
:10A56000BDE8008111EA0C1F0CEA131500D00CE0C5
:10A5700013EA0C1F00F025804FF00000F0BC81EAC8
:10A58000030101F00041BDE80081F0BCBDE80041DD
:10A5900081EA030100F0EEB9F0BCBDE8004170B5FE
:10A5A00000F09AF9097EFC3E00F007B881EA030149
:10A5B0004FF0000001F00041704781EA030100F014
:10A5C000D9B9F0BCBDE800414FF000002149704707
:10A5D000FFFDFBF9F7F5F4F2F0EEEDEBE9E8E6E468
:10A5E000E3E1E0DEDDDBDAD8D7D5D4D3D1D0CFCDEF
:10A5F000CCCBCAC8C7C6C5C4C2C1C0BFBEBDBCBB28
:10A60000BAB9B8B7B6B5B4B3B2B1B0AFAEADACAB22
:10A61000AAA9A8A8A7A6A5A4A3A3A2A1A09F9F9EFC
:10A620009D9C9C9B9A9999989797969595949393AE
:10A63000929191908F8F8E8E8D8C8C8B8B8A898945
:10A6400088888787868585848483838282818180C8
:10A650000000FF070000F87F4FEA41034FEA535321
:10A66000A3F58063D3F11E03C8BFD3F1210C0CDD29
:10A670004FF0004242EAC12242EA505232FA03FC51
:10A680008CEAE17CACEBE1707047102BC4BF00207A
:10A69000704703F5787CBCF1FF3F04D06FF00042B7
:10A6A00082EA2100704770B500F016F949922480C3
:10A6B00000207047F2E710F0004248BF4042B0FA75
:10A6C00080F310FA03F10AD0C3F11D0303F5806390
:10A6D0004FEA415002EB035202EBD12170474FF099
:10A6E00000007047B0FA80F310FA03F10AD0C3F10A
:10A6F0001D0303F580634FEA41504FEA035202EB1A
:10A70000D12170474FF000007047000051EA030C60
:10A7100017D41CF5801F58BFBCF5801F00F10680C0
:10A72000994218BF704708BF9042704707D711F58C
:10A73000801F58BF13F5801F19D499427047894272
:10A7400070471CF5801F08D5BCF5801FF7D58B42DC
:10A7500018BF704708BF824270474FF4001C1CEBC3
:10A76000410F38BF1CEB430F01D28B42704770B5CD
:10A7700000F0B2F8922449004FF000514FF080539E
:10A78000FFF706BEDFF848C170B51CEA111E1EBFF8
:10A790001CEA13159EEA0C0F95EA0C0F00F06F806F
:10A7A00081EA030423EA4C134EEAD47E21EA4C11D9
:10A7B00041F4801143F48013AE44A1FB024CA0FB92
:10A7C0000365AEF17F7E361955EB0C05A1FB034CFA
:10A7D0004CF10003A0FB021C16EB0C06654153F183
:10A7E0000003094218BF46F0010613F4007F0BD1A5
:10A7F0004FEA03314FEA0530340341EA155140EA8C
:10A8000016506FF003020AE04FEAC3214FEAC52059
:10A81000F40241EA555140EA56506FF0020202EB51
:10A820002E4201EB025585EACE710AD05FEA440C54
:10A8300018BF24F0004450F1000041F1000120EA6B
:10A84000D47040F2FE7C624500D270BDA84214BFB5
:10A850004FF080444FF04044002E08BF0024BEF16A
:10A86000806FA8BFA1F1C041BDE8704080F2828036
:10A870004FF0000001F1C04101F0004170479EEA35
:10A880000C0F0CEA131518BF95EA0C0F06D04FF009
:10A89000000081EA030E0EF0004170BD00F01CF8CC
:10A8A0008900013E00F007B800F009B84FEA430CF8
:10A8B0005FEA5C5C08D081EA030100F05BB84FEA14
:10A8C000410C5FEA5C5CF6D14FF000000149704733
:10A8D0000000FF070000F87F0EF1020E2EF0030EBD
:10A8E0005EF8046B364205D4012A43EB030515F5E7
:10A8F000001F12D8012841EB010C1CF5001F0CD8D9
:10A900000ED14FEAD17C15F5001F0CEB4C0C0CF16D
:10A91000020C08BF4CEBD37C04E04FF0080C01E0C4
:10A920004FEAD37C0CEB4C0526FA05F606F0070639
:10A93000B6F1040C06D20EEB860CBDE870404CF06C
:10A94000010C6047DFE80CF0090B02024FF00041F8
:10A950004FF00000A1F5002170BD194610460128F6
:10A9600051EB010418BFD4F5001484BF002001F09E
:10A97000004170BD0808A0F500114FEA3101704791
:10A9800053EA010C17D41CF5801F58BFBCF5801F7B
:10A9900000F106808B4218BF704708BF82427047A3
:10A9A00007D713F5801F58BF11F5801F19D48B42AC
:10A9B00070479B4270471CF5801F08D5BCF5801F6F
:10A9C000F7D5994218BF704708BF904270474FF4BF
:10A9D000001C1CEB430F38BF1CEB410F01D2994206
:10A9E00070470FB40CBC03BCFFF7C1BE91EA030F64
:10A9F00010B581F000413FF523AC83F0004300F037
:10AA0000EFB800002DE9F04101F5801CBCF5001FF6
:10AA1000C0F2C3804FEA115C21EA0C510CF1FD0C2D
:10AA200041F480115FEA5C0C0CF5C07C01D340005E
:10AA300049413DA4890241EA905187028E0E0A0CD9
:10AA4000A45D04FB04F602FB06F6C6F14046A4FB37
:10AA50000662F60D46EA422606FB06F4A4FB012335
:10AA60005242C3F1404338BF5B1EA6FB02420024A2
:10AA7000E6FB0324D20B42EA4446A6FB0623A1FBD5
:10AA800002E2A3FB07E4A4184FF0000252F1000217
:10AA9000E3FB01426442C2F1404E38BFAEF1010E09
:10AAA000A6FB04234FF00002E6FB0E32A2FB034696
:10AAB0004FF00004B61954F10004E2FB0264A1FB5C
:10AAC00006E6A4FB07E816EB08064FF0000858F16D
:10AAD0000008E4FB01687642C8F1405838BFA8F18D
:10AAE0000108A2FB06E4A3FB08E52D194FF00004C2
:10AAF00054F10004E2FB0854A1FB05E6A7FB04E8BF
:10AB000018EB06084FF0000656F10006E1FB04863C
:10AB100018F1200556F10006A809A8F11B08B10993
:10AB200008F03F08B8F10A0F40EA86601CD901EB33
:10AB30000C51BDE8F08100BFFCF5EEE8E2DDD8D3B2
:10AB4000CFCBC7C3C0BDB9B6B4B1AEACA9A7A5A39E
:10AB5000A19F9D9B9A9896959392908F8D8C8B89AF
:10AB60008887868584838281A0FB006800FB01F2D0
:10AB700008EB4208B8EB872807D5341858EB0104D6
:10AB8000D5D5401C51F10001D1E7341A78EB01040E
:10AB9000CDD4401E71F10001C9E75FEA4C0C5FEAB9
:10ABA0009C5C0DD105D34FF0000001F00041BDE8E1
:10ABB000F081BDE8F04170B5FFF78EFE6DDBFFBEA2
:10ABC000BDE8F0414FF00000004970470000F87FF9
:10ABD00010B591EA030F48BF83F000433FF530AB57
:10ABE000841A71EB030C07D212198CF0004C43EB62
:10ABF0000C03001B61EB0C01DFF8A4E14FEA1154D8
:10AC0000A4EB135C1EEA430F18BF9EEA445F00F0FA
:10AC1000B08023EA6E03524221EA0451C3EB6E0373
:10AC200038BF5B1EDCF1200E25D322FA0CFE10EBA0
:10AC30000E0043FA0CFE41EB0E01CCF1200E03FA9C
:10AC40000EFE10EB0E0051F10001CCF1200E29D4C4
:10AC500012FA0EF201EB0451BDE8104058BF7047E4
:10AC6000401C1CBFB2F1004F704700280CBF491CAC
:10AC700020F00100704712EB020E43EB030218BFF5
:10AC80004FF0010E4EEA4202ACF1200CDCF11E0E38
:10AC900054D943FA0CFE10EB0E0051F1FF31CCF108
:10ACA0001E0ED5D50EF1010E12FA0EFE404141EBFB
:10ACB000010101EB445C5FEA5C5C10D910EBDE70D3
:10ACC00001EB045138BFBEF1004FBDE8104018BF82
:10ACD000704700280CBF491C20F00100704730D29B
:10ACE0004FEAD42C11F5001124F400641BD0B1FA02
:10ACF00081F20B3AA41AA41ED2F12003914030FA3B
:10AD000003F31943904001EBCC71002C01EB04518B
:10AD1000BDE81040A8BF704701F1C0414FF00000EE
:10AD200001F000417047B0FA80F310FA03F100D14E
:10AD300010BDE41A173C4805C90AE4E701EB0451C9
:10AD400010BD491001EB0451BDE810404FEA30003E
:10AD500002E04FF0000170474A0008BF0042F8D0FF
:10AD6000B2F5001F28BF704701F000414FF000000E
:10AD700070479EEA445F07D011EA5E0FBDE81040BD
:10AD800004BF002100207047BDE8104070B5FFF7F8
:10AD9000A3FD00BF40DFF63E83F000411046704740
:10ADA0000000E0FF43004FEAD30C4FEA3C0C434065
:10ADB0001FBF40070CF1605113F0FE4F70471CF0AD
:10ADC000006F03D100200CF0004170470CF00043ED
:10ADD00043EA507010B540EACC0000F062FA00BFC0
:10ADE000000000924FEA0001FFF7C4BD4FF00041A0
:10ADF0004FF00000A1F500217047000090EA010F1C
:10AE000048BF81F0004100F10A83421A3CBF801A1A
:10AE100089184FEAD0524FF07F4C1CEA410FA2EB49
:10AE2000D15318BF9CEA026F00F03B804FF0004CFA
:10AE30004CEA00204CEA012121FA03FC10EB0C0C37
:10AE40001ED202F1FF325FEA1C2040EBC25038BF35
:10AE500070471CF07F0F4FEA400C18BFBCF17F4FCA
:10AE600038BF7047C3F12003994008BF20F00100AC
:10AE7000BCF17F4F38BF7047A0F1C04000F057BA17
:10AE80004FEA3C00000A40EBC25028BF1CF0FF0F05
:10AE90004FEA400CE6D018BFBCF17F4F38BF704777
:10AEA000EAE79CEA026F05D010EA5C0F08BF00F0E9
:10AEB0000040704710B500F0F4F900BF64FBBE3EDF
:10AEC000014800F01CBB00BF0000C07F401058BF0D
:10AED000C0F14040491058BFC1F140418142EFF3F9
:10AEE000008070474FF47F0C1CEAD0121EBF1CEA92
:10AEF000D11392EA0C0F93EA0C0F00F0858090EAD0
:10AF0000010F48BF42F4807240F4000C41F400008D
:10AF10002CF07F4120F07F4000B58142A2EB03027C
:10AF20000FF2081CACEB504EC0F100009EF800E0A0
:10AF30004FEA4E0E00FB0EFC38BF49004FEA2C1CB6
:10AF400002F5FA020CFB0EF34FEACE1E4FEA112C6B
:10AF50004FEAC1210EEB635E42EB22420EFB0CFC7A
:10AF60004FEA1C5300FB03114FEA112C4FEA013149
:10AF70000EFB0CFC4FEADC4C00FB0C11C14228BF5D
:10AF800009184CEB03335DF804EB10EB410143EB84
:10AF9000C250B2F57C0F38BF704729D512F0F00FC0
:10AFA0001CBF00F1C04000F0004070470081828368
:10AFB0008485868788898B8C8D8E8F9192939596C8
:10AFC00097999A9C9D9FA0A2A3A5A7A8AAACAEB052
:10AFD000B2B3B5B7B9BCBEC0C2C5C7C9CCCED1D457
:10AFE000D7D9DCDFE2E6E9ECF0F3F7FAFE00000087
:10AFF0004FEA400C0CF1807CBCF17E4F28BF7047BB
:10B00000B0F1C04000F093B990EA010F0CEAD113FF
:10B0100048BF42F48072624538BF634507D213F4DB
:10B020007F0F16D080EA010000F00040704710B595
:10B0300000F037F9097EFC3E00F005B880EA010017
:10B0400000F00040704780EA010000F0004000F08E
:10B050006EB912F47F0F04BF0248704780EA010006
:10B0600000F065B90000C07F41000B0ED3F19E02D5
:10B0700008D950F400034FEA032323FA02F048BF33
:10B080004042704710B500F00CF900BF499224808F
:10B09000002070476FF0004282EA200070470000F5
:10B0A000C10DD1F19E0206DB4FEA002343F00043BD
:10B0B00023FA02F07047004207D54FEA4001B1F190
:10B0C000FE4F02D24FF00000704710B500F0E9F8D3
:10B0D00049922480002070476FEA200070470000EA
:10B0E00010F0004148BF4042B0FA80F310FA03F27A
:10B0F000C3F19D030BD051EAC35101EB122053065B
:10B1000038BF704700F1010008BF20F00100704710
:10B11000B0FA80F310FA03F2C3F19D030AD0D90507
:10B1200001EB1220530638BF704700F1010008BF41
:10B1300020F001007047000050EA010C00F113807C
:10B140001CF5000F58BFBCF5000F01D488427047B2
:10B1500007D710F5000F58BF11F5000F15D488421E
:10B160007047894270471CF5000F04D5BCF5000FED
:10B17000F7D5814270474FF0807C1CEB400F38BF01
:10B180001CEB410F01D28142704710B500F089F8E5
:10B19000922449004FF000504FF08051FFF796BEC7
:10B1A0004FF47F0C1CEAD0121EBF1CEAD11392EAA6
:10B1B0000C0F93EA0C0F00F0478090EA010F48BF94
:10B1C00042F480724FF0004C4CEA00204CEA01211E
:10B1D00002EB0302A0FB0113A2F50002002918BF35
:10B1E00043F001035B0028BF4FEA330342EB2242E6
:10B1F0005FEA132C4CEBC2502EBFBCEB436FB2F591
:10B200007C0F70474FEA036CBCF1004F08BF20F081
:10B210000100B2F57C0F38BF70470BD582F0FF02FA
:10B2200012F5803FC8BF704700F1C040D8BF00F0A2
:10B230000040704700F5000C5FEA4C0C48BF7047B7
:10B24000B0F1C04000F073B890EA010F0CEAD113DE
:10B2500048BF42F48072624538BF634504D280EA39
:10B26000010000F00040704710B500F01AF800BF70
:10B270008900013E00F007B800F009B85FEA410C10
:10B280005FEA1C6C08D080EA010000F050B85FEA69
:10B29000400C5FEA1C6CF6D14FF00040A0F5800036
:10B2A00070470EF1020E2EF0030E5EF8044B24429E
:10B2B00004D44FEA4102B2F17F4F11D84FEA400364
:10B2C000B3F17F4F0CD80ED14FEAD07CB2F17F4F53
:10B2D0000CEB4C0C0CF1020C08BF4CEBD17C04E0E5
:10B2E0004FF0080C01E04FEAD17C0CEB4C0324FA40
:10B2F00003F404F00704B4F1040C06D20EEB840C42
:10B30000BDE810404CF0010C6047DFE80CF0070886
:10B3100002024FF00040A0F5800010BD0846420038
:10B3200018BFD2F1807288BF00F0004010BDFF212D
:10B3300041EAD050C005704751EA000C00F113807B
:10B340001CF5000F58BFBCF5000F01D481427047B7
:10B3500007D711F5000F58BF10F5000F15D4814223
:10B360007047894270471CF5000F04D5BCF5000FEB
:10B37000F7D5884270474FF0807C1CEB410F38BFF7
:10B380001CEB400F01D28842704780EA010081EA3D
:10B39000000180EA0100FFF7F8BE00005FEA400C00
:10B3A0005FEA1C6CBCF17F0314D4D3F1170240F3A5
:10B3B0001C804FF0010C0CFA02FCACF101030340BD
:10B3C000B3EB5C0220EA030008BF10EA0C0F88BF51
:10B3D00060447047B3F1FF3F28BF5FEA002C00F0E4
:10B3E000004088BF40F07E507047BCF1FF0FB8BFEF
:10B3F000704710B5FFF755FF40DBB6BE80F0004048
:10B4000090EA010F7FF501AD81F0004100F007B82F
:10B4100090EA010F48BF81F000413FF5F6AC421AB7
:10B4200004D882F00042A0EB020011444FEAD0524F
:10B430004FF07F4C1CEA410FA2EBD15318BF9CEA9E
:10B44000026F4AD04FF0004C4CEA00204CEA012138
:10B4500021FA03FCB0EB0C0C0FD412F0FE0F36D027
:10B460005FEA4C001DD5001240EBC25038BF704758
:10B470001CF03F0F18BF70470BE0A2F101025FEA1A
:10B480001C2040EBC25038BF70471CF07F0F18BF24
:10B490007047C3F12003994014BF401E20F0010003
:10B4A000704780084FEA122308BF7047B0FA80FC4B
:10B4B000A2EB0C02CCF1280C60FA0CF093EA122FEC
:10B4C00004BF00EBC25070474FEAC3707047130AC5
:10B4D0005FEADC1008BF7047F6E79CEA026F04D011
:10B4E00010EA5C0F08BF0020704710B5FFF7D9FEC7
:10B4F00040DFF63E81F000407047F5F7F5B90CF0FB
:10B500000F03092B08BF082000F07F800A2B0BD007
:10B51000082B18BF704708BF1CF0400F0AD04FF02F
:10B5200000004FF0000170471CF0400F18BF4FF0B3
:10B53000004070471CF0100F08D020F0704300F05E
:10B540007F4242EAD3014FEA4370704700F0604007
:10B5500021F07F4242EA000201F07F4040EA72702F
:10B5600070474FF0FF0C4CF4E06C1CEA11531CBF09
:10B570009CEA030C9445C2BFDA4201EB02517047CA
:10B58000002B0DD0BCF1000F0FD0002A01F00041BC
:10B59000A4BF41F0E04141F07F614FF000007047EF
:10B5A00001F000414FF00000704750EA01334FF0C6
:10B5B0009B0C18BF4CF0806C7EF4E2AE70474FF0ED
:10B5C000FF0212EAD0521CBF92F0FF038B42C2BFAF
:10B5D000D14200EBC1507047002A0AD0002B0BD09B
:10B5E000002900F00040A4BF40F0FE4040F40000FD
:10B5F000704700F00040704743024FF00B0C18BF3B
:10B600004CF0806C7FF45CAC70471CF4801F11D050
:10B610001CF4E02F03D06FEACC31490070474FF0A3
:10B620004050EFF3008222F0704242EA000282F3BF
:10B63000008870474FF000007047010202030405C4
:10B64000060708090A0B0C0D0E0F10100102020369
:10B650000405060708090A0B0C0D0E0F1010000058
:10B6600000000000000001020304060708090000B2
:10B6700000000102030400000000000000000000C0
:10B680000000000000003F4000000000000000003B
:10B690003000400030004000000009000BC03D00B9
:10B6A0000BC03D00090018C024407FE022403180DB
:10B6B0000000180024C01B000D8032400180038070
:10B6C0001C4027401C800740004010006000000024
:10B6D0000000000000000000000000001F8020406B
:10B6E00040200000402020401F8000000000090092
:10B6F00006001F80060009000000040004003F80CF
:10B7000004000400000000100060000000000000C1
:10B710000000040004000400040004000000000015
:10B7200000400000000000000000002001C00600F2
:10B730003800400000001F802040204020401F8033
:10B740000000000010403FC000400000000018C092
:10B750002140224024401840000010802040244016
:10B7600024401B80000002000D0011003FC001407A
:10B7700000003C80244024402440238000001F809F
:10B78000244024403440038000003000200027C0C3
:10B790003800200000001B802440244024401B80EF
:10B7A00000001C0022C0224022401F800000000038
:10B7B00000000840000000000000000000000460DD
:10B7C000000000000000000004000A0011002080BA
:10B7D00040400900090009000900090000000000BC
:10B7E0004040208011000A0004001800200023407F
:10B7F0002400180000001F802040274029401F40DF
:10B800000000004007C039000F0001C00040204088
:10B810003FC0244024401B8000001F802040204067
:10B8200020403080000020403FC0204020401F804A
:10B83000000020403FC024402E4030C00000204087
:10B840003FC024402E00300000000F001080204038
:10B8500022403380020020403FC0040004003FC06B
:10B860002040204020403FC0204020400000006099
:10B87000202020203FC02000200020403FC0244046
:10B880000B0030C0204020403FC02040004000401E
:10B8900000C03FC03C0003C03C003FC0000020404F
:10B8A0003FC00C4023003FC020001F8020402040AC
:10B8B00020401F80000020403FC02440240018008A
:10B8C00000001F802140214020E01FA000002040F8
:10B8D0003FC02440260019C0004018C02440244026
:10B8E000224031800000300020403FC02040300026
:10B8F000000020003F80004000403F8020002000EA
:10B900003E0001C0070038002000380007C03C009E
:10B9100007C038000000204039C0060039C0204070
:10B9200000002000384007C03840200000003040B0
:10B9300021C02640384020C00000000000007FE009
:10B94000402040200000000070000C0003800040F8
:10B9500000000000402040207FE0000000000000C8
:10B960002000400020000000000000100010001027
:10B970000010001000100000000040000000000057
:10B980000000000002800540054003C00040200088
:10B990003FC00440044003800000000003800440D6
:10B9A00004400640000000000380044024403FC0E3
:10B9B00000400000038005400540034000000000F7
:10B9C00004401FC0244024402000000002E0055035
:10B9D00005500650042020403FC00440040003C02E
:10B9E00000400000044027C000400000000000109C
:10B9F0000010041027E00000000020403FC001407C
:10BA0000070004C00440204020403FC000400040E8
:10BA1000000007C0040007C0040003C00000044089
:10BA200007C00440040003C000400000038004403D
:10BA3000044003800000041007F004500440038019
:10BA40000000000003800440045007F00010044090
:10BA500007C002400400040000000000064005404A
:10BA6000054004C00000000004001F8004400040A6
:10BA70000000040007800040044007C000400400AC
:10BA8000070004C0018006000400060001C0070092
:10BA900001C006000000044006C0010006C00440CA
:10BAA00000000410071004E00180060004000000FC
:10BAB000044005C0064004400000000000000400EF
:10BAC0007BE040200000000000000000FFF00000CC
:10BAD0000000000040207BE0040000000000400067
:10BAE0008000400020002000400000000000000016
:10BAF0000000000000000000000000000000000046
:10BB00001FCC000C00000000000000000800300006
:10BB100060000800300060000000022003FC1E20CE
:10BB2000022003FC1E200220000000000E18110459
:10BB30003FFF10840C78000000000F0010840F38C5
:10BB400000C0077818840078000000780F8410C4C3
:10BB500011240E9800E400840008080068007000BA
:10BB600000000000000000000000000000000000D5
:10BB700007E01818200440020000000040022004E2
:10BB8000181807E000000000000002400240018099
:10BB90000FF0018002400240000000800080008021
:10BBA0000FF800800080008000000001000D000EF2
:10BBB0000000000000000000000000000080008085
:10BBC000008000800080008000800000000C000CDD
:10BBD0000000000000000000000000000006001847
:10BBE00000600180060018002000000007F008082F
:10BBF00010041004080807F00000000008040804FE
:10BC00001FFC000400040000000000000E0C1014D3
:10BC10001024104411840E0C000000000C181004B5
:10BC20001104110412880C700000000000E00320D1
:10BC3000042408241FFC0024000000001F98108426
:10BC400011041104108810700000000007F008882B
:10BC50001104110418880070000000001C0010007E
:10BC600010FC13001C001000000000000E381144EE
:10BC70001084108411440E38000000000700088C66
:10BC800010441044088807F0000000000000000085
:10BC9000030C030C00000000000000000000000185
:10BCA00001060000000000000000000000800140CC
:10BCB00002200410080810040000022002200220C4
:10BCC00002200220022002200000000010040808C8
:10BCD0000410022001400080000000000E0012004D
:10BCE000100C106C10800F00000003E00C1813E41F
:10BCF000142417C4082807D000000004003C03C423
:10BD00001C40074000E4001C000410041FFC110448
:10BD1000110411040E880070000003E00C181004D8
:10BD20001004100410081C10000010041FFC100464
:10BD300010041004080807F0000010041FFC110490
:10BD4000110417C410040818000010041FFC11048B
:10BD5000110017C010000800000003E00C181004C8
:10BD6000100410441C780040000010041FFC1084D4
:10BD70000080008010841FFC1004000010041004D8
:10BD80001FFC10041004000000000003000110015B
:10BD900010011FFE10001000000010041FFC110411
:10BDA00003801464181C1004000010041FFC10040D
:10BDB000000400040004000C000010041FFC1F001D
:10BDC00000FC1F001FFC1004000010041FFC0C04EA
:10BDD000030000E010181FFC100007F00808100412
:10BDE00010041004080807F0000010041FFC108461
:10BDF0001080108010800F00000007F00818102439
:10BE00001024101C080A07F2000010041FFC110483
:10BE1000110011C011300E0C000400000E1C1104A2
:10BE20001084108410441C38000018001000100406
:10BE30001FFC100410001800000010001FF8100470
:10BE40000004000410041FF8100010001E0011E090
:10BE5000001C007013801C0010001FC0103C00E08C
:10BE60001F0000E0103C1FC000001004180C163426
:10BE700001C001C01634180C100410001C0013047B
:10BE800000FC13041C00100000000804101C1064C7
:10BE9000108413041C0410180000000000000000AF
:10BEA0007FFE4002400240020000000030000C0013
:10BEB00003800060001C00030000000040024002FC
:10BEC00040027FFE00000000000000000000200093
:10BED000400040004000200000000001000100017F
:10BEE00000010001000100010001000040004000CD
:10BEF0002000000000000000000000000098012465
:10BF000001440144014400FC000410001FFC0088AF
:10BF10000104010400880070000000000070008827
:10BF20000104010401040088000000000070008882
:10BF30000104010411081FFC0004000000F8014482
:10BF400001440144014400C8000000000104010450
:10BF50000FFC1104110411001800000000D6012983
:10BF60000129012901C90106000010041FFC0084F9
:10BF700001000100010400FC000400000104190498
:10BF800019FC000400040000000000000003000190
:10BF90000101190119FE0000000010041FFC00241B
:10BFA000004001B4010C0104000000001004100462
:10BFB0001FFC0004000400000000010401FC010457
:10BFC000010001FC0104010000FC010401FC0084EB
:10BFD00001000100010400FC0004000000F801045D
:10BFE00001040104010400F80000010101FF0085C3
:10BFF0000104010400880070000000000070008847
:10C0000001040104010501FF00010104010401FC18
:10C0100000840104010001800000000000CC012424
:10C020000124012401240198000000000100010006
:10C0300007F80104010400000000010001F80004F9
:10C0400000040004010801FC0004010001800170EB
:10C05000000C001001600180010001F0010C0030B3
:10C0600001C00030010C01F0010000000104018C4E
:10C0700000740170018C0104000001010181017153
:10C08000000E001801600180010000000184010C15
:10C09000013401440184010C000000000000000094
:10C0A000000001003EFC40024002000000000000D1
:10C0B0000000FFFF000000000000000040024002FE
:10C0C0003EFC010000000000000000006000800055
:10C0D000800040004000200020006800000476003E
:10C0E0005401F7FD000175191A0C6A231B1C1F204F
:10C0F0007274433B4138393A6B6C376F06246D6E6E
:10C10000700000008300000000080000000100181B
:10C1100032000500000020410000D242295C0F3EA1
:10C120009A99993E3333733F295C0F3E00007000AB
:10C13000000000240000000200030000006500541D
:10C14000FFEF0000FA80000B12820001030C30C3E5
:10C150000E8C8CE914D5400213710F8E3883F8834E
:10C160003000F883258EF8833000F883FFFFFFFF4F
:10C170000FFEA9D6240004001A8279A10000003C19
:10C18000FFFF00000010000038836FA2003E033064
:10C190004000000002CAE3093E80000020000000C9
:10C1A000000000004000000060000000000C0000E3
:10C1B000000C186E000006920A16C0DFFFFF025640
:10C1C000FD8CD377FFE1C496E0C5BEAA0000000055
:10C1D000FFFF0B2B00001657000003594000000022
:10C1E00000001DFA00026C1D000000003FFFDFEBA5
:10C1F000003EB3B6000D227800002F3C0000000086
:10C20000001942B5000039A20000B365D90E9FC9DC
:10C210001DCF4C3430000000500000003BB67AE8DF
:10C220000064000000C800000000000010000000D2
:10C230001000FA921000225E000D229F0001000003
:10C2400000320000FF46000063D400001000000030
:10C2500004D6000004CC000004CC000000001072E2
:10C260000000004000000000000000000006000286
:10C27000000500070000000000640000000000004E
:10C280000000000500050064002000000000000020
:10C290000000000000004000000003000000003229
:10C2A000F8980000FF650000830F0000FF9BFC0072
:10C2B000000000000000000000000000000000007E
:10C2C000000000000000000000000000000000006E
:10C2D000000000000000000000001000400000000E
:10C2E000000000060000B26A000200000001FB83AB
:10C2F0000068000000D9FC007CF1FF830000000012
:10C3000000650000006403E80064002800000025C8
:10C310000000000016A00000000010000000100047
:10C32000002F0000000001F40000100000280000B1
:10C33000FFFF4581FFFFFA720000000000000000CF
:10C34000004400050005BAC6004778A200000001BD
:10C350000000000000000600000000140000254D51
:10C36000002F706D000005AE000C02D00000000030
:10C37000000000000000000000000000001B0000A2
:10C380000000000000000000000000000064000049
:10C390000008000000000000000000000000000095
:10C3A000000000000000000000000000000000008D
:10C3B000000000000000000000000000000000007D
:10C3C000000000000000000000000000000000006D
:10C3D000000000000000000000000000000000005D
:10C3E000000000000000000000000000001B000032
:10C3F0000000000000000000000E000E00000AC750
:10C400000004000000000032FFFFFF9C00000B2B27
:10C41000000000020000000100000064FFE50000D1
:10C42000000000000000000000000000000000010B
:10C43000000000000001000000000000000180007A
:10C440000001800000018000002426D300000000CD
:10C4500000000000000600100096003C00000000F4
:10C460000000000000000000000000000C0A4E6800
:10C47000CDCF770950166759C619CE82000000004B
:10C4800000000000000000000000000000000000AC
:10C490000000000017D78400030000000000000027
:10C4A00000000000C7938F9D1E1B1C190000000098
:10C4B000000000000000000000000000000000007C
:10C4C0000000000002031885000040000000000387
:10C4D0000000000300000000000000004000000019
:10C4E000000000000000000000000000000000004C
:10C4F000000000000000000000000000000000003C
:10C50000000000000000000000000000000000002B
:10C51000677DDF7E72902E554CF6E68800000000A5
:10C52000000000000000000000000000D8DCB4B8EB
:10C53000B0D8B9ABF3F8FAB3B7BB8E9EAEF132F513
:10C540001BF1B4B8B08097F1A9DFDFDFAADFDFDF2E
:10C55000F2AAC5CDC7A90CC92C97F1A989264666B0
:10C56000B28999A92D557DB0B08AA896365676F134
:10C57000BAA3B4B280C0B8A89711B28398BAA3F096
:10C58000240844106418B2B9B49883F1A329557DE6
:10C59000BAB5B1A38393F0002850F5B2B6AA83933D
:10C5A00028547CF1B9A3829361BAA2DADEDFDB8181
:10C5B0009AB9AEF5606870F1DABAA2DFD9BAA2FA18
:10C5C000B9A38292DB31BAA2D9BAA2F8DF85A4D08E
:10C5D000C1BBAD83C2C5C7B8A2DFDFDFBAA0DFDF52
:10C5E000DFD8D8F1B8AAB38DB4980D355DB2B6BA1C
:10C5F000AF8C96198F9FA70E161EB49AB8AA872CD7
:10C60000547CBAA4B08AB691325676B28494A4C847
:10C6100008CDD8B8B4B0F19982A82D557D98A80E50
:10C62000161EA22C547C92A4F02C5078F184A89869
:10C63000C4CDFCD80DDBA8FC2DF3D9BAA6F8DABA24
:10C64000A6DED8BAB2B68696A6D0F3C841DAA6C896
:10C65000F8D8B0B4B882A892F52C548898F135D99E
:10C66000F418D8F1A2D0F8F9A884D9C7DFF8F88374
:10C67000C5DADF69DF83C1D8F40114F1A8824EA8BE
:10C6800084F311D182F5D992289788F109F41C1C02
:10C69000D884A8F3C0F9D1D99782F129F40DD8F341
:10C6A000F9F9D1D982F4C203D8DEDF1AD8F1A2FA9F
:10C6B000F9A88498D9C7DFF8F8F883C7DADF69DF0B
:10C6C000F883C3D8F40114F198A8822EA884F3113A
:10C6D000D182F5D992509788F109F41CD884A8F337
:10C6E000C0F8F9D1D99782F149F40DD8F3F9F9D10D
:10C6F000D982F4C403D8DEDFD8F1AD8898CCA8097C
:10C70000F9D98292A8F57CF1883ACF944A6E98DBE9
:10C710006931DAADF2DEF9D88795A8F221D1DAA530
:10C72000F9F417D9F1AE8ED0C0C3AE82C684C3A8C7
:10C730008595C8A588F2C0F1F4010EF18E9EA8C6B9
:10C740003E56F554F18872F40115F19845856EF561
:10C750008E9E0488F142985A8E9E068869F4011CC8
:10C76000F1981E1108D0F504F11E970202983625A3
:10C77000DBF9D985A5F3C1DA85A5F3DFD88595A8BE
:10C78000F309DAA5FAD88292A8F578F1881A849F7D
:10C7900026889821DAF41DF3D8879F39D1AFD9DFE5
:10C7A000DFFBF9F40CF3D8FAD0F8DAF9F9D0DFD9D5
:10C7B000F9D8F40BD8F3879F39D1AFD9DFDFF41D57
:10C7C000F3D8FAFCA869F9F9AFD0DADEFAD9F88F14
:10C7D0009FA8F1CCF398DB45D9AFDFD0F8D8F18F23
:10C7E0009FA8CAF38809DAAF8FCBF8D8F2AD978D3E
:10C7F0000CD9A5DFF9BAA6F3FAF412F2D8950DD147
:10C80000D9BAA6F3FADAA5F2C1BAA6F3DFD8F1BA1B
:10C81000B2B68696A6D0CAF349DAA6CBF8D8B0B499
:10C82000B8D8AD84F2C0DFF18FCBC3A8B2B686967C
:10C83000C8C1CBC3F3B0B48898A821DB718D9D71BA
:10C84000859521D9ADF2FAD88597A828D9F408D8CA
:10C85000F28D29DAF405D9F285A4C2F2D8A88D9414
:10C8600001D1D9F411F2D88721D8F40AD8F28498EA
:10C87000A8C801D1D9F411D8F3A4C8BBAFD0F2DE57
:10C88000F8F8F8F8F8F8F8F8D8F1B8F6B5B9B08AC9
:10C8900095A3DE3CA3D9F8D85CA3D9F8D87CA3D95A
:10C8A000F8D8F8F9D1A5D9DFDAFAD8B18530F7D9B7
:10C8B000DED8F830ADDADED8F2B48C99A32D557DF0
:10C8C000A083DFDFDFB591A0F629D9FBD8A0FC2932
:10C8D000D9FAD8A0D051D9F8D8FC51D9F9D879D9FA
:10C8E000FBD8A0D0FC79D9FAD8A1F9F9F9F9F9A0C7
:10C8F000DADFDFDFD8A1F8F8F8F8F8ACDEF8ADDE63
:10C900008393AC2C547CF1A8DFDFDFF69D2CDAA0FA
:10C91000DFD9FADB2DF8D8A850DAA0D0DED9D0F8CC
:10C92000F8F8DB55F8D8A878DAA0D0DFD9D0FAF833
:10C93000F8F8F8DB7DF8D89CA88CF530DB38D9D036
:10C94000DEDFA0D0DEDFD8A848DB58D9DFD0DEA0FC
:10C95000DFD0DED8A868DB70D9DFDFA0DFDFD8F159
:10C96000A888902C547C98A8D05C38D1DAF2AE8C90
:10C97000DFF9D8B087A8C1C1B188A8C6F9F9DA36FD
:10C98000D8A8F9DA36D8A8F9DA36D8A8F9DA36D834
:10C99000A8F9DA36D8F78D9DADF818DAF2AEDFD8FF
:10C9A000F7ADFA30D9A4DEF9D8F2AEDEFAF983A7F2
:10C9B000D9C3C5C7F1889BA77AADF7DEDFA4F88499
:10C9C0009408A797F300AEF29819A488C6A3948898
:10C9D000F632DFF28393DB09D9F2AADFD8D8AEF8BA
:10C9E000F9D1DAF3A4DEA7F1889B7AD8F38494AE68
:10C9F00019F9DAAAF1DFD8A881C0C3C5C7A3928309
:10CA0000F628ADDED9F8D8A350ADD9F8D8A378ADC3
:10CA1000D9F8D8F8F9D1A1DADEC3C5C7D8A1819475
:10CA2000F818F2B089ACC3C5C7F1D8B8B4B09786CE
:10CA3000A8319B069907AB9728889BF00C201440DF
:10CA4000B0B4B8F0A88A9A285078B79BA829517931
:10CA5000247059446938644831F1BBAB88002C54C8
:10CA60007CF0B38BB8A804285078F1B088B497262E
:10CA7000A85998BBABB38B02264666B0B8F08A9C27
:10CA8000A82951798B2951798A2470598B205871A2
:10CA90008A4469388B3940688A6448318B304960F0
:10CAA00088F1AC002C547CF08CA804285078F188D4
:10CAB0009726A85998AC8C02264666F0899CA8292E
:10CAC0005179247059446938644831A9880920593A
:10CAD00070AB11384069A8193148608CA83C415CA2
:10CAE000207C00F187981986A86E767EA999882DFA
:10CAF000557DD8B1B5B9A3DFDFDFAED0DFAAD0DE78
:10CB0000F2ABF8F9D9B087C4AAF1DFDFBBAFDFDF42
:10CB1000B9D8B1F1A3978E60DFB084F2C8F8F9D923
:10CB2000DED89385F14AB183A308B5839A0810B77C
:10CB30009F10D8F1B0BAAEB08AC2B2B68E9EF1FBE9
:10CB4000D9F41DD8F9D90CF1D8F8F8AD61D9AEFBFC
:10CB5000D8F40CF1D8F8F8AD19D9AEFBDFD8F4163B
:10CB6000F1D8F8AD8D61D9F4F4ACF59C9C8DDF2B38
:10CB7000BAB6AEFAF8F40BD8F1AED0F8AD51DAAEE1
:10CB8000FAF8F1D8B9B1B6A3839C08B9B1839AB5C4
:10CB9000AAC0FD3083B79F10B58B93F20202D1ABD0
:10CBA000DADED8F1B080BAABC0C3B284C1C3D8B1A9
:10CBB000B9F38BA391B609B4D9ABDEB0879CB9A306
:10CBC000DDF1B38B8B8B8B8BB087A3A3A3A3B28B2D
:10CBD000B69BF2A3A3A3A3A3A3A3A3A3A3F1B0878C
:10CBE000B59AA3F39BA3A3DCBAACDFB9A3A3A3A319
:10CBF000A3A3A3A3A3A3A3A3A3A3A3A3D8D8D8BB4E
:10CC0000B3B7F1AAF9DAFFD9809AAA28B48098A715
:10CC100020B79787A86688F07951F1902C870CA7E8
:10CC200081976293F071716085940129517990A583
:10CC3000F1284C6C870C95188578A38390284C6C50
:10CC4000886CD8F3A28200F210A8921980A2F2D9BF
:10CC500026D8F188A84DD948D896A83980D93CD88B
:10CC60009580A839A68698D92CDA87A72CD8A889C8
:10CC70009519A980D938D8A88939A980DA3CD8A8CB
:10CC80002EA83990D90CD8A8953198D90CD8A809D4
:10CC9000D9FFD801DAFFD89539A9DA26FFD890A8AC
:10CCA0000D8999A810809821DA2ED88999A8318009
:10CCB000DA2ED8A886963180DA2ED8A8873180DA85
:10CCC0002ED8A88292F34180F1D92ED8A882F319E8
:10CCD00080F1D92ED882ACF3C0A28022F1A62EA773
:10CCE0002EA92298A829DAACDEFFD8A2F22AF1A94F
:10CCF0002E8292A8F23180A696F1D900AC8C9C0CC1
:10CD000030ACDED0DEFFD88C9CACD010ACDE809294
:10CD1000A2F24C82A8F1CAF235F19688A6D900D8C1
:10CD2000F1FF0000EBAB8A3F0000000000000000B4
:10CD3000EBAB8ABEEBAB8ABEC89FDB416A090FC072
:10CD4000531FBDC20CE76CC117B7D13817B7D13824
:10CD50000AD7A33B000000000000803F0000000055
:10CD60000000803F000000000AD7A33B0000000045
:10CD70000000803F000000000000803F0000000035
:10CD80000000803F00000000000000000000803F25
:10CD90000000803F0AD7A3BB000000000000803FD6
:10CDA000FFE6DB2E0000000000000000FFE6DB2EA7
:10CDB0000000803F000000000AD7A3BB0000803FB6
:10CDC0000000803F00000000000000000000803FE5
:10CDD0000000803F0AD7A3BB000000000000803F96
:10CDE000FFE6DB2E0000000000000000FFE6DB2E67
:10CDF0000000803F000000000AD7A3BB0000803F76
:10CE0000555555555555C53F7D6FEB0312D6D4BFCB
:10CE10005544880E55C1C93F3B8F68B52882A4BFD1
:10CE200088B20175E0EF493F09F7FD0DE13D023F92
:10CE30004B2D8A1C273A03C0C88A599CE52A00401A
:10CE400059018D1B6C06E6BF82922EB1C5B8B33F67
:10CE5000000000000000F03F000000000000F83F6C
:10CE600000000000000000000000004003B8E23FA6
:10CE7000000000000000000006D0CF43EBFD4C3E58
:10CE8000033333333333E33FFFAB6FDBB66DDB3F4D
:10CE90004D268F515555D53F01411DA96074D13F95
:10CEA00065DBC9934A86CD3FEF4E454A287ECA3F8F
:10CEB0003E5555555555C53F93BDBE166CC166BF11
:10CEC0002CDE25AF6A56113FF16BD2C541BDBBBE0A
:10CED000D0A4BE726937663E4FBB610567ACDD3FCB
:10CEE000182D4454FB21E93F9BF681D20B73EF3F91
:10CEF000182D4454FB21F93FE2652F227F2B7A3C09
:10CF0000075C143326A6813CBDCBF07A8807703CC1
:10CF1000075C143326A6913CC4EB98999999C9BF34
:10CF2000711623FEC671BCBF6D9A74AFF2B0B3BF69
:10CF30009AFDDE522DDEADBF2F6C6A2C44B4A2BF29
:10CF40000D5555555555D53FFF8300922449C23F95
:10CF50006E204CC5CD45B73F513DD0A0660DB13FC9
:10CF6000EB0D76244B7BA93F11DA22E33AAD903FDB
:10CF70000000803F0030983F0000B53F0040D73FA1
:10CF800000000000320A7E397F661E395B991F3926
:10CF90000000803FF037983FF304B53FFD44D73F92
:10CFA000000000000000000002400000000000A09F
:10CFB0000000000005400000000000C80000000064
:10CFC0000C4000000000409C0000000019400000E0
:10CFD0000020BCBE0000000034400000BFC91B8E12
:10CFE00000000004B5400000504BCFD06607E2CFF0
:10CFF000010000006C4100003E8251AADFEEA73420
:10D0000001000000D9420000DCB5A0E23A301F97D1
:10D01000FFFFFFFFB4450000FD25A0C8E9A3C14FF5
:10D02000FFFFFFFFFF3F0000000000800000000046
:10D03000FF3F0000000000800000000050726F649D
:10D0400075637420494420726561642061732030E7
:10D0500020696E64696361746573206465766963D1
:10D06000652069732065697468657220696E636FF5
:10D070006D70617469626C65206F7220616E204D05
:10D080005055333035302E0D0A0000002B434F4EE3
:10D090004E454354494E473C3C30303A30303A30AC
:10D0A000303A30303A30303A30300D0A000000006B
:10D0B0002B434F4E4E45435445440D0A000000009B
:10D0C0002B5041495241424C450D0A002B444953D3
:10D0D000433A535543434553530D0A002B524541A0
:10D0E00044590D0A000000007B252E33663A252E98
:10D0F00033663A252E33663A252E33663A252E338B
:10D10000663A252E33663A252E33663A252E336647
:10D110003A252E33663A252E33663A252E33663A63
:10D12000252E33663A252E33667D0D0A0000000059
:10D130006CD1000800000020340300006C010008DE
:10D14000F0D10008340300200C290000C8010008B9
:10D150001C00000043000000F8FFFFFF0C0000006F
:10D160000E0000000F0000002E000000120112024D
:10D17000021501091416791E091C1F012529438275
:10D1800010031524F413E6C01B08DA0401206B0415
:10D19000C1240324803F5AFF0449C70B1C0142A845
:10D1A000120212031204120512061A07671209125C
:10D1B0000A120B120C120D120E8A0FC20119138CD7
:10D1C000D01B08B0041ACC041ADC041AC0040140B5
:10D1D000150AD7233C35C0414523B219028F0505F6
:10D1E000620AD7A33BCB803F0CE910094C500000EA
:0400000508000131BD
:00000001FF
