:020000040800F2
:10000000502C00202D020008F9570008094700086D
:10001000A95700085D1800080569000800000000E5
:1000200000000000000000000000000071610008F6
:10003000851C0008000000008F5F0008B9610008FF
:10004000470200084702000847020008470200086C
:10005000470200084702000847020008470200085C
:10006000470200084702000847020008470200084C
:10007000470200084702000847020008470200083C
:10008000470200084702000847020008470200082C
:10009000470200084702000847020008871C0008C2
:1000A000470200084702000847020008470200080C
:1000B00047020008470200084702000847020008FC
:1000C00047020008470200084702000847020008EC
:1000D000470200084702000847020008A16800081C
:1000E00047020008470200084702000847020008CC
:1000F00047020008470200084702000847020008BC
:1001000047020008470200084702000847020008AB
:10011000D1640008E96400084702000847020008AB
:100120004702000847020008E918000847020008D3
:1001300000F002F800F06AF80AA090E8000C82448F
:100140008344AAF10107DA4501D100F05FF8AFF26C
:10015000090EBAE80F0013F0010F18BFFB1A43F0A5
:1001600001031847F8CB000018CC00000A444FF0F8
:10017000000C10F8013B13F0070408BF10F8014B06
:100180001D1108BF10F8015B641E05D010F8016B4B
:10019000641E01F8016BF9D113F0080F1EBF10F8AF
:1001A000014BAD1C0C1B09D16D1E58BF01F801CBD2
:1001B000FAD505E014F8016B01F8016B6D1EF9D555
:1001C0009142D6D37047000000230024002500266A
:1001D000103A28BF78C1FBD8520728BF30C148BFAA
:1001E0000B60704766290AF0CA87642900F07080A6
:1001F000002070471FB500F0ABFC04000020002178
:1002000009F072FEE0601FBD10B510BD00F0C0FD2A
:100210001146FFF7EFFF08F083F800F0DEFD03B4AE
:10022000FFF7F2FF03BC06F06AFC000009488047B4
:1002300009480047FEE7FEE7FEE7FEE7FEE7FEE7C8
:10024000FEE7FEE7FEE7FEE704480549054A064BE0
:100250007047000037620008310100085026002076
:10026000502C00205028002050280020704710B546
:100270004C1084EA530404D54042C1F1000138BF58
:10028000491E1B4204D55242C3F1000338BF5B1E16
:1002900000F062F914F0804F04D04042C1F1000137
:1002A00038BF491E14F0004F04D05242C3F100037E
:1002B00038BF5B1E10BD00000FB4044910B503AA7F
:1002C000029800F033FC10BC5DF814FB60000020C5
:1002D0002DE9F0410646002410687529314616A51F
:1002E00010D0AFF30080002802DA404213A507E0E7
:1002F00031688A0701D512A502E0490704D511A586
:10030000012401E0AFF3008000210A2206F1240756
:1003100009E0B0FBF2FCB0FBF2F302FB1C00303052
:1003200078541846491C0028F3D123462A46304603
:10033000BDE8F04100F092B9000000002D0000007F
:100340002B000000200000002DE9F0474FF0000ACC
:1003500089460446C0F820A02046E1688847002866
:1003600076D0252806D0D4E901219047206A401C88
:100370002062F1E7E168204600258847C4F81CA008
:1003800006460027C4F818A02A2E09D0304606F0E9
:10039000AFFB38B304EB8708303EC8F8186019E0AB
:1003A00059F8041B204604EB87029161E1688847F5
:1003B000012F064618D1E069002820DA25F0200533
:1003C0001DE0D8F8180000EB800006EB4000303844
:1003D000C8F818002046E1688847064606F088FB02
:1003E0000028EED1012F0AD02E2E08D12046E16838
:1003F00088477F1C0646022F45F02005C4DBA06914
:10040000002803DA404245F00105A061E80701D069
:1004100025F01005B6B1A6F14100192802D8203602
:1004200045F400654A463146204625604D46FFF7B3
:10043000D9FE58B1012806D0ED1D25F0070000F1C6
:10044000080989E704E005F1040985E730468AE7F1
:10045000206ABDE8F08740EA010310B59B070FD181
:10046000042A0DD310C808C9121F9C42F8D020BA24
:1004700019BA884201D9012010BD4FF0FF3010BDDC
:100480001AB1D30703D0521C07E0002010BD10F8AA
:10049000013B11F8014B1B1B07D110F8013B11F870
:1004A000014B1B1B01D1921EF1D1184610BD02F069
:1004B000FF0343EA032242EA024200F002B84FF08F
:1004C00000020429C0F0128010F0030C00F01B8021
:1004D000CCF1040CBCF1020F18BF00F8012BA8BF2F
:1004E00020F8022BA1EB0C0100F00DB85FEAC17CF3
:1004F00024BF00F8012B00F8012B48BF00F8012BA6
:1005000070474FF0000200B51346944696462039D6
:1005100022BFA0E80C50A0E80C50B1F12001BFF4BC
:10052000F7AF090728BFA0E80C5048BF0CC05DF822
:1005300004EB890028BF40F8042B08BF704748BF70
:1005400020F8022B11F0804F18BF00F8012B7047E4
:10055000704770477047704753EA020C00F069809B
:100560002DE9F04B4FF00006002B1FBFB3FA83F5C7
:1005700003FA05F424FA05F65E4012BF1643B2FAF8
:1005800082F502FA05F4C5F120051EBF22FA05FC2A
:1005900044EA0C04203556EA044C4FEA144418BFD0
:1005A000641C4FF000084FF00009904271EB030CFF
:1005B00039D3002919BFB1FA81F701FA07F6B0FA69
:1005C00080F700FA07F6C7F120071EBF20FA07FCE4
:1005D00046EA0C062037B6FBF4FCA7EB0507103FF4
:1005E00007F01F0BCBF120060CFA0BFB2CFA06F6DA
:1005F00044BFB3460026202FA4BF5E464FF0000B39
:100600005BEA060C08BF4FF0010B19EB0B09ABFBC3
:10061000027C48EB0608C01B06FB02CC0BFB03CC9C
:1006200071EB0C01C1E70B46024641464846BDE866
:10063000F08B13B54FF000004FF00001AFF30080D6
:10064000BDE81C40704710B500F086FA006810BD88
:1006500010B5044600F080FA046010BD2DE9F047A3
:100660000D4699469246044600F124080168880622
:1006700004D5E06921F01001216000E00120A842CA
:1006800001DD471B00E00027A1697A1902EB090090
:10069000081AA0612078C00602D42046AFF300807B
:1006A000002608E0D4E901211AF806009047206AE4
:1006B000401C761C20624E45F4DB2078C0060AD52B
:1006C0002046AFF3008006E0D4E9012130209047B6
:1006D000206A401C2062381EA7F10107F4DC07E005
:1006E000D4E9012118F805009047206A401C2062D7
:1006F000281EA5F10105F3DC2046AFF30080207829
:10070000000602D50220BDE8F0870120FBE7704714
:100710002DE9FF4F0C461E464FF0FF378BB0D2E954
:100720000001DDF860800A908A46C1F30A5505B9D8
:100730003D46002108464FF00000BAF1000F00F4DA
:10074000400005DA00EB80004FF4400101EA500060
:100750004FEA9059B9F1010F00DDB9460A9850EA05
:100760004A000ED044F61050A5F2FF3545432F1431
:10077000B8F1000F1ED07542291E1EDDC9F100021E
:100780001CE0B8F1010F4FF0000001D0302103E070
:10079000F24305E02154401CB042FBDB304600220E
:1007A000002121540B99C1F80880C1E900200FB045
:1007B000BDE8F08FBD1B6D1CDEE74A4600DA6942DA
:1007C00006A800F06BFA06AB93E8070003AB83E8DA
:1007D000070050460A9900F049FB8DE80700A0F594
:1007E00000501F3800900398002D0ADD42F21F01CF
:1007F0004A460844002303A90390684600F0B2FD6E
:1008000009E0A0F500504A461F38002303A90390D1
:10081000684600F0BCFD8DE807000004000C03D022
:100820004FF0FF30410800E01046B8F1000F03D050
:100830000022009215461EE0751E05D400F090F9C6
:10084000303262556D1EF9D5B3460122084302D0FD
:1008500000227F1C04E02078302801D100227F1E76
:10086000002A099784D01DE0112D07DA00F078F9ED
:10087000303262556D1C50EA0102F5D1084302D0B6
:100880000098C8B10EE00021681E05E0235C625CA0
:1008900063542254401E491C8142F7DBAB46A81B1F
:1008A000401E0990002004F80B000B98099AC0F82C
:1008B0000880C0E9002B7AE711264FF0000857E7BF
:1008C0002DE9F04F88460446D21D22F0070191B071
:1008D000D1E90001CDE90A0106F06EF802460B9855
:1008E000C00F01D02D2007E02068810701D52B2003
:1008F00002E0202101EAC000032A099001D0072A62
:1009000005DB03464146204600F088F90BE12078DC
:10091000800601D5E06900E00620B8F1650F814648
:1009200006D0B8F1660F18D0B8F1670F70D131E07A
:100930000020B9F1110F009001DB112301E009F152
:1009400001030AAA01A90CA8FFF7E2FEDDE90C7079
:10095000002609F10105834647E001204B4600903F
:100960004FF000470AAA01A90CA8FFF7D1FEDDE964
:100970000DB00C995D46002610B909F101000D1863
:10098000B9EB050003D4C0F1FF3609F10105A5EB71
:1009900009002BE0B9F1010F01DA4FF00109002045
:1009A000B9F1110F0090484601DD112300E0034624
:1009B0000AAA01A90CA8FFF7ABFEDDE90C704D46B1
:1009C00000268346207800070AD4AB4500DA5D464E
:1009D00001A8012D04DD411911F8011C302907D0AF
:1009E0004F4502DA17F1040F04DA012082460FE0C6
:1009F0006D1EEEE7002F02DCED1B3E4403E0781C89
:100A0000A84200DD7D1CB81B00F1010A4FF0004731
:100A10002078000703D4AA4501DB4FF0FF3A0021FC
:100A2000B7F1004F0DF143088DF8431024D0022098
:100A30002B23002F01DA7F422D230A21021EA0F171
:100A4000010000DC5FB197FBF1FC97FBF1F201FBC9
:100A50001C7C17460CF1300C08F801CDEEE7A8F12C
:100A6000010003702188090501D5452100E06521B9
:100A7000A0F1010800F8011C09980FA9A1EB0807D3
:100A8000FF1D00B10120411901EBEA70A169384452
:100A9000081A401EA0612078C00602D42046AFF399
:100AA0000080099828B1D4E901219047206A401CB0
:100AB00020622078C00622D52046AFF300801EE0D9
:100AC000002E04DBB34502DD01A8805D00E030208C
:100AD000D4E901219047206A401C2062761CAAF1CB
:100AE00001005FEA000A0AD100F032F8C06801682C
:100AF000405CD4E901219047206A401C2062281EF6
:100B0000A5F10105DCDC07E0D4E9012118F8010BAF
:100B10009047206A401C2062381EA7F10107F3DCD1
:100B20002046AFF30080032011B041E6074B70B5BB
:100B30000D467B4400F05FF80446284600F020F99B
:100B400010B14FF0FF3070BD204670BD177200002D
:100B5000004870470C26002000487047EC25002014
:100B600030B5B0F10A024FEA900E71F100034EEA7F
:100B7000817EB0EB0E0061EB91014FEA101E4EEA50
:100B8000017E10EB0E0041EB11114FEA102E4EEAE0
:100B9000016E10EB0E0041EB11214FEA104E4EEAB0
:100BA000014E10EB0E0041EB1141401841F10001E4
:100BB0004FEAD00040EA41704FEAD10110EB8005C6
:100BC0004FEA810444EA907444EB01046D1944EB4C
:100BD0000404521BA3414FF0000348BF0A3200D562
:100BE00030BD401C41F1000130BD000001694A1CCC
:100BF00002610878704700B58FB0CDE9013100215E
:100C0000059105497944CDE9031011466846FFF77F
:100C10009BFB0FB000BD0000E5FFFFFF2DE9F04199
:100C20001F46044603260168072A01F4006004DB1E
:100C300008B116A505E016A503E008B115A500E06A
:100C400015A521F010002060A069C01EA0610FB1A1
:100C5000401EA0612046AFF300804FB1D4E90121CE
:100C600038469047206A401C2062C01C206206E083
:100C7000206AFAE7D4E9012115F8010B9047761EA6
:100C8000F8D22046AFF30080BDE8F0814E414E001F
:100C90006E616E00494E4600696E66002DE9F047B0
:100CA000814616468AB0354878440DC88DE80D0057
:100CB00032487844801C03AC0DC884E80D0041F62E
:100CC0009B300844372190FBF1F290FBF1F5A5F140
:100CD000800501FB12041B3C02D56442012000E0A8
:100CE0000020DFF898A080460027FA44AAF1BE0A47
:100CF0000EE0E0070AD03246684607EB47010123C1
:100D00000AEB810100F043FB8DE8070064107F1CB3
:100D1000002CEED1194F7F44AE3F19E0E80715D003
:100D200007EB04100DF1180A90E80E008AE80E0097
:100D3000C068F04201D1981908903246012306A9F3
:100D400003A800F024FB03AB83E807006D10641CCC
:100D5000002DE3D14FF0010332466946B8F1000F90
:100D600003A802D000F0FEFA01E000F010FBC9E990
:100D70000001C9F808200AB0BDE8F087A8BF00004C
:100D8000007B00F08000704700487047EC25002091
:100D90007546FFF7F9FFAE4605006946534620F059
:100DA0000700854618B020B5FFF74EFABDE8204091
:100DB0004FF000064FF000074FF000084FF0000B17
:100DC00021F00701AC46ACE8C009ACE8C009ACE8CA
:100DD000C009ACE8C0098D46704710B50446AFF3B2
:100DE00000802046BDE81040FFF719BA4FF0013CE3
:100DF00050F8042B51F8043B9A4221D1A2EB0C038A
:100E0000934313EACC1317D150F8042B51F8043B49
:100E10009A4215D1A2EB0C03934313EACC130BD1E6
:100E200050F8042B51F8043B9A4209D1A2EB0C0371
:100E3000934313EACC13DBD04FF00000704700BFA0
:100E4000D01A01BAB1FA81F101F0180122FA01F0C9
:100E5000CB40C1F12001DBB2C0B2C01A2CFA01F3C1
:100E6000D11A914311EAC311E6D170475FEA400CF1
:100E700008BF91F0000F4FEA8C234FEAC12243EAEA
:100E800051514FEA1C5018BF00F5F0404FEA3000B6
:100E900018BF41F000415FEA6C5C00F02980BCF1B2
:100EA000FF3F08BF40F080407047130C06BF12049C
:100EB0004FF0100C4FF0000C130E04BF12020CF197
:100EC000080C130F04BF12010CF1040C930F04BFA4
:100ED00092000CF1020CD30F04BF52000CF1010C74
:100EE00011464FF00002A0F11F00A0EB0C0070476C
:100EF00011F0004F08BF704731F000413FF4D5AF0B
:100F00000B0C06BF09044FF0100C4FF0000C0B0E39
:100F100004BF09020CF1080C0B0F04BF09010CF10E
:100F2000040C8B0F04BF89000CF1020CCB0F04BF23
:100F300049000CF1010CCCF12003A0EB0C0022FACB
:100F400003F302FA0CF241EA030100F101007047D9
:100F500020F07F4C80EA030023F07F47ACEB0703CF
:100F600003F57C5300F0004003F1FF032DE98049B5
:100F70004FEA154B09B44FEA144325EA0B4E24EA15
:100F800003480FF2042606EB132749083E785FEA70
:100F9000320203FB0667C7F5000707FB06F64FEAB8
:100FA00054374FEAD64606F1020607FB066CCCF131
:100FB000005C4FEA1C472CEA074C07FB06F40CFBCD
:100FC00006F504EB15464FEA961634BF00204FF0A5
:100FD00000404FEAD13706FB07FC4FEA1C4C0CFBE4
:100FE0000BF7D21B03FB0CF761EB07010CFB0EF7B1
:100FF000B0EB074072EB17420CFB08F734BFA2EBD3
:101000000742B2EB074261EB17414FEA0C444FEA4B
:10101000910706FB07FC4FEA1C4C0CFB0BF7B0EBEF
:10102000C74072EB573203FB0CF734BFA2EBC74249
:10103000B2EBC74261EB57310CFB0EF7B0EBC700C8
:1010400072EB57720CFB08F734BFA2EBC702B2EB8E
:10105000C70261EB5771039F4FEA816141EA921128
:1010600004EBCC044FEAD1374FEA826206FB07FC5F
:1010700042EA90124FEA80604FEA1C4C0CFB0BF7DF
:10108000D21B03FB0CF761EB07010CFB0EF7B0EB77
:10109000074072EB17420CFB08F734BFA2EB074284
:1010A000B2EB074261EB17414FEA8C554FEA9107CB
:1010B00004EB9C2406FB07FC4FEA1C4C0CFB0BF7D3
:1010C000B0EBC74072EB573203FB0CF734BFA2EB17
:1010D000C742B2EBC74261EB57310CFB0EF7B0EBE6
:1010E000C70072EB57720CFB08F734BFA2EBC702C4
:1010F000B2EBC70261EB577115EB4C254FEA8161EA
:1011000041EA92114FEA82624FEAD13742EA9012E5
:1011100006FB07FC44F100044FEA80604FEA1C4CD8
:101120000CFB0BF7D21B03FB0CF761EB07010CFB6D
:101130000EF7B0EB074072EB17420CFB08F734BF19
:10114000A2EB0742B2EB074261EB174115EB1C150E
:101150004FEA813141EA92414FEA823242EA9042BB
:101160004FEA80304FEA0C7644F1000448EA03432A
:101170004EEA0B484FF0000EB2EB080C71EB030780
:1011800024BF624639464EEB0E0E4FF0000B00189E
:10119000524149414BEB0B0BB2EB080C71EB0307CF
:1011A0007BF1000B24BF624639464EEB0E0E4FF02A
:1011B000000B0018524149414BEB0B0BB2EB080CF2
:1011C00071EB03077BF1000B24BF624639464EEBFF
:1011D0000E0E51EA020718BF46F0010616EB0E7616
:1011E00055F1000254F1000103D5BDE88901BDE8C5
:1011F0000088BDE88901BDE80048B619524141EBBD
:101200000101A3F10103704780807F7E7D7C7B7AA2
:101210007978777676757473727171706F6E6E6DA2
:101220006C6C6B6A6A696868676666656464636348
:1012300062616160605F5F5E5E5D5D5C5C5B5B5ACE
:101240005A5959585857575656555555545453533B
:1012500052525251515050504F4F4F4E4E4D4D4D96
:101260004C4C4C4B4B4B4A4A4A49494948484847E1
:10127000474747464646454545444444444343431F
:101280004342424242414141002B9C4630D47700C8
:101290002BD01CB54FEA370703B44FF010004FF0C6
:1012A0001001BAF1000F06D0BCF1000FDCBF40F016
:1012B000080040F008014FF000000FBCBDE81040EE
:1012C0000BF1010BBBF1010F08BF5FEA170722BF4B
:1012D00012F1010211F101014FF0004143F100034D
:1012E00000F0004043EA00007047F9D35708D0E708
:1012F00046EA064613F1400F4FEA16461FDD13F18A
:10130000200FDFBF16430A46002120335B42BED0C8
:10131000C3F1200746EA064602FA07F74FEA1646E7
:1013200046EA0706C3F1200722FA03F201FA07F79B
:1013300021FA03F14FF0000342EA0702A7E746EA69
:10134000020646EA06464FEA164646EA0106BCBFD2
:1013500046EA0646360C4FF000034FF000024FF00D
:10136000000194E72DE9804C9A46934670B491E8C9
:10137000380007C831EA400C48BF34EA430C03D5B3
:10138000FFF7E6FDFFF780FFF0BCBDE8008C2DE91C
:10139000804C9A46934670B491E8380007C810F024
:1013A000804F08BF13F0804F03D100F005F8FFF71E
:1013B0006BFFF0BCBDE8008C20F07F4780EA0300A3
:1013C00023F07F4C07EB0C03A3F57C5300F00040A7
:1013D000A3F1FE0392F0000F00F0B38095F0000F30
:1013E00000F077802DE901494FEA11404FEA144699
:1013F00021EA004800FB06FC24EA064708FB06F643
:1014000007FB08F800FB07F718EB06484CEB164CF7
:101410004FEA124B18EB07484FEA15464CEB1740C2
:1014200022EA0B4E0BFB06FC25EA06470EFB06F6EE
:1014300007FB0EFE0BFB07F71EEB064E4CEB164CA4
:101440004FF000061EEB074E4CEB174B18EB0B084A
:1014500040F1000018EB0E0B58EB000840F10000C3
:101460008F1A4FF000013CBFC943661B14BFB5EB98
:10147000040C00213CBFC943F61B4FEA17444EEA57
:101480008E0E27EA04454FEA1C4704FB07622CEA4C
:10149000074C05FB07F70CFB05F604FB0CFC16EBF1
:1014A000074642EB174216EB0C4642EB1C421BEB85
:1014B000060658EB0202414146EA9E0601D5BDE808
:1014C0000189B619524141EB0101A3F10103BDE8C5
:1014D00001894FEA14454FEA114724EA054621EAFB
:1014E000074C05FB07F406FB07F70CFB06F105FBB1
:1014F0000CFC11EB074144EB17444FEA124711EB88
:101500000C4144EB1C4422EA074C05FB07F206FBA6
:1015100007F70CFB06F605FB0CFC16EB074642EB47
:10152000174216EB0C4642EB1C456A1854F10001B9
:1015300048BF7047B619524141EB0101A3F10103C5
:10154000704795F0000F37D04FEA11424FEA144729
:1015500021EA024624EA074C02FB07F106FB07F7E3
:101560000CFB06F402FB0CFC14EB074441EB1741A7
:101570004FEA154714EB0C4441EB1C4125EA074C9C
:1015800002FB07F506FB07F70CFB06F602FB0CFC5B
:1015900016EB074645EB174516EB0C4645EB1C4290
:1015A000121951F1000148BF7047B619524141EB81
:1015B0000101A3F1010370474FEA14454FEA1147B7
:1015C00024EA054621EA074C05FB07F106FB07F76D
:1015D0000CFB06F24FF0000605FB0CFC12EB074279
:1015E00041EB174112EB0C4251EB1C4148BF7047D5
:1015F000921841EB0101A3F10103704770B5044655
:1016000000688168C943C90717D1816821F00101C9
:10161000816001F003FD05460AE000BF01F0FEFC19
:10162000401B022804D920688068C043C00706D048
:1016300020688068C043C007F0D0002070BDA06A59
:1016400040F01000A062E06A40F00100E06201207A
:1016500070BD0000F8B50026044600960068816859
:10166000C943C9072DD0816841F001018160164846
:1016700016490068B0FBF1F000E0401E0090002821
:10168000FBD101F0CBFC054616E000BF01F0C6FC23
:10169000401B022810D920688068C043C0070BD0C7
:1016A000A06A40F01000A062E06A40F00100E06231
:1016B00084F824600120F8BD20688068C043C0071A
:1016C000E4D10020F8BD00007000002040420F006F
:1016D0002DE9F04F2B4899B0006809F007FA8246CF
:1016E00029488B46006809F001FA80462748894658
:1016F000006809F0FBF9064625480F46006809F026
:10170000F5F9044623480D46006809F0EFF9CDE9E4
:101710000E012148006809F0E9F9CDE90C011F48E4
:10172000006809F0E3F9CDE90A011D48006809F0F5
:10173000DDF9CDE908011B48006809F0D7F9CDE9CA
:1017400006011948006809F0D1F9CDE904011748EC
:10175000006809F0CBF9CDE902011548006809F0ED
:10176000C5F9CDE900011348006809F0BFF90B463F
:1017700010A9024681E8F00F0F48FEF79DFD19B051
:10178000BDE8F08FE8010020E4010020E001002026
:10179000DC010020D8010020200200201C020020D3
:1017A000100200200C020020FC010020F4010020A7
:1017B000300200202C02002018CD0008F0B522498C
:1017C0000022CC7A8B7A27465B1C641C4D7ADBB2F4
:1017D000E6B22B2812D085B30C7A01F1280C641CD8
:1017E000E4B20CEB850C0C725CF804CC1CF804C061
:1017F00084450CD18B72222B06D01CE06D1C4D72DF
:101800000A728B72CE7216E08A72CA7211E00E4BA7
:10181000203303EB850353F8043C1B5D834203D064
:10182000012D0BD10D2F09D3CE722C2E03D1CA72EC
:101830008A724A720A720120F0BD03E08A72CA728B
:101840004A720A720020F7E72C01002002494FF487
:10185000004008607047000014080140FEE70000E7
:101860002DE9F0410D4C0A4607460B4E1046216803
:1018700009F03AFB216B09F065F90146084809F0C7
:1018800033FB05463146384609F02EFB294609F060
:1018900059F92063BDE8F0810AD7A33C4802002033
:1018A00048E17A3F2DE9F0410D4C0A4607460B4EC0
:1018B0001046216809F018FB216E09F043F9014632
:1018C000084809F011FB05463146384609F00CFB83
:1018D000294609F037F92066BDE8F0810AD7A33C14
:1018E0004802002048E17A3F014800F0BFBE0000F6
:1018F0009405002030B590F840500124AC40C56BF1
:101900006C60046863604368102B036803D09960BF
:101910000068C26030BD9A600068C16030BD0000E0
:10192000F8B5374F002601200096387002466B4606
:101930007521682006F06EFC32A0FEF7BDFC9DF814
:10194000000068280CD0BFF34F8F37480168374A32
:1019500001F4E06111430160BFF34F8F00BFFDE769
:1019600006F0F0FD002848D1782007F0A9FA10B958
:1019700024A0FEF7A1FC782006F016FD10B92CA0DB
:10198000FEF79AFCC82007F05BFA10B932A0FEF708
:1019900093FC05F087FE10B939A0FEF78DFC454891
:1019A000044606F099FC0546E01C06F095FC45EA65
:1019B000C005A01D06F090FC45EA801080B206F03C
:1019C00021F810B93CA0FEF777FC40F2731005F047
:1019D00041FD10B942A0FEF76FFCC82005F07AFF68
:1019E00010B949A0FEF768FC08F0EEF9012007F0F5
:1019F0004DF910B94DA0FEF75FFC3E70F8BD000038
:101A0000050000206D70755F7365745F73656E739C
:101A10006F7220636F6D706C657465202E2E2E2E94
:101A20002E2E0D0A000000000CED00E00400FA0567
:101A30006D70755F636F6E6669677572655F666905
:101A4000666F20636F6D706C657465202E2E2E2E70
:101A50002E2E0D0A000000006D70755F7365745FB7
:101A600073616D706C655F7261746520636F6D701A
:101A70006C657465202E2E2E2E2E2E0D0A00000071
:101A8000646D705F6C6F61645F6D6F74696F6E5FC2
:101A90006472697665725F6669726D7761726520DE
:101AA000636F6D706C657465202E2E2E2E2E2E0D9C
:101AB0000A000000E0000020646D705F7365745FD1
:101AC0006F7269656E746174696F6E20636F6D709B
:101AD0006C657465202E2E2E2E2E2E0D0A00000011
:101AE000646D705F656E61626C655F66656174757B
:101AF000726520636F6D706C657465202E2E2E2EBE
:101B00002E2E0D0A00000000646D705F7365745F17
:101B10006669666F5F7261746520636F6D706C6576
:101B20007465202E2E2E2E2E2E0D0A006D70755FE0
:101B30007365745F646D705F737461746520636F47
:101B40006D706C657465202E2E2E2E2E2E0D0A00C3
:101B500070B512480121006800F06AF810480221AF
:101B6000006800F065F80F480321006800F060F895
:101B70000421002000F05CF8042000F019F80A4A63
:101B800000210A4B141D06E015686D06FCD55D5C4E
:101B90002560491CC9B28142F6D370BD2C020020D9
:101BA000E8010020F401002000380140E80900208D
:101BB0000A2839D890B31D4924220B280A7033D241
:101BC000DFE800F032060A0E12161A1E22272D0038
:101BD0000520487106207047092048720A20704786
:101BE0000D2048730E207047112048741220704752
:101BF0001520487516207047192048761A2070471E
:101C00001D2048771E207047212081F821002220C6
:101C10007047252081F825002620704704E0292000
:101C200081F829002A20F8E70020F6E7E8090020DB
:101C300003B50A2912D8002910D00B290ED2DFE8EB
:101C400001F00D06080E10121416181A1C000122BD
:101C500000E005220A49684600F01BF80CBD092285
:101C6000F8E70D22F6E71122F4E71522F2E7192230
:101C7000F0E71D22EEE72122ECE72522EAE700004B
:101C8000E809002070474FF4007001F0B9B872B64F
:101C9000FEE703788B54114443784B7082788A7046
:101CA000C078C870704700000EB50B2801D00F280F
:101CB00000D100900120019007200290694607485A
:101CC00000F0DCF9054800F0B5FB0A21034800F0FC
:101CD00013FB024800F050FA80B20EBD1C03002036
:101CE0002DE9F04100250E4607462C4608E038460F
:101CF000FFF7DAFF0544012005F074FB641CE4B231
:101D0000B442F4D3B5FBF6F080B2BDE8F081000038
:101D10002DE9FE4FDFF80892DFF80882DFF808A20D
:101D2000DFF808B2824D01287ED04421D02002F095
:101D3000ECFC04464321D02002F0E7FC04EB002039
:101D40007C4C4621E081D02002F0DFFC0646452194
:101D5000D02002F0DAFC06EB002060824821D0207F
:101D600002F0D3FC06464721D02002F0CEFC06EB61
:101D7000002020823C21D02002F0C7FC06463B21F7
:101D8000D02002F0C2FC06EB002020813E21D020B2
:101D900002F0BBFC06463D21D02002F0B6FC06EB6B
:101DA0000020A0804021D02002F0AFFC06463F2159
:101DB000D02002F0AAFC06EB002007B2E780B4F9BD
:101DC0000E60704209F030F8C8F80000B4F908005D
:101DD00008F015FBDFF86081584B424608F088F99F
:101DE00008F098F80290B4F9040008F008FB4246A5
:101DF000524B08F07DF908F08DF80190384608F054
:101E0000FEFA42464D4B08F073F908F083F8009053
:101E1000304608F0F4FADFF828814FF066373A468A
:101E2000434608F065F900E016E008F073F806464E
:101E3000B4F9120008F0E3FA3A46434608F058F9BC
:101E400008F068F807463F48DFF8FC800078022871
:101E500018D003283ED052E004F09AF83B4C296891
:101E6000C9F80010B4F9000008F0DEFFC8F800005F
:101E7000B4F9040008F0D8FFCAF800003448B0F9FB
:101E8000040047E0DDE9001086F0004202F060FE49
:101E900008F02CFE304E2F4A334608F029F9002274
:101EA0002E4B08F013FB08F035F828603A460099ED
:101EB000029802F079FF08F019FE264A334608F02E
:101EC00017F90022254B08F001FB08F023F8C8F8A9
:101ED000000014E0B4F90A0008F0A6FF3146FFF74D
:101EE000BFFC80F000402860B4F90C0008F09CFFB3
:101EF0003946FFF7D7FC80F00041C8F80010296888
:101F0000C9F80010B4F9100008F08EFFCAF80000FC
:101F1000B4F9060008F088FFCBF80000BDE8FE8F9A
:101F2000480000204C0000205000002058000020F5
:101F3000CC0000208C0100208FC2F5285C1F9A4045
:101F4000665E8D4000000020C8000020D400002004
:101F5000DA000020F1D4C853FB210940008066401C
:101F600010B50B20FFF7A0FE08F060FA4FF06632C4
:101F7000094B08F0ABFA0022084B08F0A7FA002240
:101F8000074B08F0A3FA6FF00B0209F02CF9BDE83B
:101F9000104008F005BA000066660A4000002640BE
:101FA00000005940F8B500250446009590F824003B
:101FB00001280BD0012084F824002046FFF71EFBE7
:101FC0002046FFF747FB060002D050E00220F8BD94
:101FD000A06A20F4885040F00200A062022001F0C4
:101FE000BFF825490968B1FBF0F0400000E0401E51
:101FF00000900028FBD12068816841F008018160D1
:1020000001F00CF8074608E001F008F8C01B0A28A8
:1020100003D920688068000715D42068806800070D
:10202000F2D42068816841F00401816000F0F6FF7D
:10203000074612E000F0F2FFC01B0A280DD9206805
:102040008068400709D5A06A20F0020040F0100027
:10205000A06284F824500120F8BD20688068400701
:10206000E8D4A06A20F0020040F00100A06284F8E9
:1020700024503046F8BD000070000020F8B5002460
:10208000009490F824202546012A12D0012280F8DD
:1020900024204A681F23072A0DD20668776B521E38
:1020A00002EB820293409F430B6893401F43776388
:1020B00019E00220F8BD06680D2A0AD2376BD21F3C
:1020C00002EB820293409F430B6893401F433763A8
:1020D00009E0F76A0D3A02EB820293409F430B68D6
:1020E00093401F43F7620A68072306680A2A0AD347
:1020F000F7680A3A02EB420293409F438B68934091
:102100001F43F76008E0376902EB420293409F43A8
:102110008B6893401F4337610A68102A01D0112A47
:1021200020D1124B02689A4217D193681B0219D42E
:10213000936843F4000393600968102912D10C4995
:102140000C4A0968B1FBF2F101EB8101490000E0A2
:10215000491E00910029FBD104E0816A41F0200171
:102160008162012480F824502046F8BD00240140FB
:102170007000002040420F000068C06C70470000F3
:102180002DE9F04104004FF000057FD0A06A002641
:1021900028B9E66284F82460204600F081F82046E1
:1021A000FFF72CFAA16AC90600D420B1A06A40F05A
:1021B0001000A0626AE0A16A21F4885141F0020196
:1021C000A162334923688B42E16904D1B1F5402F04
:1021D00001D14FF40021277B4FF4807C41EA470274
:1021E00061680A43A168614508D0012906D0002131
:1021F00094F814E0BEF1010F02D00AE06146F7E75F
:10220000C7B1A76A47F02007A762E76A47F001074E
:10221000E7625F6827F469470F435F602368996846
:102220001C4F394011439960A16861450BD00129C9
:1022300009D00CE0DFF860E0A7690EEB47370F43E9
:1022400047F40061E5E7218A0D05A5F580152168B1
:10225000CB6A23F470032B43CB62216889680F4B50
:102260001940914208D1E662A16A21F0020141F0D1
:102270000101A162BDE8F081A06A20F0020040F0F7
:102280001000A062E06A40F00100E0620120F1E786
:10229000003C0140FDF7E1FF00E0FFFFFE0E1FFFE5
:1022A00000B585B000210091019102910391006871
:1022B0000E49884218D10E48816941F480618161DC
:1022C000816901F480610491816941F010018161AB
:1022D0008069694600F010000490222000900320DD
:1022E0000190044800F098FD05B000BD00280140B1
:1022F00000100240001001402DE9F84300270D4670
:102300000446009700F08AFE804620688168C9056F
:1023100008D5A06A40F02000A06284F82470012053
:10232000BDE8F8834168C90503D4C06A10F4700F92
:102330002AD0022000F014FF3B490968B1FBF0F6F7
:102340002068036939490B424FEA61014FEAA11243
:102350001FD1C3684FEA611C13EA0C0F19D103693E
:102360000B4225D1C068104222D1142023E0681C02
:102370000AD02DB100F052FEA0EB0800A84203D90C
:1023800020680068800725D5206800688007EED5A2
:102390002DE003690B4202D1C168114206D00269E7
:1023A00023490A4206D1C068084203D1542002E002
:1023B000292000E0FC204643009816E0681C11D05C
:1023C0002DB100F02BFEA0EB0800A8420AD900981E
:1023D000B04207D2A06A40F00400A06284F82470E2
:1023E00003209DE70098401C0090B042E6D321688E
:1023F0006FF012000860A06A40F40070A0622068CC
:102400008068C0F3424007280CD1207B50B9A06AF5
:1024100020F48070A062A06AC00403D4A06A40F0D7
:102420000100A06200207BE7700000202449922474
:102430004992240070B5044690F8240001280DD07C
:10244000012084F824002046FFF704F902004FF031
:10245000000005D084F82400104670BD022070BD35
:10246000A16A40F20123994341F48071A1621F4D9A
:1024700023681F49AB4218D10E6816F4702F14D090
:10248000A66A46F48016A6620E68760505D5A66A89
:1024900026F4005646F48056A662A66AF6040AD5CB
:1024A000E66A26F00606E66206E0A66A26F48016CC
:1024B000A6625E68E9E7E06284F824006FF002003B
:1024C000186020688368C3F34243072B05D1A842F4
:1024D00008D1096811F4702F04D0816841F480118B
:1024E0008160B9E7816841F4A001F9E70028014063
:1024F0000424014010B590F821100022022905D0D3
:102500000421816380F82020012010BD01680B6840
:1025100023F00E030B6001680B6823F001030B60CE
:1025200090F84030C46B012101FA03F3636080F836
:10253000211080F82020104610BD00002DE9F05F2A
:1025400090F821100024022903D004218163012482
:1025500085E001680A6822F00E020A6001680A68D4
:1025600022F001020A603F4E3E4FB215DFF8F4C080
:10257000DFF8F090DFF8ECA0DFF8E8B0DFF8E4E097
:102580000168783F13011502ACF1640CA9F1500900
:10259000AAF13C0AABF1280BAEF1140E4FF48018EF
:1025A000B14227D9B9420ED0614512D049451DD05C
:1025B000514518D0594518D0714501D1424615E012
:1025C000294EB14201D1012210E0274E1436B1420A
:1025D00001D110220AE0244E2836B14206D0224A08
:1025E0003C32914201D11A4600E02A461E49091F99
:1025F0000A602BE0B94213D0614517D0494522D07B
:1026000051451DD059451DD0714501D142461AE0B2
:10261000B14202D14FF0807215E0134EB14201D1A8
:10262000012210E0104E1436B14201D110220AE00E
:102630000D4E2836B14206D00B4A3C32914201D1B0
:102640001A4600E02A46074980394A60012180F88D
:102650002110002180F82010416B01B188472046ED
:10266000BDE8F09F80000240080402402DE9F05FC1
:10267000C16B0A6801680B68046C4FF0040808FA23
:1026800004F8844D844E854FDFF814C2DFF81492AD
:10269000DFF814A2DFF814B2DFF814E218EA020F30
:1026A00065D05FEA437862D50A68920603D40A6867
:1026B00022F004020A60DFF8F0814FF480620168C2
:1026C00008F1140813011402414524D9A9420DD080
:1026D000B1420FD0B9421AD0614515D0494515D045
:1026E000514501D1120312E0594501D104220EE0F7
:1026F000714501D140220AE06D4D1435A94206D042
:102700006B4A2832914201D11A4600E022466749BD
:10271000091F0A6029E0A94213D0B14215D0B9427D
:1027200020D061451BD049451BD0514502D14FF403
:10273000800217E0414502D14FF0806212E0594516
:1027400001D104220EE0714501D140220AE0584D2A
:102750001435A94206D0564A2832914201D11A4670
:1027600000E022464B4908394A60C16A71E04FF0E7
:10277000020808FA04F818EA020F70D05FEA8378BA
:102780006DD50A68920606D40A6822F00A020A6029
:10279000012180F82110DFF810814FF400720168E8
:1027A00008F1140813011402414524D9A9420DD09F
:1027B000B1420FD0B9421AD0614515D0494515D064
:1027C000514501D1120312E0594501D102220EE018
:1027D000714501D120220AE0354D1435A94206D0B9
:1027E000334A2832914201D11A4600E022462F494D
:1027F000091F0A6029E0A94213D0B14215D0B9429D
:1028000020D061451BD049451BD0514502D14FF422
:10281000001217E0414502D14FF0007212E0594515
:1028200001D102220EE0714501D120220AE0204DA3
:102830001435A94206D01E4A2832914201D11A46C7
:1028400000E02246134908394A60002180F8201030
:10285000816A00291CD0BDE8F05F0847FFE7082522
:10286000A540154214D01A0712D50A6822F00E02AC
:102870000A6090F84020C36B012101FA02F25A600D
:10288000816380F82110002180F82010016BE0E7BF
:10289000BDE8F09F080002401C00024030000240EA
:1028A00044000240580002406C000240080402400C
:1028B0001C04024030B560B11A4B026814219A42E0
:1028C00009D2194B1344B3FBF1F189000164174994
:1028D0000AE0012030BD134B5B421344B3FBF1F11E
:1028E000890001640F490839C163022180F8211071
:1028F000136843F6F0718B43F0E901142143D0E9EA
:1029000002452C43214304692143446921438469DE
:10291000214319431160002141630122427701776D
:10292000084630BD08040240F8FFFDBF0000024029
:1029300070B5044690F82000002501280CD0012035
:1029400084F8200094F821600020012E06D084F83D
:1029500020000225284670BD022070BD022684F8A2
:102960002160A0632068066826F001060660204604
:10297000FEF7C0FFE06A00282068016802D041F03D
:102980000E0106E021F0040101602068016841F0B9
:102990000A0101602068016841F001010160D9E786
:1029A0002DE9FC5FB0F5007F44D1042003F0C8FBA3
:1029B000E84E3060082003F0C3FBE74F40421E2181
:1029C00038600F20FFF78CF9E449E54C0880A078C7
:1029D000E8B10020A070E3480078FFF799F920786B
:1029E000401C207002F0E2FEDF480168B1F57A7FFA
:1029F00002DA0168491C0160A0780025012808D08E
:102A0000DA490868642817DBD948056016E0012018
:102A1000E0E7FFF7A5FA2063616B491C6163A26BD5
:102A200064291044A06305D190FBF1F1D148016005
:102A3000A5636563BDE8FC9F401C0860306808F032
:102A4000F3F9CD4908F0F2F808F050F8CB4ACC4B36
:102A500007F03CFD012208F0C6FB4FF08042C94B55
:102A600007F046FB07F056FA0646A06708F03EF866
:102A70000022C54B07F02AFD4FF0FF3208F0B3FBF0
:102A800007F048FAC149DFF80893834608604946D1
:102A9000304608F029FAB24E8036316808F052F814
:102AA00082463060386808F0BFF9B34908F0BEF8D4
:102AB00008F01CF8B14AB24B07F008FD012208F0FB
:102AC00092FB4FF08042AF4B07F012FB07F022FA67
:102AD0008046E06708F00AF80022AB4B07F0F6FCEE
:102AE0004FF0FF3208F07FFB07F014FAA9490746C0
:102AF00008604946404608F0F7F9716808F022F886
:102B0000814670603946584608F01CF807F0EEFF21
:102B1000A14A9C4B07F0DAFC4FF0FF3208F063FB50
:102B2000DFF878B207468846DBF8000007F0DEFFE2
:102B30003A46434607F020FA07F0ECF9CBF80000DC
:102B4000984897490068019008F070F807F0CEFFA8
:102B50008A4A8B4B07F0BAFC07F0DCF930629348E5
:102B60009149006808F062F807F0C0FF904A914B65
:102B700007F0ACFC07468846706A07F0B7FF3A4694
:102B8000434607F0F9F907F0C5F9804670628A48B4
:102B90000068012768B1894E306850B95046E16C31
:102BA00008F078FA60624846216D08F073FAA06276
:102BB0003760207802287DD1DFF8A4B125700BF1B1
:102BC000800B5E465046DBF8081008F063FA616936
:102BD000009108F02BF8C6F808A030614846F1686B
:102BE00008F058FA009908F021F8C6F80C907061C6
:102BF0004FF0FF31404608F024FB706257480088D0
:102C000008F02AF9A16908F03BFA6D4908F06CF95F
:102C1000019907F097FF624908F008F807F066FF8E
:102C2000564A574B07F052FC07F074F9A066064667
:102C3000E16E08F02FFA009907F0F8FF8246606F06
:102C400007F054FF4FF033325E4B07F03FFC8046F5
:102C50008946504607F04AFF5B4A5C4B07F036FC5A
:102C600042464B4607F088F907F054F92067E666BC
:102C7000606702F0C3FD5648007828B155480068E7
:102C800020665548006860665449DBF820005E46BF
:102C9000884221DC524988421ED26169206E8946F1
:102CA00008F022F9316907F04DFF8046B0614946CE
:102CB000606E00E014E008F017F9716907F042FF58
:102CC000F0614146A06F01F0CBFEB062F169E06FA8
:102CD00001F0F8FEF06202E06770B562F5627562BD
:102CE0004048007838B3002002F08EF93E4C1C4B6F
:102CF0006642803322463146986A03F041F9986271
:102D000022463146D86A03F03BF90146D86237487B
:102D10009A6A026036480160104603F02BFA354883
:102D2000D0F83401134AC1B23348017012680A2A3C
:102D300003DA077004E06420D6E700293FF47AAE96
:102D40002E480560001D0560001D0560001D056022
:102D500070E6000034000020380000200A00002047
:102D60008C01002000000020200000201400002022
:102D7000100000204400002000606A47F1D4C853CE
:102D8000FB210940E17A743F00C050403C02002022
:102D90000AD7A33B400200207B14AE474402002028
:102DA0000000344348000020333383414C000020AE
:102DB00012E7FAA146DF913F1C0000205C000020D2
:102DC000EA04B43D3333E33F9A9999999999D93FED
:102DD000060000203C01002040010020F90F493F7F
:102DE000F90F49BF080000200CE5FFFF3C00002060
:102DF0004000002000002242040000203404004073
:102E0000044910B50A68024202D00860FFF7C8FD05
:102E100010BD0000140401402DE9F84FDFF8C891FF
:102E20000024A9F1040B23460F2709F1040AABF192
:102E3000040ED1E00125A54006EA0502AA4276D19A
:102E4000DFF8A8C14E68A6EB0C0866452BD00DDC58
:102E5000032E34D005DC36B3012E19D0022E2FD12B
:102E60001BE0112E16D0122E2AD119E0B8F5881FBA
:102E700019D006DCB8F5803F15D0B8F5801F1FD1FA
:102E800011E0B8F5001F0ED0B8F5041F18D10AE004
:102E9000CB6815E0CB681B1D12E0CB6808330FE050
:102EA000CB680C330CE08B682BB1012B4FF008037F
:102EB00003D0456104E0042302E0056100E0002343
:102EC000FF2A01D8064601E000F104064FEA840516
:102ED00001D9A5F12005D6F8008007FA05FC28EAFB
:102EE0000C0803FA05F548EA0508C6F800804D68A5
:102EF000ED0070D53E4DAE6946F00106AE61AD699C
:102F000024F0030605F0010500953A4D06EB050C8B
:102F1000DCF80850A607360F07FA06F825EA080578
:102F2000DFF8D480404503D14FF0000825E052E09F
:102F3000DFF8C880404502D14FF001081DE0DFF8FE
:102F4000C080404502D14FF0020816E0DFF8B4809F
:102F5000404502D14FF003080FE0DFF8AC80404558
:102F600002D14FF0040808E0DFF8A080404502D10C
:102F70004FF0050801E04FF0060808FA06F848EAA5
:102F80000508CCF808804D68D9F80060ED024D4680
:102F900001D5164300E096432E604D68DAF80060D4
:102FA000AD02554601D5164300E096432E604D68AC
:102FB000DBF80060AD035D4601D5164300E09643A3
:102FC0002E604D68DEF80060ED03754601D51643AE
:102FD00000E096432E60641C0A681646E2407FF4C7
:102FE00029AFBDE8F88F000008040140000011106F
:102FF000001002400000014000080140000C0140A8
:10300000001001400014014000180140001C014064
:103010000AB1016170470904FBE7000001488068BC
:103020007047000064000020024881680278114463
:103030008160704764000020074810B5016841F0C6
:1030400010010160032000F079F8032000F006F879
:1030500000F024F8002010BD0020024070B50D4D96
:1030600004464FF47A712878B1FBF0F00A490968F8
:10307000B1FBF0F000F0B2FB48B9102C07D20022EF
:103080002146501E00F03AF800206C6070BD01200F
:1030900070BD000064000020700000200E4808B5DC
:1030A000816941F001018161816901F001010091B3
:1030B000C16941F08051C161C06900F08050009049
:1030C000052000F03BF80548416821F0E06141F03F
:1030D0000071416008BD0000001002400000014086
:1030E000002809DB00F01F02012191404009800007
:1030F00000F1E020C0F8001170470000F0B40E4B62
:103100001B680C46C3F30223C3F10705042D00D945
:103110000425191D072901D2002300E0DB1E01262A
:1031200006FA05F1491E214099409E40761E164040
:103130003143F0BC03F054BC0CED00E0064900F054
:10314000070208684FF6FF03184040EA0220034ACE
:1031500010430860704700000CED00E00000FA0525
:1031600010B501460020284C04292FD00BDC012982
:1031700030D0022929D100F06BF96168C1F38131A7
:10318000491C49001FE0082920D010291DD1616881
:103190002268D20119D51D48C1F38342C903805C5E
:1031A0000AD56168194AC1F34041921E515C184A20
:1031B000B2FBF1F1484301E0164948436168490216
:1031C00003D440000321B0FBF1F010BDBDE8104076
:1031D00000F04EB9226AC2F30121012903D19207FE
:1031E00001D5C80310BD022905D1626A920702D534
:1031F00049F6404010BD0329FCD121688903F9D567
:103200004FF2244010BD000000100240D2B200086E
:1032100000127A0000093D002DE9F84305460078C8
:10322000354CC00754D0E0690026C00008D4E069DE
:1032300040F08050E061E069012600F0805000908D
:103240002E480168C90512D40168804641F4807196
:103250000160FFF7E3FE074605E000BFFFF7DEFE73
:10326000C01B642823D8D8F80000C005F6D5206A12
:1032700010F4407021D0A98801F4407181421CD023
:10328000206A1F49012220F440700A6000220A606F
:103290002062C00711D0FFF7C1FE074641F288380F
:1032A00008E000BFFFF7BAFEC11B414502D9032069
:1032B000BDE8F883206A8007F4D5206A696820F4A5
:1032C0004070084320621EB1E06920F08050E06148
:1032D0002878800705D56068A96820F44040084335
:1032E00060602878C00605D56068696920F48000B0
:1032F000084360600020DBE70010024000700040DF
:10330000400442422DE9F0470F46050061D0434E8C
:10331000306800F00700B84209D2306820F007009A
:1033200038433060306800F00700B84251D1286857
:103330003B4C810712D5400703D5606840F4E0603C
:1033400060602878000703D5606840F460506060D2
:103350006068A96820F0F000084360602878C00722
:1033600028D06868012810D02168022810D0890769
:1033700000292EDA616821F0030101436160FFF743
:103380004DFE804641F288390DE021688903EFE760
:103390008901EDE7FFF742FEA0EB0801494502D99C
:1033A0000320BDE8F0876068696800F00C00B0EBAE
:1033B000810FEFD1306800F00700B8420BD93068B8
:1033C00020F0070038433060306800F00700B84252
:1033D00001D00120E5E72878400705D56068E96855
:1033E00020F4E060084360602878000706D5606834
:1033F000296920F4605040EAC100606000F038F8AC
:103400006168084AC1F30311515CC840064908606D
:1034100006480068FFF722FE0020C2E700200240B5
:1034200000100240E2B20008700000206800002096
:103430000448054900684968044AC1F30221515C07
:10344000C84070477000002000100240F2B200082F
:103450000448054900684968044AC1F3C221515C27
:10346000C84070477000002000100240F2B200080F
:103470000E4A51680E4801F00C03042B11D0082BA2
:103480000FD10C48C1F38343C903C05C0AD551680E
:10349000084AC1F34041921E515C054A5043B0FBBB
:1034A000F1F07047044948437047000000100240A3
:1034B00000127A00C0B2000800093D002DE9F84F63
:1034C000040070D02078C04DC00749D06868C0F3B0
:1034D0008100012807D06868C0F38100022809D163
:1034E0006868C00306D52868800339D5606800285D
:1034F000E7D035E06068B0F5803F0BD010B1B0F593
:10350000A02F11D0286820F480302860286820F48B
:10351000802002E0286840F480302860606890B124
:10352000FFF77CFD06460AE0286840F4802028600A
:10353000F0E700BFFFF772FD801B642873D828688E
:103540008003F7D50CE0FFF769FD064605E000BFF4
:10355000FFF764FD801B6428F0D828688003F7D447
:1035600020789A4E80074FF001094FF0000839D5B6
:10357000686810F00C0F07D06868C0F3810002285B
:1035800009D16868C00306D42868800714D520696B
:10359000012808D110E02069B0B1C6F80090FFF70B
:1035A0003DFD074605E00AE1FFF738FDC01B022894
:1035B000C4D828688007F7D52868616920F0F8002A
:1035C00040EAC10028600DE0C6F80080FFF726FD44
:1035D000074604E0FFF722FDC01B022823D8286815
:1035E0008007F7D4207800072CD57948A169D9B194
:1035F000C0F80090FFF712FD074604E0FFF70EFD4C
:10360000C01B02280FD8686A8007F7D571484FF4AD
:10361000FA510068B0FBF1F0009000BF0098411E25
:103620000091FAD20EE080E0C0F80080FFF7F6FCCF
:10363000074604E0FFF7F2FCC01B022875D8686A51
:103640008007F7D42078400760D5E8690027C000DC
:1036500008D4E86940F08050E861E869012700F08B
:10366000805000905C480168C90513D40168834606
:1036700041F480710160FFF7D1FC824606E000BF93
:10368000FFF7CCFCA0EB0A0064284ED8DBF8000062
:10369000C005F5D5E06801280AD008B1052813D087
:1036A000286A20F001002862286A20F0040002E065
:1036B000286A40F001002862E06841F2883B98B136
:1036C000FFF7ACFC82460BE0286A40F00400286259
:1036D000EEE700BFFFF7A2FCA0EB0A0159455AD85C
:1036E000286A8007F6D50CE0FFF798FC824605E0D3
:1036F000FFF794FCA0EB0A0159454CD8286A8007D3
:10370000F6D41FB1E86920F08050E861E06988B321
:103710006968C1F38101022944D00228C6F860809B
:1037200004D0FFF77BFC044638E034E0FFF776FC7A
:10373000074604E0FFF772FCC01B02282BD828685C
:103740008001F7D4206AB0F5803F05D16868A16890
:1037500020F4003008436860D4E908010843696830
:1037600021F4741108436860C6F86090FFF756FCB6
:10377000044606E025E000BFFFF750FC001B0228CE
:1037800009D828688001F7D51BE000BFFFF746FC89
:10379000001B022802D90320BDE8F88F28688001A9
:1037A000F4D40EE00128F7D06868226A00F4803172
:1037B000914204D1616A00F47010884201D0012066
:1037C000EAE70020E8E70000001002400000424263
:1037D00080044242700000200070004010B5401E7E
:1037E000B0F1807F01D3012010BD4FF0E024606173
:1037F0000F21601703F0F4F80020A061072020617A
:10380000002010BD70B590F83C20012A2CD0012476
:1038100080F83C40022280F83D2003685A689D6889
:1038200022F070060A6832435A60104B02689A42CE
:103830000ED00F4B9A420BD0B2F1804F08D00D4BF7
:103840009A4205D00C4B9A4202D00C4B9A4204D1BA
:10385000496825F080031943916080F83D400021BC
:1038600080F83C10084670BD022070BD002C01405D
:10387000003401400004004000080040000C0040FB
:1038800010B5040003D094F83D0010B107E001200A
:1038900010BD002084F83C00204600F01FF80220F4
:1038A00084F83D00211D206802F0C6FC012084F848
:1038B000460084F83E0084F83F0084F8400084F815
:1038C000410084F8420084F8430084F8440084F8FE
:1038D000450084F83D00002010BD000008B50068D8
:1038E0000649884208D10648C16941F00201C16118
:1038F000C06900F00200009008BD00000004004014
:103900000010024070B5044690F83C0000250128E4
:1039100017D0012684F83C60022084F83D0020681E
:10392000826822F0770222F47F4282600868502881
:1039300038D00DDC20284FD005DC90B3102811D1F1
:103940004AE0022070BD302846D040280AD13BE032
:1039500060282FD070280DD0B0F5805F03D0B0F56F
:10396000005F12D0012584F83D60002084F83C00FF
:10397000284670BDCB68D1E90121206802F0AFFC78
:103980002068816841F0770109E0CB68D1E9012125
:10399000206802F0A4FC2068816841F480418160C5
:1039A000E1E719E0CA684968206802F06DFD50211E
:1039B000206806E0CA684968206802F076FD602148
:1039C000206802F096FCCEE7CA684968206802F0D9
:1039D0005BFD40212068F4E7226801461046F0E7CD
:1039E0002DE9F0410D46040003D094F83D0018B1D4
:1039F00008E00120BDE8F081002084F83C0020466A
:103A000000F040F8022084F83D002068816844F20C
:103A1000070291438160211D206802F00DFC22689D
:103A200090689169166A2B68AF69034340F20330CE
:103A3000814341EA0721A868EF6908434FF6FC413A
:103A40008843E96840EA0720014328692F6A00019A
:103A500040EA0730084369686D6926F0220646EAA5
:103A60000515294393602268906154F8460B016262
:103A7000012004F81F09E0752076E0762077A07514
:103A80000020B7E700B585B00021009101910291B7
:103A900003911A4B02681A48C0219A4213D1C26995
:103AA00042F00402C261C26902F004020492826917
:103AB00042F0080282618069009100F008000490E1
:103AC0006946104815E0104B9A4214D1826942F4BD
:103AD00000528261826902F400520492826942F0CB
:103AE000100282618069009100F010000490694624
:103AF0000648FFF791F905B000BD0000000800403E
:103B000000100240000C0140003401400010014050
:103B100070B590F83E60044690F83F5090F84230FF
:103B200090F84320022021B104290ED0012E1BD190
:103B300014E0012E18D1012B16D184F83E0084F830
:103B4000420001220021206820E0012D0CD1012A31
:103B50000AD184F83F0084F8430014E0012D03D11A
:103B6000012B01D1012A01D0012070BD84F83E0053
:103B700084F83F0084F8420084F8430001220021C9
:103B8000206802F09FFB01220421206802F09AFBCA
:103B90002068016841F001010160002070BD000053
:103BA00010B586B000210091019102910391006847
:103BB0001349884221D11348816941F00401816190
:103BC000816901F004010491816941F0080181617A
:103BD0008069022400F008000490C020CDE90004B0
:103BE000694609480394FFF717F90320CDE900045B
:103BF000694606480394FFF70FF906B010BD0000B0
:103C0000000400400010024000080140000C014088
:103C100070B5044690F83C0000260D4601280FD0F0
:103C2000012084F83C006AB1042A1DD0082A2FD054
:103C30000C2A3FD00126002084F83C00304670BD9D
:103C4000022070BD206802F05DFB2068816941F0B0
:103C5000080181612068816921F004018161206887
:103C600081692A69114311E0206802F07BFB20681A
:103C7000816941F4006181612068816921F480617A
:103C80008161206881692A6941EA02218161D2E764
:103C9000206802F09DFB2068C16941F00801C16104
:103CA0002068C16921F00401C1612068C1692A69E5
:103CB000114311E0206802F0BFFB2068C16941F4A4
:103CC0000061C1612068C16921F48061C16120681F
:103CD000C1692A6941EA0221C161ACE710B504005B
:103CE00003D094F83D0010B107E0012010BD002082
:103CF00084F83C00204600F01EF8022084F83D00C5
:103D0000211D206802F098FA012084F8460084F80A
:103D10003E0084F83F0084F8400084F8410084F8B5
:103D2000420084F8430084F8440084F8450084F895
:103D30003D00002010BD704710B50446022249B175
:103D400004290ED0082913D094F84100012816D078
:103D5000012010BD94F83E000128F9D184F83E20DE
:103D60000FE094F83F000128F2D184F83F2008E0EA
:103D700094F840000128EBD184F8402001E084F859
:103D800041200122206802F09DFA13492068134A5D
:103D9000884201D0904203D1436C43F40043436412
:103DA000206888420DD090420BD0B0F1804F08D0EF
:103DB0000B49884205D00B49884202D00A49884203
:103DC00004D1816801F00701062903D0016841F0A0
:103DD00001010160002010BD002C014000340140B1
:103DE0000004004000080040000C0040704710B57F
:103DF00004460068406994F84110C0F3C0102129BE
:103E000011D180B12068143050E8001F21F08001EA
:103E100040E80012002AF5D1A06B08B1FEF76AFB5A
:103E2000204602F00DFC2068406994F84210C0F36F
:103E30008010222911D180B12068143050E8001F71
:103E400021F0400140E80012002AF5D1E06B08B1F2
:103E5000FEF750FB204602F0CCFB002010BD70475F
:103E6000F8B5016804460868CA684B6910F00F0F7E
:103E70004FF0000559D003F0010602F49077374364
:103E800065D0C10705D0D10503D5616C41F00101B2
:103E90006164410705D5D90703D0616C41F0020187
:103EA0006164810705D5D90703D0616C41F0040135
:103EB0006164010707D502F02001314303D0616C32
:103EC00041F008016164616C00293AD0800604D594
:103ED000900602D5204602F0C1FB20684069616C63
:103EE000C0F38010090700D460B3204602F081FBC4
:103EF00020684069400621D52068143050E8001F32
:103F000021F0400140E80012002AF5D1E06BA8B191
:103F10006D494163E06BFEF711FB002811D0E06BA7
:103F2000416B01B0BDE8F040084783060FD593060A
:103F30000DD52046BDE8F84002F090BB2046FFF7C3
:103F40008EFFF8BD2046FFF78AFF6564F8BD266B3B
:103F50002023012E7CD1C6067AD5D60678D50868EE
:103F60004868009048694FF00206400640D5E16B72
:103F7000086840680004000CE8D0A28D8242E5D9B0
:103F8000E085886920282DD020680C3050E8001F7B
:103F900021F4807140E80012002AF5D12068143025
:103FA00050E8001F21F0010140E80012002AF5D17D
:103FB0002068143050E8001F21F0400140E8001252
:103FC000002AF5D184F84230256320680C3050E88F
:103FD000001F21F0100140E80012002AF5D1E06B2B
:103FE000FEF788FA6663A08DE18D401A81B22AE05F
:103FF000A08DE18D401A81B2E08D0028A6D0002965
:10400000A4D022680C3252E8000F20F4907042E8ED
:104010000007002FF5D12068143050E8002F22F05F
:10402000010240E80027002FF5D184F842302563D3
:1040300020680C3050E8002F22F0100240E80023E6
:10404000002BF5D166632046FFF7D0FEF8BDFFE7F1
:1040500005062BD5150629D594F841002128F5D160
:10406000A068B0F5805F01D12069B0B1206A411C21
:104070002162216800784860E08C401E0004000C3A
:10408000E084E3D12068C16821F08001C16020682C
:10409000C16841F04001C160D8E7206A0088C0F3E0
:1040A00008004860206A801C2062E5E74006CDD504
:1040B0005006CBD5CA68204622F04002CA6084F878
:1040C000413000F020FBC1E7F564000870B5040042
:1040D00004D094F84100002510B106E0012070BD25
:1040E00084F84050204600F023F8242084F8410052
:1040F0002068C16821F40051C160204602F010FB25
:104100002068016921F4904101612068416921F032
:104110002A0141612068C16841F40051C1606564B1
:10412000202084F8410084F842006563002070BDBF
:10413000F0B585B0002400940194029403940546E0
:10414000D0F800C06748DFF898E106150221032285
:10415000654BC714F4453FD1D0F81CC04CF4002C7B
:10416000C0F81CC0D0F81CC00CF4002CCDF810C056
:10417000D0F818C04CF0100CC0F818C08069CDE918
:10418000006100F01000CDE9032069461E46184684
:10419000FEF742FECDE90074694630460294FEF710
:1041A0003BFE534E5148C6E900048020C6E9024058
:1041B00020203461C6E905403046F461FEF77AFB01
:1041C00008B1FDF764FDEE630122114634207562EB
:1041D000FEF794FF342031E0464DAC4532D1C5693D
:1041E00045F48015C561C56905F480150495856998
:1041F00045F010058561856905F010050495856910
:1042000045F0200585618069039200F0200004904C
:104210004FF48050CDE9000169461846FEF7FCFDD9
:104220000420CDE90004694633480294FEF7F4FD0A
:10423000012211463520FEF761FF3520FEF750FFC1
:1042400005B0F0BD2D4B9C4521D1836943F48043DB
:104250008361836903F480430493836943F0040317
:1042600083618069264D00F0040004904FF40070D3
:10427000CDE90001039269462846FEF7CDFDCDE960
:104280000064694628460294FEF7C6FDD8E71D4B38
:104290009C45D5D1C36943F48023C361C36903F44A
:1042A00080230493836943F0080383618069CDE927
:1042B000006100F00800CDE90320134D694628464F
:1042C000FEF7AAFDCDE90074694628460294FEF780
:1042D000A3FD012211462720FEF710FF2720ADE79E
:1042E000004C004000100240001001403004024029
:1042F00094050020005000400014014000380140A7
:104300000008014000480040000C014090F8423095
:10431000202B01D00220704721B11AB10023036382
:1043200002F05ABA0120704790F84230202B01D099
:104330000220704721B11AB10023036302F094BA3E
:10434000012070472DE9F14FDA4900980126002439
:104350000068D94D4FF0020A88427FD1AC466F7891
:104360009CF802109CF80E009CF803B0D34A0BEBAB
:104370004B0C0B180CEB020907F1010CDBB20CF033
:10438000FF0C3A2F6AD2DFE807F01D232B34373BAE
:104390003E41444A41444A41444A41444A41444AD4
:1043A00041444A41444A41444A41444A41444A41C1
:1043B000444A41444A41444A41444A41444A4144AE
:1043C0004A53575BA5280DD110706E70A53105E0DA
:1043D0005A2807D1507085F801A05A31A9703DE0E4
:1043E0003A2801D06C7038E09070032068703A3140
:1043F000F4E7D070042001E01071052068700CE033
:1044000050710620FAE790710720F7E789F8070056
:1044100001E089F8080085F801C0AB701EE089F85A
:10442000090085F801C0AB700BF10100E87015E0E0
:1044300082F837003820E1E782F838003920DDE7DC
:1044400082F839006C70EC70884202D102F0A0FE54
:1044500003E03A219948FCF732F8AC70009898498B
:10446000006888426FD1974F934A28790C3207F140
:10447000320110B101280BD026E01078AA2823D1F0
:104480002E7147F8324F7C603C8108702E701BE023
:10449000287813780B54401CC0B228700A2813D314
:1044A0000023184611F800C0401C6344DBB2092801
:1044B000F8DB487A984206D157F8330F28617868BC
:1044C0006861814806702C711078A8616873FDF7E7
:1044D00075F988B97D480068B0F57A7F0CD17C48C1
:1044E00002687C49032A04DA0268521C02600C60EC
:1044F00002E0642202600E60A946A869764F7749FF
:10450000774A784B784D592818D0582819D0622806
:104510001AD00A2828DD5A283AD041284ED04528FA
:104520003FD0422841D043283FD044283DD04628A0
:1045300040D047283ED048283CD011E0A7F800A042
:104540000EE03E800CE0B3E0DFF8A0C1DCF80080B4
:10455000B8F1000F1ED04FF0000800BFCCF800806B
:104560000C8014801C802C800A282DDA3E8078B1C3
:10457000012823D0052814D0022821D003281FD0D9
:1045800004281DD006282DD007282BD0082829D094
:104590000C8002E04FF00108E0E7148003E02C807B
:1045A00012E00C8016801C80F9E70C8014801C80BF
:1045B0002E80D9E70C8014801E80D4E70E80ECE7B3
:1045C0000C8014801C802E8099F80D203D484D46AB
:1045D0007B2A0BD07D2A10D06979012907D00229C6
:1045E0000DD05DE00C8014801E80D8E76E71A97933
:1045F0004254491C89F8061052E085F805A0C1789C
:10460000502906D04178232942D0A979E971814601
:1046100029E0374806703BE0A979081A05F0EFFE5B
:1046200002460B460020334904F0E2FE0646E879D4
:104630000F468046484410F8010C303805F0DFFE84
:1046400032463B4605F042FF06460F46E86906F053
:104650004DFA32463B4605F08FFC05F05BFCE86105
:10466000A8F10100E871E8790428D5D299F8010091
:10467000303802280CD2DFE800F00106E86906F0C5
:1046800097FB1D4903E0E86906F092FB1B490860AF
:104690006C71AC71EC7132210A48EC61FBF70FFFD1
:1046A000BDE8F84F044901220C311548FFF73CBE24
:1046B000BDE8F88F005000402C010020F4170020C6
:1046C000004800401B0A00200600002020000020B7
:1046D000180000201C000020020000202400002000
:1046E00026000020280000202A0000200C000020C6
:1046F0005400002000002440AC010020A80100204C
:104700004C05002070477047FEE770B50D46044623
:1047100000F0C0F8204600F08DF800F003F92846BC
:1047200000F088F800F0FEF800F0B4F8641CE0B285
:1047300000F080F800F0F6F8002000F045F804469C
:1047400000F0D0F8204670BD70B50D4C0025C4F8BF
:10475000B8510C48016821F070410160016841F0D6
:1047600040510160C4F8BC51012004F5DC7402F032
:1047700039FE0120206002F035FE256070BD00008A
:1047800000802142040C014070B50D4C0025C4F896
:10479000B8510C48016821F070410160016841F096
:1047A000405101600126C4F8BC61304604F5DC7458
:1047B00002F018FE2660012002F014FE256070BD94
:1047C00000802142040C01402DE9F0478146174842
:1047D0000024016821F070410160016841F000414E
:1047E0000160134E254627464FF00108C6F8B87100
:1047F000022002F0F7FDC6F8B8816006040ED6F874
:104800003C0108B1641CE4B2022002F0EBFD6D1C17
:10481000EDB2082DEAD3B9F1000F02D0FFF794FFF3
:1048200001E0FFF7B1FF2046BDE8F087040C01402E
:10483000008021422DE9F04106461448016821F02C
:1048400070410160016841F040510160104C002747
:10485000C4F8B8713D464FF00108F009C4F8BC0136
:104860007006060E012002F0BDFDC4F8B8810120DB
:1048700002F0B8FDC4F8B871012002F0B3FD6D1C60
:10488000EDB2082DE9D3BDE8F0810000040C014031
:104890000080214270B51148016821F0704101602B
:1048A000016841F0405101600D4C0120C4F8BC0189
:1048B000D4F83C1149B1C4F8B80102F093FD0025C9
:1048C000C4F8BC51D4F83C0108B1002070BD0120EF
:1048D00002F088FDC4F8B851012070BD040C0140FD
:1048E000008021420D4810B5016821F0704101603F
:1048F000016841F040510160094C0020C4F8B80142
:10490000C4F8BC01012004F5DC7402F06BFD012049
:1049100020606060BDE8104002F064BD040C0140FE
:104920000080214270B513480024016821F07041D5
:104930000160016841F0004101600F4D0126C5F89A
:10494000BC61304602F04EFDC5F8B86107E0641C5A
:10495000E4B2322C03D9FFF7C5FF002070BD01205F
:1049600002F040FDD5F83C010028F0D1C5F8B801AF
:10497000012070BD040C01400080214210B5144696
:10498000FFF7C3FE2070012010BDF8B515461C4688
:104990000E4607466A46FFF7F1FF01209DF800101A
:1049A000A8400CB1084301E021EA0000C2B28DF832
:1049B00000203146384600F02BF8F8BD2DE9F843C9
:1049C00014461D460F4680466A46089EFFF7D6FFEE
:1049D00000281BD0611CFF20C4F1080200FA01F17D
:1049E0002A44521ED0400143C5F108008640F2B26D
:1049F000C4F10700C2409DF80000084010438DF844
:104A00000000C2B23946404600F002F8BDE8F88323
:104A100007B502AB012200F001F80EBD2DE9F0410F
:104A20001E461546884607460024FFF733FF3846E2
:104A3000FFF700FFFFF776FF4046FFF7FBFEFFF7AB
:104A400071FF06E0305DFFF7F5FEFFF76BFF641CBA
:104A5000E4B2AC42F6D3FFF745FF0120BDE8F08198
:104A600070B506F00DFB154C0546E16B06F012FB28
:104A70000646206A06F0D8F9314606F035FA0646B1
:104A8000E06906F0D1F9294606F02EFA314606F023
:104A900059F80646206C06F0C7F9314606F052F880
:104AA00006F086F9C4E90F5005486178007808439C
:104AB00002D0002020646070206C70BD8C0100204A
:104AC0000400002070B506F0DBFA154C0546616C59
:104AD00006F0E0FA0646206A06F0A6F9314606F02E
:104AE00003FA0646E06906F09FF9294606F0FCF94C
:104AF000314606F027F80646A06C06F095F93146D7
:104B000006F020F806F054F9C4E911500548617820
:104B10000078084302D00020A0646070A06C70BDD3
:104B20008C0100200400002041060748826942F001
:104B3000010282610548426822F0E06242604268F8
:104B40000A4342607047000000100240000001402C
:104B50002DE9F04F04469148ABB011AFB0E86810B2
:104B6000299287E868106CC80DAF87E86C0050E99F
:104B70001423CDE9272350E91223CDE9252350F84A
:104B8000588900F15C031FAF93E80C10934619930A
:104B900050F8682B2A926CC887E86C0050E91820FE
:104BA000CDE92320002007900890049005900690FE
:104BB0001B901C9009900A900B9003900C901D90F4
:104BC0001E901A90E246084605F090FF05460E46F4
:104BD00084F0004005F08AFF2A46334602F018FAB6
:104BE00005F098F96E4F15900DAC0222CDE9004703
:104BF00007AE012311460296104604F0E7F91BAAFE
:104C000029A927A88DE8070001231A461946022082
:104C100004F0DCF91B99079805F094FF07F10805EB
:104C200028601C99089805F08DFF68600DF10C094B
:104C300005F1280100940223CDE901191A4619460D
:104C4000184604F0C3F909A91FAACDF80090CDE9D0
:104C5000012102231A461946184604F0B7F94146C5
:104C6000099805F06FFF4F4C594620600A9805F0EF
:104C700069FF606019990B9805F064FFA0605146C8
:104C80000C9805F05FFFE0600DF1940A0223CDE976
:104C900000A40DF1740B1A46CDF808B01946012096
:104CA00004F094F90DF1680823A9CDF800B0CDE91E
:104CB0000118012302221146184604F087F92A99A7
:104CC0001A9805F03FFF01464FF07E5005F0AEFF09
:104CD0001A9023A8CDE90040022201231146029632
:104CE000104604F073F905F1080B01238DE8400923
:104CF0001A461946022004F069F9CDF800A0CDE962
:104D00000158012302221146184604F05FF91A994E
:104D1000159806F0BFF91A90CDF800B00123CDE93F
:104D200001861A461946022004F050F907992868AE
:104D300005F008FF38600899686805F003FF78609F
:104D4000CDF800B0CDE901A9022301221146184691
:104D500004F03CF90399119806F09CF9039004992A
:104D6000129806F097F904900599139806F092F9B5
:104D700005900699149806F08DF9069005F1280023
:104D8000CDF800900223CDE901401A461946184695
:104D900004F01CF938682BB0BDE8F08FE0C90008BA
:104DA000CC020020CC2500202DE9F04F044693488A
:104DB000ABB000F178030F4693E8681011A929926F
:104DC00081E8681000F188050DF134084ECD88E8BF
:104DD0004E00D0E90812CDE92712D0E90A12CDE938
:104DE0002512B5E80E108846CDF858C041689246A5
:104DF0009B462A912ECD1FAE86E82E00D0E90C10DE
:104E0000CDE92310002007900890049005900690AB
:104E10001B901C9009900A900B9003900C901D9091
:104E20001E901A90384605F061FE06460D4684F045
:104E3000004005F05BFE32462B4602F0E9F805F033
:104E400069F86F4F15900DAC0222CDE9004707AE0F
:104E5000012311460296104604F0B8F81BAA29A9AE
:104E600027A88DE8070001231A461946022004F0FE
:104E7000ADF81B99079805F065FE07F10805286055
:104E80001C99089805F05EFE68600DF10C0905F1AB
:104E9000200000940223CDE901091A46194618465C
:104EA00004F094F809A91FAACDF80090CDE90121DA
:104EB00002231A461946184604F088F84146099814
:104EC00005F040FE4F4C514620600A9805F03AFE2E
:104ED000606059460B9805F035FEA06016990C9855
:104EE00005F030FEE0600DF1940A0223CDE900A444
:104EF0000DF1740B1A46CDF808B01946012004F0E4
:104F000065F80DF1680823A9CDF800B0CDE90118C6
:104F1000012302221146184604F058F82A991A98DB
:104F200005F010FE01464FF07E5005F07FFE1A900E
:104F300023A8CDE900400222012311460296104623
:104F400004F044F805F1080B01238DE840091A46E6
:104F50001946022004F03AF8CDF800A0CDE9015836
:104F6000012302221146184604F030F81A991598C8
:104F700006F090F81A90CDF800B00123CDE9018633
:104F80001A461946022004F021F80799286805F00E
:104F9000D9FD38600899686805F0D4FD7860CDF8CF
:104FA00000B0CDE901A9022301221146184604F000
:104FB0000DF80399119806F06DF803900499129872
:104FC00006F068F804900599139806F063F80590C8
:104FD0000699149806F05EF8069005F12001CDF8C8
:104FE00000900223CDE901411A461946184603F004
:104FF000EDFF38682BB0BDE8F08F0000A8C90008AD
:10500000E4020020DC250020094A68B109490B6848
:105010005B1C0B60834206D1D2F88801C043C2F802
:1050200088010020086070470120C2F8880170479D
:1050300000002242740000202DE9F05F0024DFF818
:105040009090DFF890A0DFF890802646254627460E
:1050500008EBC400406800EB090353451ED338F841
:1050600034B0ABF10101B1F5E07F17D81849761CD7
:105070004942F6B2884202DA0146284606E017495C
:10508000884206DD164906F005F8294605F05AFD66
:105090000546BBF1FA0F01D27F1CFFB2641CE12C64
:1050A000D6DB082E12D90F48006801280ED10E4811
:1050B000006858B1082F02D30320BDE8F09FB5F572
:1050C000000F01DB0120F8E70220F6E70020F4E7FB
:1050D0000000B8BD010053013018002000009B43C0
:1050E0000000B4430C000020100000202DE9F05F08
:1050F0000025DFF824A1DFF824813A270AF69C591D
:10510000AB4605EB4500C0EB451100240AEB410618
:1051100094FBF7F107FB1141305D3A2972D2DFE8C9
:1051200001F01D20282B2E313437404937404937B4
:10513000404937404937404937404937404937406F
:105140004937404937404937404937404937404956
:10515000374049374049374049595C6089F8000079
:105160003DE089F801003AE04A78104488F80100EF
:1051700048E089F8020032E089F803002FE089F85E
:1051800004002CE089F8050029E089F8060026E0F3
:1051900098F80220414602EB420303EB0902D0716A
:1051A000E2E798F80220414602EB420303EB0902D2
:1051B0001072D9E798F8022002EB420C0CEB0903BD
:1051C000521C587298F80130184488F8010088F889
:1051D000022017E089F8370001E089F838004146DD
:1051E000C2E789F8390088F802B098F801108842BF
:1051F00002D101F0CDFF03E03A210948FBF781F924
:1052000088F801B0641C3A2C82DB6D1C1D2DFFF662
:1052100078AFBDE8F09F0000580A00206001002030
:10522000F417002030B5114A114C0021506AA4F542
:10523000A75500EB4003C3EB401305EB4303655C4C
:105240005D54491C3A29FADB1C2806D1094B01217F
:1052500051601960084B002119601D21401C90FB12
:10526000F1F301FB1300506230BD0000600100202B
:10527000381F0020100000201400002010B502206C
:1052800000F011F8032000F020F8002000F014F8DE
:10529000002000F02FF8002000F026F8BDE81040B4
:1052A000002000F01BB808B50323009002226B21F8
:1052B000D020FFF783FB08BD08B50223009004222D
:1052C0001C21D020FFF77AFB08BD08B5022300900F
:1052D00004221B21D020FFF771FB08BD03460122E9
:1052E0003721D020FFF751BB034605226A21D02089
:1052F000FFF74BBB034606226B21D020FFF745BBCF
:105300000C4810B50A4901600021816001730175E4
:105310004FF46022C261416001210161FCF730FF5E
:1053200008B1FCF7B4FCBDE810400248FCF73ABEF7
:10533000002801401C030020094808B5416941F0DC
:10534000020141614069002200F002000090114614
:105350003A20FDF7D3FEBDE808403A20FDF7C0BE75
:10536000001002402DE9F04F85B000245148009410
:10537000019402940394816941F010018161816973
:1053800001F010010491816941F02001816181697E
:1053900001F020010491816941F00401816181697A
:1053A00001F004010491816941F008018161806983
:1053B000DFF8049100F008000490002244F210315C
:1053C0004846FDF725FE012204214846FDF720FE50
:1053D000DFF8E8B04FF44047012239465846FDF760
:1053E00017FEDFF8DCA04FF400480022414650468B
:1053F000FDF70EFE002238215846FDF709FE4FF456
:105400000050CDE90004694648460294FDF704FDCA
:1054100001254FF48040CDE9000569464846CDE9B5
:105420000245FDF7F9FC4FF445700326CDE9000570
:10543000CDE9024669464846FDF7EEFCCDE9005449
:10544000694650460294FDF7E7FC00970396CDE9C4
:10545000015469465846FDF7DFFC0220CDE90240C1
:10546000CDE9008569465046FDF7D6FC3820CDE9E8
:10547000000569465846CDE90245FDF7CDFC2802F6
:105480008DE8310069465846FDF7C6FC6802009079
:105490000C48CDE9010569465846FDF7BDFC0122DF
:1054A00002211720FDF72AFE1720FDF719FE05B08F
:1054B000BDE8F08F0010024000100140000C0140D8
:1054C000000801400000211010B58EB000240794A0
:1054D000089409940A940B941C2168460C94FBF7D9
:1054E00010F832483049C0E9001441F61F41C0E9C4
:1054F0000241802104618161FEF7C2F908B1FCF725
:10550000C6FB4FF48050079007A92848FEF7FAF928
:1055100008B1FCF7BCFB2548FEF7E0FB08B1FCF73F
:10552000B6FB0B940BA921480C94FEF76BF908B15C
:10553000FCF7ADFB6020CDE900040294002269462F
:105540001A480494FEF764FB08B1FCF7A0FB0422A0
:1055500069461648FEF75CFB08B1FCF798FB082289
:1055600069461248FEF754FB08B1FCF790FB0C2289
:1055700069460E48FEF74CFB08B1FCF788FB00219A
:105580000A48FEF7D9FB04210848FEF7D5FB08219D
:105590000648FEF7D1FB0C210448FEF7CDFB03487B
:1055A000FEF7FEFA0EB010BD000400404C030020D0
:1055B00010B58CB024216846FAF7A3FF00241848E0
:1055C000099416490A94C0E900144FF6FF71C0E926
:1055D0000241046184610320CDE900040120CDE98A
:1055E00002040A210491CDE90540CDE9074169464D
:1055F0000B48FEF7F5F908B1FCF749FB099409A936
:1056000007480A94FEF7FEF808B1FCF740FB3C217E
:105610000348FEF77DFA0CB010BD00000008004002
:105620009403002010B58CB024216846FAF769FF76
:1056300000241848099416490A94C0E900144FF64A
:10564000FF71C0E902410461446184610320CDE936
:1056500000040120CDE902040A210491CDE90540AE
:10566000CDE9074169460B48FEF7BAF908B1FCF7E6
:105670000EFB099409A907480A94FEF7C3F808B17C
:10568000FCF705FB3C210348FEF742FA0CB010BDC5
:1056900000340140DC03002010B5114C0F480C21F0
:1056A00020604FF4613060600020A060E060C4E9D9
:1056B0000401A061E0612046FEF708FD08B1FCF797
:1056C000E6FA2068C16841F01001C160BDE81040F1
:1056D000FF2204490248FEF719BE0000004C0040BA
:1056E00074040020381F00200E4810B50C490160DA
:1056F0004FF461314160002181600C22C160C0E93A
:1057000004128161C161FEF7E1FC08B1FCF7BFFA48
:10571000BDE81040012204490248FEF705BE000022
:1057200000500040BC0400203A0100200C4810B595
:105730000A4901604FF4E1314160002181600C228F
:10574000C160C0E904128161C161FEF7BFFC00289D
:1057500003D0BDE81040FCF79ABA10BD00380140F4
:10576000040500200E4810B50C4901604FF4E131EA
:105770004160002181600C22C160C0E90412816196
:10578000C161FEF7A3FC08B1FCF781FABDE8104047
:10579000012204490248FEF7C7BD0000004800404E
:1057A0004C05002038010020FEE7000000B501F0A4
:1057B000ABF80E4901280CD002280DD0032807D1E0
:1057C0000878002804D10A48016869B10021016005
:1057D00000BD0020087000BD0648017811B100210D
:1057E000017000BD0121FBE70121F0E70800002066
:1057F0000C00002005000020FEE700002DE9F04726
:105800007948007800287BD178480068784E0025D8
:10581000A6F18004002873D0E16C306805F03AFCF2
:105820000746E06A05F000FB616A05F029FC39468D
:1058300005F026FB4AD8E06A05F0F6FA616A05F041
:1058400081F90746E16C306805F024FC394605F023
:1058500017FBEFD8216D706805F01CFC0746E06A65
:1058600005F0E2FAA16A05F00BFC394605F008FBE9
:105870002CD8E06A05F0D8FAA16A05F063F907466A
:10588000216D706805F006FC394605F0F9FA1DD85F
:10589000FFF7D2FB574E584F584910B90A88012AD2
:1058A00015D0574A1288012A2BD0564A564E574FC8
:1058B0001288DFF85C81DFF85C91012A3BD0564A00
:1058C0001288012A50D00988012965D06BE0E06C6C
:1058D00005F00CF932463B4604F04EFB04F01AFB8F
:1058E000E064206D05F002F932463B4604F044FBCB
:1058F00004F010FB206549486065A065484818E041
:1059000054E0E06C05F0F2F832463B4605F004F84E
:1059100004F000FBE064206D05F0E8F832463B46F9
:1059200004F0FAFF04F0F6FA20653E486065A065D1
:105930003D48E06537E0E06C05F0D8F832463B467C
:1059400004F0EAFF04F0E6FAE064206D05F0CEF81A
:1059500032463B4604F010FB04F0DCFA04F150013F
:10596000E56581E801031EE0E06C05F0BFF8324612
:105970003B4604F001FB04F0CDFAE064206D05F035
:10598000B5F832463B4604F0C7FF04F0C3FAC4E959
:105990001409C4E9168506E028B10128CBD00228F5
:1059A000E2D0032804D06565A565E565BDE8F0870C
:1059B000E06C05F09BF81D4E1D4F32463B4604F04F
:1059C000ABFF04F0A7FAE064206D05F08FF83246D3
:1059D0003B4604F0A1FF04F09DFA20651548606580
:1059E000A0651548A5E70000080000201C00002065
:1059F0000C0200209A9999999999A93F24000020B6
:105A000026000020280000207B14AE47E17A943F56
:105A10006F1203BB6F12033B2A0000206F12033C7E
:105A20004DF30E3D0AD7A3BB4DF30EBDCDCCCC4CF0
:105A3000E17AA43F6F1283BB4DF38EBD10B40021F9
:105A4000084B0A465FF0000003EBC004401CC0B2E4
:105A500062548028F8D3491CC9B20829F2D310BC7B
:105A600000F09CB8D805002010B57F2816D83F2933
:105A700014D80723A3EBD10301F00701C1F10704F8
:105A80000121A140064CDBB204EBC000002AC25C3D
:105A9000C9B201D00A4300E08A43C25410BD0000DD
:105AA000D805002010B50220FFF73EF80120FFF7CF
:105AB0003BF8394C0020C4F89001642004F5C87408
:105AC00001F076FC012020600021AE2000F030F9CA
:105AD0000021D52000F02CF90021502000F028F9F9
:105AE0000021A82000F024F900213F2000F020F937
:105AF0000021D32000F01CF90021084600F018F91D
:105B00000021402000F014F900218D2000F010F950
:105B10000021142000F00CF90021202000F008F9E9
:105B20000021022000F004F90021A12000F000F97A
:105B30000021C02000F0FCF80021DA2000F0F8F885
:105B40000021122000F0F4F80021812000F0F0F88C
:105B50000021EF2000F0ECF80021D92000F0E8F857
:105B60000021F12000F0E4F80021DB2000F0E0F853
:105B70000021302000F0DCF80021A42000F0D8F84B
:105B80000021A62000F0D4F80021AF2000F0D0F8CA
:105B9000BDE81040FFF752BF0080214270B5114EA2
:105BA000002400BF04F1B000C0B2002100F0C0F832
:105BB0000021084600F0BCF80021102000F0B8F8E1
:105BC0005FF0000506EBC5000121005D00F0B0F8B4
:105BD0006D1CEDB2802DF5D3641CE4B2082CE1D32A
:105BE00070BD0000D80500202DE9FF4F203A1F4668
:105BF0000C46894602F0FF0A0025DDF834B032E099
:105C00000C2F09D01A4901EB0A104FF00008465D2D
:105C1000300607D55A4609E016490AEB4A0001EB5F
:105C20008000F2E7BBF1000F12D00022214600985D
:105C3000FFF71AFF7006641C060EE4B2A4EB09001D
:105C4000B84207D100984C46401CC0B2009008E012
:105C50000122EBE708F1010000F0FF08B8F1080F9E
:105C6000D6D36D1CEDB2BD42CAD3BDE8FF8F000094
:105C70006EB70008FAB200082DE9FF4F81B0002688
:105C8000DDF838A01D469346814634464FF00108A2
:105C90004FEA5A0727E0281B401EC1B20A2003F032
:105CA000E4F9BBFBF0F00A21B0FBF1F201FB1200BA
:105CB00026B9691E8C4201DA48B101263030C2B2E1
:105CC00007FB0490C0B25346CDF8008006E007FB06
:105CD0000490C0B253462022CDF800800299FFF70D
:105CE00083FF641CE4B2AC42D5D305B0BDE8F08FAD
:105CF000F8B516460D460446012714E07A2C02D961
:105D000000241035EDB23A2D03D900242546FFF7C3
:105D100095FE009732780C2329462046FFF764FF52
:105D20000834E4B2761C30780028E7D1F8BD0000D2
:105D300070B500250E4A012311B1C2F88C3101E083
:105D4000C2F88C510B4C0021C4F8B851060602D59C
:105D5000C2F8943101E0C2F89451C4F8B831400659
:105D6000491C000EC9B20829EED3C2F88C3170BDAF
:105D700000802142000022420020044902460A54C9
:105D8000401CC0B20928FAD370470000120A002054
:105D90002DE9F84F01248246ADF800401D4800254A
:105DA0004570ADF800401C4E1C4F81464FF6FF7801
:105DB00026E000BFBDF8001011EA0A0F02D0C6F8B5
:105DC000A44101E0C6F8A451C6F8A041052001F0A5
:105DD00009FBC6F8A051052001F004FBC6F8A0415C
:105DE000D7F8200130B199F80110BDF80020114317
:105DF00089F80110BDF8000008EA4000ADF8000085
:105E0000BDF80000FF28D5D9BDE8F84F102001F0FB
:105E1000E9BA0000120A002000002242008021425C
:105E200070B5FFF7A9FF00F04FF80B480B4BB0F827
:105E300003100A48203381800020012413F81050F9
:105E400000F101006D1E04FA05F20A42C0B202D050
:105E50001028F3D3002070BD120A0020EC000020AF
:105E600010B5FFF7DDFF1149114AC861D379CB6046
:105E7000137A0B6154794C6192798A6101240D4A3D
:105E8000042801D1107878B1886800280BD0762BCF
:105E900009DA1078002806D108491470064808600D
:105EA00008490748086010BD8C60F0E7EC0000204E
:105EB000120A002007000020000096432C0000205A
:105EC00000004844300000202DE9FC4700248DF8F4
:105ED00000400125ADF80450254EC6F89041254FED
:105EE0003878FFF755FF7878FFF752FF02208DF8DA
:105EF0000000214FDFF884904FF6FF7830E000BFBC
:105F0000ADF8045020E000BFC6F8A051052001F014
:105F100069FAC6F8A041052001F064FAC6F8A0515C
:105F2000D7F8200150B19DF80010BDF8042019F8F1
:105F3000011011439DF8002009F80210BDF804106B
:105F400008EA4100ADF80400BDF80400FF28DBD9E1
:105F5000102001F047FA9DF80000401C8DF8000069
:105F60009DF800000928CBD3C6F89051BDE8FC8706
:105F700000002242EE00002000802142120A002090
:105F8000884200DD0846904200DA104670477047AC
:105F90002DE9F04F89B0684C07A8CDE9004004F125
:105FA000260106AB02AA881F01F086FB2088C005E7
:105FB0007ED5029804F038FF6FF01D06314605F0DB
:105FC00040F980466060039804F02EFF314605F0EA
:105FD00038F90746A060049804F026FF314605F022
:105FE00030F90546E060059804F01EFF314605F0E3
:105FF00028F9064620610121404605F022F929468C
:1060000004F072FF05464FF040484146384604F020
:106010006BFF314604F068FF294604F093FD04F05D
:1060200065FD00F0ADFDDFF814A14FF066394A467A
:10603000534604F04BFA03F06DFF6061E068012104
:10604000054605F0FEF88346294604F04DFF054657
:10605000A0684146064604F047FF314604F044FF7D
:10606000294605F017F84FF07E5104F06BFD04F05F
:106070003DFD07460D460121606805F0E2F8314616
:1060800004F032FF06465846216904F02DFF3146E0
:1060900004F058FD04F02AFD3A462B4600F0B8FF04
:1060A0004A46534604F012FA03F034FFA06100E0C0
:1060B0003FE021690191084604F016FFE1680746B8
:1060C0000846009104F010FFA16806468B4658462A
:1060D00004F00AFF616805468846404604F004FF64
:1060E000294604F02FFD314604F0D4FF394604F070
:1060F000D1FF04F0FBFC06460D464046019904F032
:10610000F3FE07465846009904F0EEFE394604F0C7
:1061100019FD012105F095F804F0E8FC32462B4604
:1061200000F076FF4A46534604F0D0F903F0F2FE41
:10613000E06109B0BDE8F08FB400002066A64C40D5
:106140000021032805D0042805D0082805D0002008
:106150007047044A02E0044A00E0044A10681160F3
:1061600000B2704724040040240800402434014059
:106170007047000010B50F4B4FF4E1521C1D002872
:1061800004DD1A60C0F5E150206003E000F5E15045
:1061900018602260074B0833181D002904DDC1F583
:1061A000E1511960026010BD1A6001F5E151016012
:1061B00010BD000034040040FCF736BF30B595B088
:1061C00028216846FAF79DF914210AA8FAF799F9E7
:1061D00018210FA8FAF795F901210804CDE900105C
:1061E0000025029502240491CDE907404FF4E01008
:1061F00009906846FDF762F908B172B6FEE70AA990
:106200000F2081E831004FF48060CDE90D050221B7
:106210000AA8FDF777F808B172B6FEE74FF4004020
:1062200011900F940FA8FCF7F7FF002801D072B669
:10623000FEE715B030BD7047F0B502681C4B1D4D30
:106240001D4E1E4F1E4C4FF0804C984209D0A0426C
:1062500007D0604505D0A84203D0B04201D0B84273
:1062600004D122F0700E4A6842EA0E02984209D028
:10627000A04207D0604505D0A84203D0B04201D06B
:10628000B84203D122F44075CA682A434D6922F00E
:1062900080022A4302608A68C2620A688262984267
:1062A00001D0A04201D10969016301214161F0BD22
:1062B000002C01400004004000080040000C004099
:1062C0000034014010B501F01F030121046A994018
:1062D0008C430462016A9A401143016210BD10B5FB
:1062E000846842EA032224F47F440A432243826002
:1062F00010BD826822F070020A4342F007018160FB
:1063000070470000F0B5036A026A22F001020262DF
:1063100042688469124E24F073050C682C4323F004
:1063200002058B682B430D4DA84201D0B04205D128
:1063300023F00807CB683B4323F00403A84201D0B5
:10634000B04205D14D6922F4407215438A692A434F
:1063500042608461496841630362F0BD002C0140E2
:1063600000340140F0B5026A036A23F010030362AF
:10637000436884690D6824F4E64444EA05248D6882
:1063800022F0200242EA05120F4D104EA84201D021
:10639000B04206D1CF6822F0800242EA071222F012
:1063A0004002A84201D0B04207D14D6923F44063B6
:1063B00043EA85038D6943EA850343608461496844
:1063C00081630262F0BD0000002C014000340140F6
:1063D000F0B5026A036A23F4807303624368C469F8
:1063E00022F4007224F073050C68124E2C438D6861
:1063F00042EA05220E4DA84201D0B04206D1CF6834
:1064000022F4006242EA072222F48062A84201D00C
:10641000B04207D14D6923F4405343EA05138D6917
:1064200043EA05134360C4614968C1630262F0BD79
:10643000002C01400034014030B5046A026A22F4A5
:10644000805202624268C3690D6823F4E64343EA5E
:1064500005238D6824F4005444EA0534084DA8420D
:1064600002D0084DA84204D14D6922F4804242EA8C
:1064700085124260C36149680164046230BD000056
:10648000002C01400034014010B5036A046A24F076
:1064900001040462846924F0F00444EA021423F045
:1064A0000A020A438461026210BD10B5036A046ADD
:1064B00024F010040462846923F0A00324F47044DF
:1064C00044EA023243EA01118261016210BD000018
:1064D00010B50448FDF7C4FCBDE81040014800F0C9
:1064E000E5B90000740400200148FDF7B9BC0000C4
:1064F000BC04002010B5406A0021C185C184FDF7AD
:10650000AEFC10BD70B5446A2068406994F8411033
:10651000C0F3C0100025212904D118B1E58420461C
:1065200000F08EF82068406994F84210C0F38010A3
:10653000222904D118B1E585204600F05AF8606C94
:1065400040F0100060642046FDF789FC70BD10B576
:106550000146406A096809684FF0000289062ED496
:10656000C28501680C3151E8003F23F4807341E893
:106570000034002CF5D10168143151E8003F23F0BC
:10658000010341E80034002CF5D10168143151E8D1
:10659000003F23F0400341E80034002CF5D12021D6
:1065A00080F84210016B012909D101680C3151E8D2
:1065B000003F23F0100341E80034002CF5D1426382
:1065C000016B012902D0FDF7BDFE10BD818DFDF7E5
:1065D0000DFC10BD10B5406A01214163016B01291A
:1065E00002D0FEF78FF810BD818D4908FDF7FEFB44
:1065F00010BD01680C3151E8002F22F4907241E87F
:106600000023002BF5D10168143151E8002F22F04E
:10661000010241E80023002BF5D1016B012909D1CA
:1066200001680C3151E8002F22F0100241E80023EC
:10663000002BF5D1202180F8421000210163704722
:1066400001680C3151E8002F22F0C00241E800231C
:10665000002BF5D1202180F84110704708B590F843
:106660004210222901D0022008BD82684FF48053D5
:106670009A4201D1016921B1816A9A421BD04AB183
:106680000AE00268816A5268C2F308020A80816ADD
:10669000891C08E0026972B10268526802F07F0248
:1066A0000A70816A491C8162C18D491E0904090C66
:1066B000C18503D01BE002685268F1E70168CA682F
:1066C00022F02002CA600168CA6822F48072CA609F
:1066D00001684A6922F001024A61202180F84210D3
:1066E00000214163026B012A03D0FDF72BFE00203D
:1066F00008BD016301680C3151E8002F22F010023F
:1067000041E80023002BF5D101680A68D20602D5C2
:106710000A6849680091818DFDF768FBE7E7000092
:1067200070B5044600680169E26821F440511143E4
:1067300001612169A0680843616908432168CA684A
:1067400041F20C639A430243CA6020684169A2691E
:1067500021F44071114341611E492068884202D1F1
:10676000FCF776FE01E0FCF763FE00EBC00101EBF5
:106770000012606864218000B2FBF0F3B3FBF1F318
:106780006FF018067343B2FBF0F5B2FBF0F605EBC1
:106790008305322303EB0515B5FBF1F5B6FBF1F6E6
:1067A00005F0F00505EB0615B2FBF0F6B2FBF0F0D4
:1067B000B0FBF1F06FF01802504306EB800003EBE2
:1067C0000010B0FBF1F0216800F00F002844886051
:1067D00070BD00000038014038B5816204468285F2
:1067E000002013466064222284F84220E56B1B4A95
:1067F000AA62E56B1A4AEA62E56B1A4A2A63E26BFF
:1068000050630A462168E06B091DFCF791F8206887
:10681000016840680090206948B120680C3050E859
:10682000001F41F4807140E80012002AF5D1206871
:10683000143050E8001F41F0010140E80012002A26
:10684000F5D12068143050E8001F41F0400140E8C5
:106850000012002AF5D1002038BD00004F65000865
:10686000D56500080565000881628285C285002122
:106870004164222180F84210016921B10168CA688F
:1068800042F48072CA6001684A6942F001024A61BA
:106890000068C16841F02001C1600020704700001D
:1068A0000148FDF7DDBA00004C05002038B511485D
:1068B0001149006888421CD10168C943C90618D42F
:1068C0000168406800900B48FDF791FA0B4800689A
:1068D0004068C0F1FF00C4B2FEF7A4FC214608489E
:1068E000F9F70FFEBDE83840FF2205490148FDF7E2
:1068F0000DBD38BD74040020004C004094050020FC
:10690000381F0020FEE70000294810B50378002159
:10691000284A062B37D2DFE803F00308162030425E
:10692000D2F80011012913D02DE083885B1C9BB2A3
:106930008380052B27D1D2F80021012A01D0818044
:1069400006E0022214E0D2F80011012902D003214E
:10695000017018E08188491C0DE08288B2F5C87F7B
:1069600003D901708180022010BD052A02D90422BA
:10697000027000E00170818005E083885B1C9BB29F
:106980008380262B01D0002010BDD2F80021012ADF
:1069900003D001708180012010BD0522E8E7D2F804
:1069A0000021012AD6D081800170032010BD000093
:1069B0007800002000002142490050EAC12018BFA1
:1069C00004204A0D18BF40F0010040F2FF72B2EB04
:1069D000515F08BF40F00200012808BF0520704742
:1069E0000907090E002804DB00F1E02080F80014FC
:1069F000704700F00F0000F1E02080F8141D704790
:106A00002DE9F0414F1E00EBC7010446D1E900011A
:106A100015461E4637F006020DD02A46334603F0CF
:106A200055FD7F1E04EBC703D3E9002303F0A4FA4E
:106A300037F00602F1D1022F25D0042F13D0062FF4
:106A400018BFBDE8F0812A46334603F03FFDD4E984
:106A50000A2303F091FA2A46334603F037FDD4E9BE
:106A6000082303F089FA2A46334603F02FFDD4E9C0
:106A7000062303F081FA2A46334603F027FDD4E9C2
:106A8000042303F079FA2A46334603F01FFDD4E9C4
:106A9000022303F071FA2A46334603F017FDD4E9C6
:106AA0000023BDE8F04103F067BA0000002213465E
:106AB0001046014903F01CBB0000F03F012204F026
:106AC00092BB03F059BA002213461046114603F058
:106AD0000FBB40F2013200204FF0E04104F083BBD5
:106AE000024A0020110704F07EBB000001FDFFFFF9
:106AF00030380A2801D201207047002070477047C3
:106B00002DE9FE4F07460E460025684601F038F98C
:106B100000246FF00F0AE8464FF0010957F82400EF
:106B200056F82410401A00D5404204F07DF9514631
:106B300004F087FB58F8241011F0FF4F0BD004F03D
:106B400075F84FF07E5104F0A5FA0A4920F0004094
:106B5000884205DC07E0084908440849884202D316
:106B600009FA04F00543641C032CD7DB2846BDE872
:106B7000FE8F0000295C0F3E666666C19A99D900B7
:106B80002DE9F04D8D4F21F0004A86B005460C46A8
:106B9000BA452ADBAAEB070028430AD08848824579
:106BA00001DC1AD1CDB106B02846BDE8F04DFFF7A3
:106BB00085BF844A844B284603F088FC07460E466E
:106BC000824A834B2846214603F080FC06B03A46B1
:106BD0003346BDE8F04D03F0CFB90120F9F738FD99
:106BE00006B0BDE8F04DFFF76EBF7A48824542DA45
:106BF000BAF1795F0BDA2846FFF7DEFE042808BFFA
:106C0000FFF76EFF284606B02146BDE8F08D2A4604
:106C10000B46104603F05AFC834602466E480E4669
:106C20000B4606217844FFF7EBFE5A46334603F045
:106C30004DFC804669488A465A46334604217844CA
:106C4000FFF7DEFE5A46334603F040FC00223B4687
:106C500003F092F902460B464046514603F048FACB
:106C60002A46234603F032FC06B02A462346BDE8F6
:106C7000F04D03F081B9284624F0004100223D4642
:106C80003B4603F057FD4FF0FF3204F0ACFA0646E6
:106C9000024653480F460B4606217844FFF7B0FEE4
:106CA00032463B4603F012FCCDE900014D48324626
:106CB0003B4604217844FFF7A3FE32463B4603F0EF
:106CC00005FC00222B4603F057F98346029130461B
:106CD000394603F0E3F8804643480D46504517DC3B
:106CE000DDE900015A46029B03F002FA42462B46B8
:106CF00003F0ECFB42462B4603F03EF9012204F080
:106D000072FA304A304B03F007FE304A304B4CE009
:106D10004FF0000A52460B46404603F02DF9CDE9EC
:106D2000031052462B461046194603F0CFFB32465D
:106D30003B4603F0FFFCDDE9033203F0D9F90646D8
:106D40000F46DDE900015A46029B03F0D1F9834664
:106D5000009101223046394604F045FA194A1A4B8F
:106D600003F0E8FC06460F4601224046294604F09F
:106D70003AFA5A46009B03F0A9FB32463B4603F021
:106D8000CBFD06460F4601225046294604F02BFA59
:106D90000E4DDFF858802A46434603F0CBFC3246BE
:106DA0003B4603F0C7FC2A46434603F0C3FC002CD5
:106DB000D8BF81F0004106B0BDE8F08D0000F03F83
:106DC0000000F07F075C143326A6913C182D445434
:106DD000FB21F93F0000E03F385E00004E5E0000FE
:106DE000C25D0000D85D00003333EF3FFB21E93F77
:106DF0002DE9F84F04460D4621F0004000917349FB
:106E0000814211DC7249884201DC06D12CB1204656
:106E10002946BDE8F84FFFF751BE6E48002DCCBFA4
:106E20006D496E49BDE8F88F6D49814211DD6D49AC
:106E30008142D8BF4FF0FF366DDD20462946FFF76F
:106E4000BBFD042808BFFFF74BFE20462946BDE8DE
:106E5000F88F6549654F25F00045814233DD64496F
:106E6000814219DD002632464FF0804320462946F4
:106E700003F082F880468A4601222046294604F023
:106E8000B2F900223B4603F047FD4246534603F069
:106E90002FF904460D463EE001260022BA463B4645
:106EA0002046294603F068F880460F4600225346E4
:106EB0002046294603F030FD42463B4603F018F9D0
:106EC00004460D4627E04B4981421BDDDFF828A12F
:106ED0000226002253462046294603F0F7FA0022F4
:106EE0003B4603F049F880460F46002253462046B1
:106EF000294603F011FD42463B4603F0F9F80446EB
:106F00000D4608E0032622462B4600203B4903F0AD
:106F1000EFF804460D4622462B461046194603F06C
:106F2000D5FA8B46824602460B4603F0CFFA074657
:106F30000246334888460B4606217844FFF760FD39
:106F400052465B4603F0C2FA82462E488B463A46CA
:106F5000434605217844FFF753FD3A46434603F084
:106F6000B5FA02460B46002E504659460CDA03F09D
:106F700003F822462B4603F0A9FA01B022462B461D
:106F8000BDE8F04F03F0D6BB02F0F6FF22462B46D9
:106F900003F09CFA1C4A7A4402EBC603D3E90023AF
:106FA00003F0BAFC22462B4603F0B6FC174A7A449B
:106FB00002EBC603D3E9002303F0BCFB009A002ACE
:106FC000B8BF81F00041BDE8F88F00000000104418
:106FD0000000F07F182D4454FB21F93FFB21F9BF3D
:106FE0000000DC3F0000203E0000F33F0000F03FC7
:106FF0000000E63F008003400000F83F0000F0BFC3
:10700000625C0000205C0000BE5B0000865B00004C
:107010002DE9F04D9446CCF1000423F000464CEAF3
:107020000404524F46EAD4749A46884621F000423E
:10703000BC4206D8454240EA050442EAD474BC4248
:1070400004D9BDE8F04D6246FFF73BBDAAF14055BB
:10705000A5F17F6555EA0C040BD0022404EAAA745A
:10706000434DDFF810E144EAD87452EA000B04D033
:107070000CE0BDE8F04DFFF7BBBE002C14BF012CA7
:10708000BDE8F08D022C30D0032C32D056EA0C0B28
:107090000AD0BE4220D1BA4209D126F0804622F061
:1070A00080423346114617E000291ADB25E0DFF85D
:1070B000C8B0FB44002C04BFDBE90001BDE8F08D43
:1070C000012C02BFDBE9000181F00041BDE8F08D39
:1070D000022C0AD0032C0CD0BA4212D1B8F1000F06
:1070E0000BDA23482549BDE8F08D28462449BDE840
:1070F000F08D28467146BDE8F08D1D482149BDE858
:10710000F08D921B12153C2AC4BF19481D490EDC94
:10711000BAF1000FBEBF12F13C0F0020014606DBA2
:10712000624602F0E5FF21F00041FFF761FE002C0E
:1071300008BFBDE8F08D012C04BF81F00041BDE81F
:10714000F08D114A114B022C07D003F0E5FB2A46C3
:10715000BDE8F04D0A4B03F0DFBB03F0DDFB2A4630
:10716000BDE8F04D064B03F0E5BA00000000F07FEB
:10717000182D4454FB2109C01A5B0000FB21F9BF04
:10718000FB210940FB21F93F075C143326A6A13CF3
:107190002DE9F04391B020216846F9F7B2F9754D19
:1071A000A879697900EB012003F040F9724C0022C4
:1071B000234602F09DFF02F0ADFE074695F8380029
:1071C00095F8371000EB012003F030F90022234638
:1071D00002F08EFF02F09EFE0446202108A8F9F777
:1071E00090F96648DFF89881874207DD6548844258
:1071F00004DA4146204603F0A5FC0446002620465A
:10720000394603F047FFF11E04F01BF8814608AC35
:10721000304603F021FE0146484603F065FE39463C
:1072200003F090FC414644F82600884203DD03F059
:1072300031FF44F82600761CF6B2082EE8D3002071
:107240000BE0102860D2DFE800F0080813131E1EC0
:10725000292934343F3F4A4A555500EB400129441F
:10726000009A0B7AC9791A4402EB012100914BE094
:1072700000EB40012944019A0B7AC9791A4402EBC8
:107280000121019140E000EB40012944029A0B7A70
:10729000C9791A4402EB0121029135E000EB40016B
:1072A0002944039A0B7AC9791A4402EB012103910C
:1072B0002AE000EB40012944049A0B7AC9791A4468
:1072C00002EB012104911FE000EB40012944059AE3
:1072D0000B7AC9791A4402EB0121059114E000EB05
:1072E00040012944069A0B7AC9791A4402EB01211C
:1072F000069109E000EB40012944079A0B7AC9790D
:107300001A4402EB01210791401CC0B2102898D307
:107310001D4A1E4900201378EC4600BF1D1801EBE2
:10732000C50754F820607E605CF82060401C760839
:10733000C0B221F835600828F0D30833D8B21070F5
:10734000E12813D30B4B002013F13C0301EBC004E5
:1073500003EBC00564686C6031F8304023F83040BE
:10736000401CC0B2E128F1D30020107011B0BDE87C
:10737000F0830000F4170020000059400000AF43E4
:107380000000B4430000504160010020EC100020D8
:107390004FF0E020016921F0040101610348092157
:1073A000017042F2283141807047000088010020BE
:1073B0000B49498848434FF0E021486100228A6127
:1073C000086940F0010008610869C30701D0C003E3
:1073D000FAD5086920F0010008618A617047000051
:1073E000880100200B49097848434FF0E0214861AB
:1073F00000228A61086940F0010008610869C3073A
:1074000001D0C003FAD5086920F0010008618A6143
:10741000704700008801002008B560B120208DF879
:10742000000028208DF8010030208DF8020038205F
:107430008DF8030004E0A32204216846F9F737F829
:107440006A46042140F69E2001F096FD01F05CFAA8
:1074500008BD00003EB5044602208DF80000CA2099
:107460008DF80100E3208DF8020009208DF803005B
:107470006A460421682001F07FFDA3208DF80000FA
:10748000610609D5C0218DF80110C8218DF80210C0
:10749000C2218DF8031005E08DF801008DF802007F
:1074A0008DF8030014F4C07F09D0C4218DF80410B6
:1074B000CC218DF80510C6218DF8061005E08DF859
:1074C00004008DF805008DF806008DF808008DF891
:1074D00007008DF809006A460A2140F6A72001F04E
:1074E0004BFDA0074FF0D80503D020208DF80000F9
:1074F00001E08DF800506A46012140F6B62001F007
:107500003BFDA00601D5012000E0002000F08EF830
:1075100014F4C07F1ED0E0050AD5B2208DF800001B
:107520008B208DF80100B6208DF802009B2009E029
:10753000B0208DF8000080208DF80100B4208DF877
:10754000020090208DF803006A46042140F6A22034
:1075500001F012FDE1074FF40B6022D0F8218DF805
:1075600000106A46012101F007FDFA21072000F012
:1075700039FB072000F004FB012000F021FB642010
:1075800000F0C4FB4FF4FA7000F0D0FBC82125488E
:1075900000F0BEFA282000F0D3FA0A2000F0E0FA4A
:1075A00005E08DF800506A46012101F0E5FCA007D6
:1075B00003D5D9208DF8000001E08DF800506A460F
:1075C000012140F23D7001F0D7FC600701D5012098
:1075D00000E0002000F048F8E00601D5012000E0BE
:1075E0000020FFF719FF104D44F00800688101F0FA
:1075F0008BF90020A873600601D50620A87314F447
:10760000C07F02D0A87B801DA87314F0140F02D095
:10761000A87B1030A873A00702D0A87B001DA87318
:1076200000203EBD09E3CA02D80900200EB54FF480
:10763000976310B106A107C901E008A207CA8DE847
:1076400007006A460921184601F096FC0EBD0000AD
:10765000B8AAB38DB4980D355D000000B8AAAAAAE7
:10766000B088C3C5C700000008B560B1C0208DF860
:107670000000C2208DF80100C4208DF80200C62051
:107680008DF8030004E08B2204216846F8F70FFF11
:107690006A46042140F6982001F06EFC01F034F9AE
:1076A00008BD0000C8234FF48062024940F6F6305E
:1076B00001F00CB8B0BD00082DE9FF4F89B01746A6
:1076C000DDE9165200244C4E884681462C80A246A5
:1076D000B07B694601F0A6F84FF0FF3B18B1584661
:1076E0000DB0BDE8F08F708910F0140F3CD00099F8
:1076F00009BA21F0FF039DF803100B433B60019989
:107700001B1409BA21F0FF029DF807105B430A43DE
:107710007A6002999DF80B4009BA21F0FF012143DC
:10772000B960039C091424BA24F0FF0C9DF80F40A3
:1077300012144CEA040CC7F80CC04FEA2C4749431A
:1077400002FB023207FB071111441024A1F1706102
:10775000B1F1007F04D901F0D7F8A5F800A0BEE789
:10776000298841F4807129804206694611D50A1999
:10777000A41D13885BBAA8F8003053885BBAA8F838
:107780000230928852BAA8F804202A8842F00802EF
:107790002A8010F4C07F11D00A19A41D13885BBA87
:1077A000A9F8003053885BBAA9F80230928852BA1F
:1077B000A9F804202A8842F070022A80800716D097
:1077C0000C44E07800F0C00500F03F016078C0078D
:1077D00006D0C80801F007013268491C02B1904781
:1077E0006078000703D5716809B1A80988470C982B
:1077F00001F03AFC002073E7D80900202DE9FF4191
:10780000044603A800F018FEBDF80C00410CC303A9
:107810002F48028902F00300550754F8200000D5D4
:107820004042C2F3C105960654F8255000D56D427A
:10783000C2F38116D20554F8264000D56442A0FB5D
:107840000367C21702FB037200FB0120820042EAB9
:107850009670A5FB0367EA1702FB037205FB012282
:10786000950045EA9672A4FB0367E51705FB0373D1
:1078700004FB01318B0043EA9671030E8DF8003052
:10788000030C8DF80130030A8DF802308DF80300E7
:10789000100E8DF80400100C8DF80500100A8DF8FC
:1078A0000600080E8DF80800080C8DF80900080A7B
:1078B0008DF80A008DF807208DF80B106A460C2110
:1078C0004FF4257001F058FB04B0BDE8F0810000D2
:1078D000D809002030B5044613A285B007CA8DE848
:1078E00007004FF0FF35C82C16D8C820B0FBF4F1C4
:1078F000491E080A8DF80C008DF80D1003AA02210C
:1079000040F2162001F038FB30B96A460C2140F6EF
:10791000C12001F031FB10B1284605B030BD05484B
:1079200084810020F9E70000FEF2ABC4AAF1DFDF9A
:10793000BBAFDFDFD8090020F8B53049098901F075
:10794000030250F822404A0700D56442C1F3C10245
:107950008B0650F8222000D55242C1F3811350F813
:107960002330C80500D55B42254984FB01408500D2
:1079700045EA947082FB0142A40F44EA820483FB2F
:107980000121950F45EA8105010E8DF80010010CCB
:107990008DF80110010A8DF802108DF803006A4677
:1079A00004214FF4747001F0E7FA4FF0FF3688B904
:1079B000200E8DF80000200C8DF80100200A8DF8B3
:1079C00002008DF803406A4604214FF4757001F0FF
:1079D000D3FA08B13046F8BD280E8DF80000280C07
:1079E0008DF80100280A8DF802008DF803506A46D0
:1079F00004214FF4767001F0BFFAF8BDD8090020D9
:107A000009E3CA022DE9FF4104463CA004F0030348
:107A1000006802903AA0006803903AA006683AA075
:107A2000056802A8C15C8DF80010C4F3C101425C76
:107A30008DF80120C4F38112805C8DF8020003A848
:107A4000C35C8DF80430415C8DF80510805C8DF8C6
:107A500006006A46032140F2264001F08DFA4FF0FD
:107A6000FF37E0BB01AA032140F22A4001F084FA6B
:107A7000A8BBCDE9006560070BD59DF8000040F07C
:107A800001008DF800009DF8040040F001008DF821
:107A90000400A0060BD59DF8010040F001008DF810
:107AA00001009DF8050040F001008DF80500E0059B
:107AB0000BD59DF8020040F001008DF802009DF802
:107AC000060040F001008DF806006A4603214FF4DD
:107AD000886001F051FA10B901AA032100E004E026
:107AE00040F2314001F048FA18B1384604B0BDE820
:107AF000F081064804810020F8E700004CCD6C00BE
:107B00000CC92C003656760026466600D80900209F
:107B10004FF47A7290FBF2F008B54843010E8DF8ED
:107B20000010010C8DF80110010A8DF802108DF87B
:107B300003006A4604214FF4AE7001F01DFA08BD3F
:107B40000521B0FBF1F008B5010A8DF800108DF8A1
:107B500001006A4602214FF4AD7001F00DFA08BD34
:107B60000521B0FBF1F008B5010A8DF800108DF881
:107B700001006A4602214FF4AC7001F0FDF908BD26
:107B800008B500218DF80010C10702D030218DF812
:107B90000010810705D59DF8001041F00C018DF80B
:107BA0000010400705D59DF8000040F003008DF857
:107BB00000006A4601214FF4A47001F0DDF908BD10
:107BC00008B560B1042800D90420401E8DF80000DB
:107BD0006A46012140F24F1001F0CEF908BD0120A4
:107BE000F3E700002DE9FC41054640074FF0FF3662
:107BF0007CD0B1F5C86F79D8084603F02DF93E491D
:107C000003F014F8074601A800F0F8FB9DF8040003
:107C1000022806D004280DD008282ED0102865D1BF
:107C200034E00E21384603F00CFB03F0DDF884B29B
:107C3000324907E00D21384603F003FB03F0D4F886
:107C40002F4984B2384603F04FF903F0CDF8210AEA
:107C50008DF8001080B28DF80140010A8DF80210F5
:107C60008DF80300E8076C4620D0224602214FF42D
:107C7000EA7001F081F9C8BB11E00C21384603F02D
:107C8000E0FA03F0B1F884B21E49DBE70B21384675
:107C900003F0D7FA03F0A8F884B21B49D2E7A21C7C
:107CA00002214FF4927001F067F9F8B9A8070DD5D9
:107CB0006A4602214FF4EC7001F05EF9B0B9A21CE3
:107CC00002214FF4947001F057F978B9680710D584
:107CD0006A4602214FF4EE7001F04EF930B9A21C51
:107CE00002214FF4967001F047F910B13046BDE81B
:107CF000FC810020FBE700000000484300004046F4
:107D00000000C045000040450000C0440521B0FB14
:107D1000F1F008B5010A8DF800108DF801006A46EF
:107D200002214FF4EF7001F027F908BD0521B0FBE7
:107D3000F1F008B5010A8DF800108DF801006A46CF
:107D400002214FF4ED7001F017F908BD09490A78D6
:107D5000C1B23AB1084A13685B06FCD5064A121D47
:107D600011607047054A13685B06FCD5034A121D73
:107D7000F6E7000005000020003801400048004000
:107D80002DE9FE430646264801AB042240680D213A
:107D9000007800F03FFA10B10720BDE8FE839DF89F
:107DA00004101C2000EAD1029DF80710DFF874903F
:107DB000C1F301131A438DF800209DF80520C1F38B
:107DC000810300EAD2021A438DF801209DF80620B3
:107DD00001F0030100EAD20008430024124F8DF89D
:107DE0000200A0466D46285D10B146F824900AE0D6
:107DF00046F824800DE000BF56F82400394603F011
:107E000073F846F82400285D401E10F0FF00285546
:107E1000F2D1641CE4B2032CE5D30020BDE70000DE
:107E2000880000207B14AE3E1D5A843F2DE9FE4F92
:107E300005460120C14E8DF800004FF000088DF876
:107E4000018030680C461746817C70686B460222C0
:107E5000007800F017FA4FF0FF3A00287AD1C820D6
:107E6000FFF7A6FA8DF8008030686B460122C17BCF
:107E70007068007800F006FA0028EFD130686B4691
:107E8000012241797068007800F0FCF90028E5D102
:107E900030686B460122817C7068007800F0F2F94E
:107EA0000028DBD130686B460122C17D7068007804
:107EB00000F0E8F90028D1D130686B460122017941
:107EC0007068007800F0DEF90028C7D14FF00C0987
:107ED0008DF8009030686B46012201797068007857
:107EE00000F0D0F9002835D10F20FFF761FAB06A11
:107EF0006B460122407A8DF8000030688178706806
:107F0000007800F0BFF9002824D1B06A6B46012246
:107F1000007A8DF80000306841787068007800F0D1
:107F2000B1F9002873D1B06A807A0FB140F0E00057
:107F30008DF8000030686B46012281797068007806
:107F400000F0A0F9002862D12FB1B06AC07A40F0E9
:107F5000E00001E04AE018208DF8000030686B4630
:107F60000122C1797068007800F08CF9F0BB17B17C
:107F7000C820FFF71DFA40208DF8000030686B46DE
:107F8000012201797068007800F07CF970BB7820DC
:107F90008DF8000030686B460122417970680078E6
:107FA00000F070F910BB3220FFF702FA8DF8008064
:107FB000306847466B46417970680122007800F0CE
:107FC00061F998B931687068B046897A00786B4673
:107FD000022200F01FF948B9BDF80000AF6040BAB6
:107FE000B0FBF9F06F60C6B22F6000E00FE0A76051
:107FF00067602760002739E0D8F80010D8F804003F
:108000006B46C97A00780C2200F004F910B1504692
:10801000BDE8FE8FBDF80000236840BA02B2BDF88B
:108020000200BDF804101A44226040BA626800B22F
:108030001044606049BAA06809B20844A060BDF865
:1080400006002B6840BA02B2BDF808001A4440BAD4
:1080500001B2BDF80A002A606A6840BA114469603A
:10806000A96800B208447F1CFFB2A860B742C3D31E
:1080700028688322C117090441EA10410004002343
:10808000F8F7F5F832460023F8F7F1F82860686849
:108090008322C117090441EA104100040023F8F7C4
:1080A000E6F832460023F8F7E2F86860A868832211
:1080B000C117090441EA104100040023F8F7D7F87A
:1080C00032460023F8F7D3F8A86020684FF4006523
:1080D000C117090441EA104100042A460023F8F7B9
:1080E000C6F832460023F8F7C2F8206060682A46D6
:1080F000C117090441EA104100040023F8F7B7F85A
:1081000032460023F8F7B3F86060A0682A46C1172A
:10811000090441EA104100040023F8F7A8F83246A8
:108120000023F8F7A4F8A060002802DDA0F5803055
:1081300001E000F58030A060002069E788000020A1
:108140002DE9F84F81462E488846002540686B4649
:10815000032200780D2100F05DF810B10720BDE882
:10816000F88F9DF80000002400F01F008DF800003B
:108170009DF801006FF00F0B00F01F008DF801005B
:108180009DF802006E4600F01F008DF802004FF0CF
:10819000010A00BF59F8241058F82400081A00D525
:1081A000404202F041FE594603F04BF80746305D6D
:1081B000C0B1144802E0144902F096FE315D491E38
:1081C00011F0FF013155F6D10146384602F02EFD7F
:1081D0004FF07E5102F05EFF0C4920F000408842D3
:1081E00005DC07E00A483844B0F1D97F02D90AFA21
:1081F00004F00543641C032CCCDB2846AFE70000E9
:10820000880000200000C84154E3853F295C0F3EF0
:108210000000E0BE2DE9F0411D4614460F4606461B
:10822000FCF738FBB0B17006000EFCF703FBFCF75F
:1082300079FB90B13846FCF7FDFAFCF773FBFCF7CD
:1082400029FB012000EB4600C0B2FCF7F3FAFCF773
:1082500069FB0FE00120BDE8F081FCF743FBF9E783
:10826000012C0DD05FF00100FCF7AEFA641E05F89A
:10827000010BE4B2002CF3D1FCF734FB0020EAE759
:108280000020F1E72DE9F0411E4615460F46044651
:10829000FCF700FB68B16006000EFCF7CBFAFCF7B8
:1082A00041FB48B13846FCF7C5FAFCF73BFB00241C
:1082B0000CE00120BDE8F081FCF714FBF9E7305D2C
:1082C000FCF7B8FAFCF72EFB10B1641CAC42F6DBED
:1082D000FCF708FB0020EDE790F90010002902DD13
:1082E0004FF00000704702DA4FF00400704790F939
:1082F0000110002902DD4FF00100704702DA4FF053
:108300000500704790F90200002802DD4FF00200DE
:10831000704702DA4FF0060070474FF007007047D1
:10832000FAF78AFEFDF74AFFFDF71CF8FDF7CCF8D7
:10833000FDF7FCF9FDF716FAFDF774F9FDF738F9CA
:10834000FCF7DEFFFCF7F8FFFDF7A6F9FDF7CCF927
:108350000220FCF7E9FB0120FCF7E6FBFFF718F829
:10836000F9F774FAFDF79EFBFCF788FFF9F7D8FAE6
:108370000B4D0C4C0026287840B1F9F7E9FB20683A
:108380000028F8D0FCF7B2FE2660F4E7687810B158
:10839000F9F79EF96E7000F071FEFDF761FDEEE7F2
:1083A00005000020640100202DE9F041124C20F06E
:1083B0000101002594F8240010B10020BDE8F081EF
:1083C000A07A4FF0FF3668B10840277C20748842BD
:1083D00000D0354641B1012001F034FD00F094FA9F
:1083E00038B127743046E9E7207D00B1012001F063
:1083F00029FD2846E2E70000880000200D494A7A5E
:1084000042B1012A08D0022A0FD0032A0FD04FF020
:10841000FF307047022200E004220270C97C11B1D3
:108420001106C90D0170002070470822F5E71022DF
:10843000F3E70000880000200F494A7A42B1012A80
:1084400009D0022A11D0032A12D04FF0FF30704712
:108450004FF4804201E041F69C720280C97C11B168
:10846000C2F34E010180002070474FF48052F4E7C0
:108470004FF40062F1E70000880000200B49097A00
:1084800039B1012907D002290AD003290BD00021D4
:1084900003E0FA2101E04FF4FA71018000207047F7
:1084A0004FF47A71F9E74FF4FA61F6E7880000209B
:1084B0000A49097A41B1012908D002290AD00329C1
:1084C0000AD04FF0FF307047054900E005490160D0
:1084D000002070470449FAE70449F8E788000020C3
:1084E00000000343000083423333034233338341AC
:1084F0000C49C97A072913D2DFE801F01204060AF1
:108500000C0E1000BC2100E06221018000207047A9
:108510002A21FAE71421F8E70A21F6E70521F4E712
:108520000021F2E788000020054991F8242012B1CB
:108530004FF0FF307047C98901800020704700006C
:10854000880000202DE9FC414C4C80208DF8000073
:1085500020686B460122817C60680078FFF792FEFC
:108560004FF0FF37002832D16420FEF721FF0025AD
:108570008DF8005020686B460122817C606800788D
:10858000FFF780FE002870D120686B460622817DAF
:1085900060680078FFF73EFE002866D19DF8050070
:1085A0009DF80310C007400F01F0010140EA4101AE
:1085B0009DF801004FF0010600F00100014309D0D1
:1085C000012905D0022915D02DA0F7F775FE4CE042
:1085D000E67410E020686B460122C178606800787C
:1085E000FFF718FE40BB9DF8000010F00F0020D0F0
:1085F000042822D0E574FF2004F80A0F4FF6FF711B
:1086000004F8020C04F8010C6070A180A0712072C3
:10861000A67026766576E572A572E56025616561CE
:10862000A576E576A5834FF4FA6000F06BFB18B9E8
:1086300007E01D48F7F740FE17E01CA0F7F73CFEE7
:10864000C6E7022000F080FA78B92A2000F0C2FBC9
:1086500058B9322000F0F4FB38B90020FFF7A4FE2F
:1086600018B9002000F0A4FA10B13846BDE8FC812A
:10867000002000F025FC0020F8E700008800002022
:10868000556E737570706F7274656420736F667465
:10869000776172652070726F64756374207265769D
:1086A0002025642E0A0000006CCC000848616C662E
:1086B0002073656E7369746976697479207061726C
:1086C0007420666F756E642E0D0A00002DE9FF4F51
:1086D000DFF89480064685B098F8250015460F46C9
:1086E0004FF0FF39B0BBAFB3002420E0301B10289F
:1086F00000DD102080B283463A190146924620469A
:1087000000F03AFC30BB6A465946204600F0D2F8E9
:1087100000BB50465A466946F7F79DFE20B16FF000
:10872000010009B0BDE8F08F04EB0B0084B2B44245
:10873000DCD3280A8DF810008DF81150D8F800000D
:10874000444604AB817ED8F8040002220078FFF78B
:1087500099FD08B14846E4E7012084F8250008980F
:10876000E0840020DDE70000880000202DE9F843C8
:1087700005464FF0FF39282844D80727284C002603
:108780007DB1012000F0F4FA20208DF800004FF0B8
:108790000108012D17D0052D18D88DF8018005206E
:1087A0001FE0002000F0E4FA8DF800608DF8017001
:1087B00020686B460222817C60680078FFF762FDCA
:1087C00000BB267529E08DF80160E8E7142D04D878
:1087D00002208DF801000A2003E003208DF801003B
:1087E000142000F0F7FA9DF801006B4607EB8010AB
:1087F0008DF8010020680222817C60680078FFF714
:1088000041FD10B14846BDE8F8830820A0722673E8
:1088100084F814800020FFF7C7FD0020F3E7000074
:10882000880000202DE9F843214C0646174694F8AD
:10883000240089464FF0FF3890B3A07A80B32068B7
:108840006B460222817A60680078FFF7E3FC38BB50
:10885000BDF8000045BAB54202D2002038701FE0D2
:1088600060684188B5EB510F11D9216800786B46DB
:10887000497C0122FFF7CEFC90B99DF80000C006AC
:1088800005D500F041F86FF00100BDE8F8832068DD
:10889000F2B24B46C17A60680078FFF7BBFC08B1C2
:1088A0004046F2E7B5FBF6F0401E38700020ECE7DA
:1088B00088000020F8B516000D464FF0FF371FD096
:1088C000104CA17AE1B1010A8DF80010C0B28DF808
:1088D0000100411960684289914211D821680078ED
:1088E0006B46097E0222FFF7CDFC48B92068EAB248
:1088F0003346417D60680078FFF78CFC002800D08B
:108900003846F8BD88000020F8B5524C4FF0FF36CD
:10891000A07A00287CD000258DF8005020686B4696
:108920000122C17B60680078FFF7ACFC00286FD1A2
:1089300020686B460122417960680078FFF7A2FC4D
:10894000002865D120686B460122017960680078B3
:10895000FFF798FC00287AD194F82400C8B30C20C3
:108960008DF8000020686B4601220179606800786C
:10897000FFF788FC00286AD1C0208DF80000A07A9B
:10898000C00702D0E0208DF8000020686B4601226D
:10899000017960680078FFF775FC002857D1607C8A
:1089A00018B102208DF8000001E08DF80050206819
:1089B0006B460122C17B60680078FFF763FC38BB1F
:1089C0008DF8005020686B4601224179606800787C
:1089D00039E0FFE704208DF8000020686B46012293
:1089E000017960680078FFF74DFC88B9A07C80B9F8
:1089F000A07AC0070DD060208DF8000020686B467B
:108A00000122017960680078FFF73CFC00B902E0C0
:108A10001DE04020F0E7607C18B101208DF80000D7
:108A200001E08DF8005020686B460122C17B606830
:108A30000078FFF727FC50B92068064B01224179E6
:108A4000606810330078FFF71DFC002800D0304626
:108A5000F8BD0000880000202DE9F047394C82461F
:108A60008AB094F824000F4620B1002000F00EF9DF
:108A7000012600E0002607A8FFF700FD06A8FFF783
:108A8000BDFC09A8FFF734FD08A8FFF74DFD94F8D9
:108A90000A9094F810800025002239465046FFF7CE
:108AA000C5F910B16D1C022DF6DB022D1AD0002580
:108AB000012203A96846FFF7B9F910B16D1C022D18
:108AC000F6DB022D0ED003A93846FEF719F8C7B21F
:108AD00069465046FFF734FB10F0FF0F4FF00005DA
:108AE00002D002E0002503E001250FB945F00205A0
:108AF000FF2020726072E0724FF6FF71E181A07278
:108B0000207401202073BDF81C0000F0FBF89DF8D4
:108B1000180000F019F8BDF8240000F05BF9BDF86A
:108B2000200000F08DF9484600F0CAF94046FFF7F2
:108B30003BFC16B1012000F0A9F80AB02846BDE8B8
:108B4000F08700008800002038B5184C4FF0FF3542
:108B5000A17A19B3022806D0042806D008280ED01E
:108B600010281BD10DE0002000E008208DF8000047
:108B7000607A9DF80010B0EBD10F04D005E0102012
:108B8000F4E71820F2E7002038BD20686B46012288
:108B9000C17960680078FFF775FB08B1284638BDD9
:108BA0009DF80000C0086072EDE70000880000201A
:108BB000F8B5354C0546A07CA84201D10020F8BD8F
:108BC00031484FF0FF366B46D0E900104FF00102FC
:108BD0000979007835B3FFF71DFB70BB9DF80000E5
:108BE0006B4620F020008DF80000206801220179FA
:108BF00060680078FFF746FBF8B90320FEF7D8FB62
:108C000002208DF8000094F8220078B382202BE037
:108C100020686B460122017D60680078FFF732FB17
:108C200058B92EE0FFF7F6FA38B9A07AC0079DF8D8
:108C3000000003D040F0200002E00CE020F0200013
:108C40008DF8000020686B46012201796068007889
:108C5000FFF718FB08B13046F8BD0320FEF7A8FB6C
:108C600094F8220000B180208DF8000094F82300D1
:108C70000028CDD09DF8000040F030008DF80000B5
:108C8000C6E7A5749AE700008800002038B51C4CA0
:108C900094F8241081421DD0002500B394F82500DB
:108CA000D0B1002001F0CEF80020FFF781FFE08C6A
:108CB00000F0C6F88DF8005060686B46012200781D
:108CC0002321FFF7DFFA012084F8240001F0BAF82D
:108CD000FFF71AFE002038BD4FF0FF3038BD0020EE
:108CE00001F0B0F8207C8DF8000060686B4601222E
:108CF00000782321FFF7C6FA84F82450E8E7000043
:108D00008800002038B5194C4FF0FF35A17A31B3F7
:108D1000FA2809D0B0F5FA7F08D0B0F57A7F0FD0E5
:108D2000B0F5FA6F1BD10DE0002000E008208DF8AF
:108D30000000207A9DF80010B0EBD10F04D005E0C0
:108D40001020F4E71820F2E7002038BD20686B46B9
:108D50000122817960680078FFF794FA08B128460B
:108D600038BD9DF80000C0082072EDE788000020A3
:108D700038B5174C054694F82300A84201D10020CD
:108D800038BD0DB1302000E000208DF80000A07C3F
:108D900028B19DF8000040F002008DF8000094F822
:108DA000220028B19DF8000040F080008DF80000FE
:108DB00020686B460122017D60680078FFF762FA47
:108DC00010B14FF0FF3038BD84F82350D7E70000D2
:108DD0008800002038B5194C4FF0FF35A17A31B327
:108DE000BC2801D3012010E0622801D302200CE04E
:108DF0002A2801D3032008E0142801D3042004E02A
:108E00000A2801D3052000E006208DF80000E07A52
:108E10009DF80010884201D1002038BD20686B46C3
:108E20000122817860680078FFF72CFA08B12846A3
:108E300038BD9DF80000E072EEE7000088000020D9
:108E4000F8B51E4D04464FF0FF37A87A48B395F8A1
:108E5000240030BB287D4FF47A7648B164B1282CC9
:108E600003D8E0B2FFF782FC26E00020FFF77EFC8B
:108E7000042C05D2042406E00020FFF777FCF9E774
:108E8000B44200D93446B6FBF4F0401E8DF8000021
:108E900028686B460122417868680078FFF7F2F98C
:108EA00008B13846F8BD9DF80000401CB6FBF0F054
:108EB000E8814008FFF78EFF0020F8BD8800002001
:108EC000F8B5054610F0700F4FF0000601D00120F4
:108ED00004E015B18DF8006002E040208DF800003C
:108EE000244C6B4601222068817C60680078FFF783
:108EF000C9F94FF0FF3760BB9DF8000020F040003B
:108F000020738DF80060680602D404208DF80000FC
:108F1000A80605D49DF8000040F002008DF800007E
:108F2000E80605D49DF8000040F001008DF800002F
:108F3000280705D49DF8000040F038008DF80000A7
:108F400020686B460122C17C60680078FFF79AF9BF
:108F500010B1A6723846F8BD25B1082D02D0002008
:108F6000FFF706FFA57226753220FEF721FA0020D2
:108F7000F8BD000088000020F8B516000D464FF03F
:108F8000FF371FD0104CA17AE1B1010A8DF8001013
:108F9000C0B28DF80100411960684289914211D830
:108FA000216800786B46097E0222FFF76BF948B909
:108FB0002068EAB23346417D60680078FFF762F9C5
:108FC000002800D03846F8BD880000202DE9F05F69
:108FD0009946DDF82CB00D46824691422ED10027ED
:108FE00028E0002423E00C9909FB07F0002201EBA4
:108FF0008008164648F8242016E000BF09FB06F05A
:109000000BEB80000A9A50F8241005FB07F002EBE6
:10901000800050F8260001F067FF58F8241001F096
:1090200091FD48F82400761CAE42E7DB641C4C45F9
:10903000D9DB7F1C5745D4DBBDE8F09FBDE8F05F6E
:1090400001A0F7F739B90000B4EDCEF3A3BABED84A
:10905000D5F3B5C4B3DFB4E7B2BBB6D4A3A1000067
:10906000002800DA4042704770470246012000E0C5
:109070005043491EC9B2FBD270470000F8B54FF407
:109080008061B648F7F71BFA0021B5A20846FCF745
:109090002FFEB4480C2500950288042300212820C7
:1090A000FCF7EAFDB0A200214620FCF721FEB04803
:1090B0000068012804D1AF48006808B1AEA200E002
:1090C000AEA200216920FCF713FEADA20A21002008
:1090D000FCF70EFEAC480078012804D1ABA20A21AF
:1090E0005220FCF705FEAA480078042801D0052884
:1090F00008D1A8480078012804D1A7A20A2152204B
:10910000FCF7F6FDA64CA74E2068B04207D3A6A2F6
:109110000A213020FCF7ECFD2068B04204D2A3A263
:109120000A213020FCF7E4FD206801F041FEFFF742
:1091300097FF024603230A2138200095FCF79CFD87
:109140009BA214210020FCF7D3FD9B4C2068B04269
:1091500007D395A214212A20FCF7CAFD2068B0424B
:1091600004D292A214212A20FCF7C2FD206801F04B
:109170001FFEFFF775FF02460423142132200095DD
:10918000FCF77AFD8D4CA06801F02EFE82B205231B
:10919000142152200095FCF76FFD89A21421722042
:1091A000FCF7A6FD87A21E210020FCF7A1FD864F3B
:1091B0003868002811DA7CA21E211020FCF798FDE7
:1091C0003868FFF74DFF024604231E211A20009540
:1091D000FCF752FD386800280EDB74A21E21102017
:1091E000FCF786FD3868FFF73BFF024604231E218B
:1091F0001A200095FCF740FD2068B04207D36AA210
:109200001E213C20FCF774FD2068B04204D267A206
:109210001E213C20FCF76CFD206801F0C9FDFFF722
:109220001FFF024604231E2144200095FCF724FD65
:1092300066A21E216020FCF75BFD66A228210020AB
:10924000FCF756FD644F3868002811DA56A2282131
:109250001020FCF74DFD3868FFF702FF024604239B
:1092600028211A200095FCF707FD386800280EDB3E
:109270004EA228211020FCF73BFD3868FFF7F0FED6
:109280000246042328211A200095FCF7F5FC6068AB
:10929000B04207D344A228213C20FCF729FD606896
:1092A000B04204D241A228213C20FCF721FD606895
:1092B00001F07EFDFFF7D4FE02460423282144205E
:1092C0000095FCF7D9FC41A228216020FCF710FD95
:1092D00042A232210020FCF70BFD41A232211E20C8
:1092E000FCF706FD3DA232214020FCF701FD3D4C7C
:1092F000642102232068009590FBF1F232211320B3
:10930000FCF7BAFC20680A2690FBF6F090FBF6F119
:1093100006FB1102012332212A200095FCF7ACFC48
:109320002068012390FBF6F106FB1102322108466A
:109330000095FCF7A1FC2C4C207830B10FA2322113
:109340005F20FCF7D5FC207820B928A232215F20CD
:10935000FCF7CEFCBDE8F840FCF720BCD8050020A7
:10936000414443000A00002041564F3A00000000EB
:109370000C000020100000204F5F4E004F464600BA
:10938000416E676C650000000700002050533200FA
:1093900008000020090000204C6964617200000090
:1093A00048000020000080802D0000002B000000FD
:1093B0004779726F780000004C0000203C020020CA
:1093C0006D6D00004C0000003C0000206D6D2F739F
:1093D0000000000052000000400000205600000085
:1093E0002E00000044000020040000204F4E20000A
:1093F0002DE9F04D1D460C4698B0174621F000416E
:1094000023F00043002814BF4FF0010C4FF0000C74
:109410000CEB440CFE4A0CEB02064FEA620C66456C
:109420002BD33E0018BF012606EB45061644F94A29
:10943000964222D3F84A53EA070C02D0944205D14F
:1094400048B918B000201146BDE8F08D002808BFCB
:109450004FF0000C01D04FF0010C0CEB440212F560
:10946000001F0AD8002F14BF4FF0010C4FF0000C62
:109470000CEB450212F5001F07D918B03A462B46EF
:109480002146BDE8F04DFDF71CBB0022DFF88CA3A0
:10949000002CB8BF534526DADFF884C36345A8BF64
:1094A000022220DADFF870C39C451CDCDFF874C3AD
:1094B0000CEB235CBCF1140F08DDCCF1340627FA69
:1094C00006FC0CFA06F6BE420DD108E05FB9CCF1FD
:1094D000140623FA06FC0CFA06F69E4203D10CF0A1
:1094E0000102C2F1020251EA000C19D1002D17DA73
:1094F000002C18BF022A01D0012A07D00220F7F75A
:10950000A7F818B0BDE8F04DFDF7D0BA0220F7F784
:109510009FF8FDF7CBFA18B081F00041BDE8F08D5F
:10952000B7F1000C6CD1534525D104F1804212F5FE
:10953000801201BF00280020B74918B008BFBDE85D
:10954000F08DB548884207DC002DA1BF6046294652
:1095500018B0BDE8F08D07E0281E05DA80F0004164
:1095600018B06046BDE8F08DAF497944D1E90001FB
:1095700018B0BDE8F08DDFF8A0C2634525D1002DFD
:109580001FDA19B1514512D1D8B909E0002840F0CD
:10959000EC82A24A214618B062F31E01BDE8F08DAC
:1095A0000020214618B060F31E01BDE8F08D08DAF6
:1095B00018B02346BDE8F04D02460020614600F099
:1095C00097BD18B02146BDE8F08D514518DAB5F1C8
:1095D000804F0DD0A5F1005CBCF1FF5C10D1B4F15F
:1095E000000C0DDB18B06146BDE8F04D00F056BC34
:1095F000234618B00246BDE8F04D194600F066BF9C
:10960000060024F0004C3BD1D9B1514533D1002C98
:1096100006DD002DA1BF0020514618B0BDE8F08D39
:10962000002C01DD002D1BDB002C13DA002D11DBDB
:10963000012A4FF0000014BF78497C4918B0BDE8FA
:10964000F08D022A18BF002C0AD0012A08D1002C64
:1096500006DA0AE0002CB8BF002D11DA012A04D086
:10966000002018B00146BDE8F08D18B000204FF082
:109670000041BDE8F08DA1F14050B0F17F601AD0FB
:10968000012000EBE47050EA020421D0624C521E2B
:109690004FF0000B104304BF4FF0000B644C6548C3
:1096A00083427CDD644A654893421FDD884217DBB4
:1096B000002D25DB37E0002C00DA4AB1022A0CBF6E
:1096C00001204FF0FF3018B0BDE8F04D00F097BE1C
:1096D0000120F6F7BDFF18B0BDE8F04DFDF7F3B976
:1096E0004D4A8A4202DC002D0ADC1CE0814202DA8B
:1096F000002D18DA04E0484B994220DD002D12DDE0
:109700000220F6F7A5FFFDF7E4F905460E46002214
:1097100053465846214600F0D9FE18B066F31E01A4
:109720002846BDE8F08D0220F6F792FFFDF7D8F944
:109730000A46214618B062F31E01BDE8F08D0022F2
:109740003046614601F0E8F880460E466FF00102AF
:1097500001F049FD4FF05532394B00F0EBFF424626
:10976000334600F0B3FE0022364B00F0E3FF8246A2
:109770004246334604911046194600F0A7FE524671
:10978000049B00F0A3FE8A4600904FF0C0422E4B8F
:109790004046314600F09AFE2C4A2B4B00E027E071
:1097A000CDE906015146009800F090FE82460191F5
:1097B000274A284B4046314600F088FE5246019B1E
:1097C00001F0AAF882460B4602460591DDE9060142
:1097D00000F0D2FBDDE9062300268846304601F082
:1097E0009BF85246059B00F0A5FF024600F07EB9AB
:1097F0000020B1F5801F07DA35223046614601F0BE
:10980000F2FC06466FF0340000EB215024E000002B
:10981000FFFF1F00FFFF0F000000F03F0000F07F80
:109820000000404301FCFFFF623600000000F0FF33
:109830000000F0BF0000E0410000F043FFFFEF3FF9
:109840005555D53F0000E03F4715F73FFE822B6599
:1098500044DF5DF80BAE543EA0F2FF300190C1F33F
:10986000130040F07F6141F040510291FE4988426F
:10987000D8BF002004DDFD498142C8BF012001DDC1
:109880000D9008E000200D900198401C0190029876
:10989000A0F5801002900299F54878440B910D993B
:1098A00000EBC100D0E900230F9330460A920B99D8
:1098B00001F032F8CDE90601DDE90A2130460F9BBF
:1098C00000F05AFB02460B460020EA4900F010FC6B
:1098D000059102460B460090DDE9060100F0F6FD19
:1098E0001490E5488A464FF00008784402990068D1
:1098F00012904FF0005040EA61010D980F9B01EB70
:10990000804000F5002109910A9A129801F004F8AC
:1099100032460B9B00F00EFF4246534600F0D6FD48
:109920000646029140465146099B129A00F0CEFD30
:10993000DDE9062300F0FEFE3246029B00F0ECFF5C
:10994000059B009A00F0C2FD0091149A04905346C2
:109950001046194600F0BAFD06460246C7480B46B7
:10996000029106217844FDF74BF8CDE90510029BE2
:1099700032461046194600F0A9FDDDE9053200F037
:10998000A5FD05910646534640461946149A00F037
:10999000F3FA009B049A00F099FD3246059B00F013
:1099A000EBFACDE90510424653461046194600F041
:1099B0008DFD0022B24B02910A9000F0DDFADDE944
:1099C000053200F0D9FA0E464246AD4B404600F053
:1099D000A3FF029B0A9A00F09FFFDDE9053200F029
:1099E000A9FE424602910A9033461046514600F0C5
:1099F0006DFDCDE906015346149A02990A9800F0CC
:109A000065FD8A460290334642460099049800F06C
:109A10005DFD5346029A00F0AFFA82460B460246BD
:109A20000591DDE9060100F0A7FADDE90623002033
:109A30008846064600F070FF5246059B00F07AFE0D
:109A4000824609914FF060428E4B3046414600F00D
:109A50003DFD049006918C4A8A4B5046099900F0CE
:109A600035FD82460291894A894B3046414600F0D5
:109A70002DFD5246029B00F07FFA864B7B440D9AE7
:109A800003EBC203D3E9002300F076FA0E900791AE
:109A9000019800F0B4FC0591DDE9061382460E9AA8
:109AA000049800F069FA7C4A7A440D9B02EBC303E8
:109AB000D3E900230093029200F05EFA5246059B20
:109AC00000F05AFA0026884652463046059B00F0C0
:109AD00023FF009B029A00F01FFF069B049A00F0F0
:109AE0001BFF079B0E9A00F025FE024600200B4646
:109AF00002903846294600F0E9FC824601912B4647
:109B000038461946029A00F007FF3246434600F0F5
:109B1000DDFC5246019B00F02FFA07468A4632468A
:109B200043462946029800F0D1FC05460E463A46C7
:109B3000534600F021FA594A8846914221DBA8EBAE
:109B4000020353EA000210D12A46334600F0E4FE35
:109B5000CDE90401524A534B3846514600F00CFA05
:109B6000DDE9042300F0B0FD21D20220F6F770FDFC
:109B7000FCF7AFFF0A46214618B062F31E01BDE8AC
:109B8000F08D494B28F000429A4210D3474A08EB27
:109B9000020353EA00027FF4C6AD2A46334600F0C2
:109BA000BBFE3A46534600F08FFD7FF6BCAD002267
:109BB000019228F000403E493E4A01EB205182428A
:109BC00023DA481C4FF4801121FA00F040443A4A4D
:109BD000C0F30A517A44394BA1F2FF31CB4020EA5D
:109BE0000303C0F3130040F48010C1F11401C84016
:109BF00012680190B8F1000FBCBF404201902846A6
:109C0000314600F089FE05460E462A463346384660
:109C1000514600F0B1F94FF000084246284B40464B
:109C2000059100F053FCCDE90601264A264B40463B
:109C3000059900F04BFC009102902A4633464046BD
:109C4000059900F069FE3A46534600F073FD1F4A3D
:109C50001F4B00F03BFC009B029A00F08DF9074679
:109C6000884602460B4635E08E9803007AB60B0014
:109C7000123200000000F03FE232000078310000B4
:109C80000000084009C7EE3FFD033ADCF5015B1414
:109C9000E02F3EBE50300000143000000000904025
:109CA000FE822B654715973C00CC904000346F3FF7
:109CB00001FCFFFF0000E03FF82F0000FFFF0F0056
:109CC000432EE63F396CA80C615C20BEEF39FAFEEA
:109CD000422EE63FDDE9060100F04EF9DDE90623FC
:109CE00005460E4600F018FE3A46434600F022FDB7
:109CF0000F462A46334600901046194600F0E6FB10
:109D0000824602462E4888460B4605217844FCF7D9
:109D100077FE5246434600F0D9FB2A46334600F010
:109D200009FD80468A463B4628463146009A00F0A7
:109D3000CDFB3B46009A00F01FF9069100900022EF
:109D40004FF080434046514600F0E6FD0F460C9030
:109D5000424653462846314600F0B8FB3B460C9A33
:109D600000F0C6F9069B009A00F0D6FD2A4633465D
:109D700000F0D2FD0022134B00F0DCFC05460198F8
:109D80000E4601EB00510815002810DC284631462C
:109D9000019A01F028FAFCF70FFE042808BFFCF72F
:109DA0009FFE28463146019A01F01DFA05460B46F2
:109DB00018B02A4658462146BDE8F04D00F086BB53
:109DC000002E00000000F03F10B588B0694604A8DE
:109DD000FEF742FE072832D107A8FEF769FB049878
:109DE00001F022F807990C4601F07EF800F0E0FF40
:109DF0000490059801F018F8214601F075F800F07C
:109E0000D7FF0590069801F00FF8214601F06CF895
:109E100000F0CEFF069004A8FDF78EFD03A8FEF724
:109E20000BFBBDF80C00009941430091019941439F
:109E300001910299414368460291FDF7DFFC08B0A9
:109E400010BD0000F8B5144C0146224694F8246079
:109E5000D2E9000200235D1E56B179B1022111E062
:109E6000C17B10786B460122FEF70CFA68B90EE050
:109E7000A67A56B111B1617C61B902E08DF800306B
:109E8000EEE701218DF80010EAE72846F8BD9DF8BD
:109E9000000060740020F8BD880000202DE9F0412A
:109EA00006460F4600F052FC041E0D4618BF012066
:109EB000284320F00040C0F17F6000F1E040C00F77
:109EC0000ED0301C18BF0120384320F00040C0F1F4
:109ED0007F6000F1E040C00F04BF0120F6F7B8FB3F
:109EE00020462946BDE8F08110B500290AD008783F
:109EF000002807D005487844F6F778FF002801D0FD
:109F0000002010BD0248784410BD0000862E0000DD
:109F10007E2E000021F00042A2F16052B2F5801FB7
:109F200001F0004328BFD2F17F6C0BD95FEA001C1F
:109F300043EAC20242EB507018BF704728BF20F0BE
:109F400001007047B2F5801FBCBF184670474FEA4A
:109F5000410C1CF5001F02D2084601F08CB870B508
:109F600000F05EFB00000089FFF7F6BF4FF00040F5
:109F7000A0F580007047000010B591EA030F48BFBC
:109F800083F0004300F1D084841A71EB030C05D2F6
:109F9000121943EB0C03001B61EB0C01DFF824E109
:109FA0004FEA1154A4EB135C1EEA430F18BF9EEA5C
:109FB000445F73D023EA0E03DCF1200E21EA045142
:109FC00043F4801332D322FA0CFE10EB0E0023FA76
:109FD0000CFE41EB0E01CCF1200E03FA0EFE10EB4D
:109FE0000E0051F10001B1F5801FCCF1200E32D2EC
:109FF00001EB045112FA0EF2BDE8104058BF704751
:10A00000401C38BF5FEA420218BF7047002814BFE7
:10A0100020F0010041F100014FEA410313F5001F58
:10A0200038BF7047A1F1C04100F048BB012A43EBA3
:10A030000302ACF1200CDCF11F0E32BF4FF0000E1A
:10A0400023FA0CF310EB030041EB0451B4EB115F66
:10A05000D0D0A1EB045101F5801149085FEA30002E
:10A0600001EB04510ED350F1000038BF12FA0EFE7E
:10A0700008D1BDE81040C9E7401C38BF5FEA420282
:10A08000CAD1C3E7BDE810404FEA410313F5001FF2
:10A0900038BF7047A1F1C04100F010BB9EEA445F99
:10A0A00008D011EA5E0FBDE8104004BF01F0004186
:10A0B00000207047BDE8104070B500F0B1FA00BF55
:10A0C00064FBBE3E0000E0FF02494FF0000001F0DB
:10A0D00058B800BF0000F87F491058BFC1F1404197
:10A0E0005B1058BFC3F140438B42EFF300807047D1
:10A0F0002DE9C04130B4DFF8A0C23CEA111418BF0A
:10A100003CEA131400F0EC8081EA03051CEA111408
:10A1100044EAD57418BF1CEA131500F0C780A4EBFD
:10A1200005044FF0004545EAC12145EAC32341EA51
:10A13000505143EA525304F17F74994204F50034BC
:10A140004FEAC0204FEAC22208BF904200F09C8034
:10A150004FEA13650FF24016765D4FEA134506FB92
:10A1600005F7C7F1807706FB07F74FEAD737A7FB5C
:10A1700003687642C8F58038A7FB06CE38BFA8F141
:10A18000010807FB08E64FF0000EA6FB028CE6FB79
:10A1900003CEDCF1000CCEF1004E38BFAEF1010E63
:10A1A000A6FB0C584FF000074FF00005E6FB0E87AA
:10A1B000A1FB08C6A0FB07CE16EB0E0645F1000575
:10A1C000E1FB076515F1E04E7EBFA4F580345FEA40
:10A1D00046066D4116F1800745F100054FEA172745
:10A1E0004FEA066647EA0567A6F1DE46B6F1805FEC
:10A1F0004FEA15251FD9384624F0010C05EBC47130
:10A20000BCF1FE6F01EB0C1102D8F0BCBDE800817F
:10A2100024425CBF01F5801E9EEAC47F02D4F0BCDC
:10A22000BDE80081244238D4F0BCA1F1C041BDE8B2
:10A23000004100F043BA4FEAD22242EA43524FEAC9
:10A24000D323A7FB02864FEAD02040EA415007FB08
:10A2500003661EEA0E0F4FEAD12105FB026658BFC6
:10A26000A6EB0056B6EB00564FEA520E4EEAC37EFE
:10A2700018EB0E0E56EB530EBDD518EB02085E41DF
:10A280007F1C55F10005B6E74FF480154FF000072D
:10A290004FF000064FF00008ADE7F0BC4FF00000B3
:10A2A00001F1C04101F00041BDE8008111EA0C1F3D
:10A2B0000CEA131500D00CE013EA0C1F00F0258007
:10A2C0004FF00000F0BC81EA030101F00041BDE85D
:10A2D0000081F0BCBDE8004181EA030100F0EEB965
:10A2E000F0BCBDE8004170B500F09AF9097EFC3E73
:10A2F00000F007B881EA03014FF0000001F00041CF
:10A30000704781EA030100F0D9B9F0BCBDE8004113
:10A310004FF0000021497047FFFDFBF9F7F5F4F21B
:10A32000F0EEEDEBE9E8E6E4E3E1E0DEDDDBDAD8F0
:10A33000D7D5D4D3D1D0CFCDCCCBCAC8C7C6C5C44E
:10A34000C2C1C0BFBEBDBCBBBAB9B8B7B6B5B4B365
:10A35000B2B1B0AFAEADACABAAA9A8A8A7A6A5A450
:10A36000A3A3A2A1A09F9F9E9D9C9C9B9A99999814
:10A370009797969595949393929191908F8F8E8EB7
:10A380008D8C8C8B8B8A8989888887878685858444
:10A3900084838382828181800000FF070000F87F30
:10A3A0004FEA41034FEA5353A3F58063D3F11E03F1
:10A3B000C8BFD3F1210C0CDD4FF0004242EAC122AC
:10A3C00042EA505232FA03FC8CEAE17CACEBE170D9
:10A3D0007047102BC4BF0020704703F5787CBCF198
:10A3E000FF3F04D06FF0004282EA2100704770B551
:10A3F00000F016F94992248000207047F2E710F02F
:10A40000004248BF4042B0FA80F310FA03F10AD08C
:10A41000C3F11D0303F580634FEA415002EB035281
:10A4200002EBD12170474FF000007047B0FA80F383
:10A4300010FA03F10AD0C3F11D0303F580634FEA5C
:10A4400041504FEA035202EBD12170474FF0000018
:10A450007047000051EA030C17D41CF5801F58BF49
:10A46000BCF5801F00F10680994218BF704708BFF5
:10A470009042704707D711F5801F58BF13F5801F12
:10A4800019D499427047894270471CF5801F08D53E
:10A49000BCF5801FF7D58B4218BF704708BF8242BA
:10A4A00070474FF4001C1CEB410F38BF1CEB430FEF
:10A4B00001D28B42704770B500F0B2F89224490087
:10A4C0004FF000514FF08053FFF706BEDFF848C150
:10A4D00070B51CEA111E1EBF1CEA13159EEA0C0F74
:10A4E00095EA0C0F00F06F8081EA030423EA4C1315
:10A4F0004EEAD47E21EA4C1141F4801143F48013DA
:10A50000AE44A1FB024CA0FB0365AEF17F7E361981
:10A5100055EB0C05A1FB034C4CF10003A0FB021C06
:10A5200016EB0C06654153F10003094218BF46F0D3
:10A53000010613F4007F0BD14FEA03314FEA0530D7
:10A54000340341EA155140EA16506FF003020AE065
:10A550004FEAC3214FEAC520F40241EA555140EACF
:10A5600056506FF0020202EB2E4201EB025585EAD3
:10A57000CE710AD05FEA440C18BF24F0004450F1B9
:10A58000000041F1000120EAD47040F2FE7C6245F7
:10A5900000D270BDA84214BF4FF080444FF0404439
:10A5A000002E08BF0024BEF1806FA8BFA1F1C041FA
:10A5B000BDE8704080F282804FF0000001F1C041A0
:10A5C00001F0004170479EEA0C0F0CEA131518BF0A
:10A5D00095EA0C0F06D04FF0000081EA030E0EF052
:10A5E000004170BD00F01CF88900013E00F007B882
:10A5F00000F009B84FEA430C5FEA5C5C08D081EADE
:10A60000030100F05BB84FEA410C5FEA5C5CF6D1F5
:10A610004FF00000014970470000FF070000F87F7D
:10A620000EF1020E2EF0030E5EF8046B364205D4D6
:10A63000012A43EB030515F5001F12D8012841EB51
:10A64000010C1CF5001F0CD80ED14FEAD17C15F57A
:10A65000001F0CEB4C0C0CF1020C08BF4CEBD37C34
:10A6600004E04FF0080C01E04FEAD37C0CEB4C0502
:10A6700026FA05F606F00706B6F1040C06D20EEB34
:10A68000860CBDE870404CF0010C6047DFE80CF030
:10A69000090B02024FF000414FF00000A1F500212C
:10A6A00070BD19461046012851EB010418BFD4F5BE
:10A6B000001484BF002001F0004170BD0808A0F51F
:10A6C00000114FEA3101704753EA010C17D41CF511
:10A6D000801F58BFBCF5801F00F106808B4218BF59
:10A6E000704708BF8242704707D713F5801F58BFD5
:10A6F00011F5801F19D48B4270479B4270471CF59F
:10A70000801F08D5BCF5801FF7D5994218BF704748
:10A7100008BF904270474FF4001C1CEB430F38BF3A
:10A720001CEB410F01D2994270470FB40CBC03BC23
:10A73000FFF7C1BE91EA030F10B581F000413FF56C
:10A7400023AC83F0004300F0EFB800002DE9F041A6
:10A7500001F5801CBCF5001FC0F2C3804FEA115CFC
:10A7600021EA0C510CF1FD0C41F480115FEA5C0C04
:10A770000CF5C07C01D3400049413DA4890241EA67
:10A78000905187028E0E0A0CA45D04FB04F602FBB6
:10A7900006F6C6F14046A4FB0662F60D46EA4226DE
:10A7A00006FB06F4A4FB01235242C3F1404338BF29
:10A7B0005B1EA6FB02420024E6FB0324D20B42EA06
:10A7C0004446A6FB0623A1FB02E2A3FB07E4A41870
:10A7D0004FF0000252F10002E3FB01426442C2F179
:10A7E000404E38BFAEF1010EA6FB04234FF000022D
:10A7F000E6FB0E32A2FB03464FF00004B61954F1FB
:10A800000004E2FB0264A1FB06E6A4FB07E816EBEA
:10A8100008064FF0000858F10008E4FB0168764292
:10A82000C8F1405838BFA8F10108A2FB06E4A3FB19
:10A8300008E52D194FF0000454F10004E2FB085420
:10A84000A1FB05E6A7FB04E818EB06084FF000069D
:10A8500056F10006E1FB048618F1200556F10006CA
:10A86000A809A8F11B08B10908F03F08B8F10A0FC0
:10A8700040EA86601CD901EB0C51BDE8F08100BFB5
:10A88000FCF5EEE8E2DDD8D3CFCBC7C3C0BDB9B687
:10A89000B4B1AEACA9A7A5A3A19F9D9B9A9896958C
:10A8A0009392908F8D8C8B89888786858483828113
:10A8B000A0FB006800FB01F208EB4208B8EB872818
:10A8C00007D5341858EB0104D5D5401C51F10001CF
:10A8D000D1E7341A78EB0104CDD4401E71F10001A8
:10A8E000C9E75FEA4C0C5FEA9C5C0DD105D34FF0E1
:10A8F000000001F00041BDE8F081BDE8F04170B515
:10A90000FFF78EFE6DDBFFBEBDE8F0414FF00000AB
:10A91000004970470000F87F10B591EA030F48BF67
:10A9200083F000433FF530AB841A71EB030C07D280
:10A9300012198CF0004C43EB0C03001B61EB0C0173
:10A94000DFF8A4E14FEA1154A4EB135C1EEA430FB5
:10A9500018BF9EEA445F00F0B08023EA6E035242C3
:10A9600021EA0451C3EB6E0338BF5B1EDCF1200EFD
:10A9700025D322FA0CFE10EB0E0043FA0CFE41EB3D
:10A980000E01CCF1200E03FA0EFE10EB0E0051F179
:10A990000001CCF1200E29D412FA0EF201EB045181
:10A9A000BDE8104058BF7047401C1CBFB2F1004FBB
:10A9B000704700280CBF491C20F00100704712EBC3
:10A9C000020E43EB030218BF4FF0010E4EEA4202A3
:10A9D000ACF1200CDCF11E0E54D943FA0CFE10EB46
:10A9E0000E0051F1FF31CCF11E0ED5D50EF1010E46
:10A9F00012FA0EFE404141EB010101EB445C5FEABB
:10AA00005C5C10D910EBDE7001EB045138BFBEF175
:10AA1000004FBDE8104018BF704700280CBF491C0C
:10AA200020F00100704730D24FEAD42C11F500110C
:10AA300024F400641BD0B1FA81F20B3AA41AA41ECC
:10AA4000D2F12003914030FA03F31943904001EB17
:10AA5000CC71002C01EB0451BDE81040A8BF704739
:10AA600001F1C0414FF0000001F000417047B0FA21
:10AA700080F310FA03F100D110BDE41A173C480529
:10AA8000C90AE4E701EB045110BD491001EB045180
:10AA9000BDE810404FEA300002E04FF0000170477F
:10AAA0004A0008BF0042F8D0B2F5001F28BF704727
:10AAB00001F000414FF0000070479EEA445F07D06C
:10AAC00011EA5E0FBDE8104004BF0021002070476E
:10AAD000BDE8104070B5FFF7A3FD00BF40DFF63EB4
:10AAE00083F00041104670470000E0FF43004FEA4A
:10AAF000D30C4FEA3C0C43401FBF40070CF16051A0
:10AB000013F0FE4F70471CF0006F03D100200CF0D3
:10AB1000004170470CF0004343EA507010B540EA22
:10AB2000CC0000F062FA00BF000000924FEA000182
:10AB3000FFF7C4BD4FF000414FF00000A1F5002128
:10AB40007047000090EA010F48BF81F0004100F11A
:10AB5000A882421A3CBF801A89184FEAD0524FF09F
:10AB60007F4C1CEA410FA2EBD15318BF9CEA026F45
:10AB700000F03B804FF0004C4CEA00204CEA0121F1
:10AB800021FA03FC10EB0C0C1ED202F1FF325FEA3B
:10AB90001C2040EBC25038BF70471CF07F0F4FEABB
:10ABA000400C18BFBCF17F4F38BF7047C3F1200382
:10ABB000994008BF20F00100BCF17F4F38BF7047BB
:10ABC000A0F1C04000F057BA4FEA3C00000A40EB49
:10ABD000C25028BF1CF0FF0F4FEA400CE6D018BF50
:10ABE000BCF17F4F38BF7047EAE79CEA026F05D09F
:10ABF00010EA5C0F08BF00F00040704710B500F08D
:10AC0000F4F900BF64FBBE3E014800F0BABA00BFD1
:10AC10000000C07F401058BFC0F14040491058BFED
:10AC2000C1F140418142EFF3008070474FF47F0C47
:10AC30001CEAD0121EBF1CEAD11392EA0C0F93EA51
:10AC40000C0F00F0858090EA010F48BF42F480723B
:10AC500040F4000C41F400002CF07F4120F07F40D4
:10AC600000B58142A2EB03020FF2081CACEB504E80
:10AC7000C0F100009EF800E04FEA4E0E00FB0EFC13
:10AC800038BF49004FEA2C1C02F5FA020CFB0EF308
:10AC90004FEACE1E4FEA112C4FEAC1210EEB635E44
:10ACA00042EB22420EFB0CFC4FEA1C5300FB03114B
:10ACB0004FEA112C4FEA01310EFB0CFC4FEADC4C41
:10ACC00000FB0C11C14228BF09184CEB03335DF89F
:10ACD00004EB10EB410143EBC250B2F57C0F38BFDF
:10ACE000704729D512F0F00F1CBF00F1C04000F0F2
:10ACF00000407047008182838485868788898B8C99
:10AD00008D8E8F919293959697999A9C9D9FA0A2D4
:10AD1000A3A5A7A8AAACAEB0B2B3B5B7B9BCBEC024
:10AD2000C2C5C7C9CCCED1D4D7D9DCDFE2E6E9ECC5
:10AD3000F0F3F7FAFE0000004FEA400C0CF1807CC3
:10AD4000BCF17E4F28BF7047B0F1C04000F093B90E
:10AD500090EA010F0CEAD11348BF42F480726245B9
:10AD600038BF634507D213F47F0F16D080EA010085
:10AD700000F00040704710B500F037F9097EFC3E46
:10AD800000F005B880EA010000F00040704780EA5A
:10AD9000010000F0004000F06EB912F47F0F04BF14
:10ADA0000248704780EA010000F065B90000C07FEA
:10ADB00041000B0ED3F19E0208D950F400034FEA74
:10ADC000032323FA02F048BF4042704710B500F059
:10ADD0000CF900BF49922480002070476FF00042B8
:10ADE00082EA200070470000C10DD1F19E0206DB0F
:10ADF0004FEA002343F0004323FA02F07047004279
:10AE000007D54FEA4001B1F1FE4F02D24FF00000EA
:10AE1000704710B500F0E9F849922480002070478F
:10AE20006FEA20007047000010F0004148BF404228
:10AE3000B0FA80F310FA03F2C3F19D030BD051EA8C
:10AE4000C35101EB1220530638BF704700F10100D7
:10AE500008BF20F001007047B0FA80F310FA03F247
:10AE6000C3F19D030AD0D90501EB1220530638BF68
:10AE7000704700F1010008BF20F00100704700009A
:10AE800050EA010C00F113801CF5000F58BFBCF50F
:10AE9000000F01D48842704707D710F5000F58BF44
:10AEA00011F5000F15D488427047894270471CF590
:10AEB000000F04D5BCF5000FF7D5814270474FF065
:10AEC000807C1CEB400F38BF1CEB410F01D281424C
:10AED000704710B500F089F8922449004FF00050F7
:10AEE0004FF08051FFF796BE4FF47F0C1CEAD01252
:10AEF0001EBF1CEAD11392EA0C0F93EA0C0F00F06C
:10AF0000478090EA010F48BF42F480724FF0004C36
:10AF10004CEA00204CEA012102EB0302A0FB0113E2
:10AF2000A2F50002002918BF43F001035B0028BF0F
:10AF30004FEA330342EB22425FEA132C4CEBC25040
:10AF40002EBFBCEB436FB2F57C0F70474FEA036C2A
:10AF5000BCF1004F08BF20F00100B2F57C0F38BFF4
:10AF600070470BD582F0FF0212F5803FC8BF7047D3
:10AF700000F1C040D8BF00F00040704700F5000C61
:10AF80005FEA4C0C48BF7047B0F1C04000F073B8A6
:10AF900090EA010F0CEAD11348BF42F48072624577
:10AFA00038BF634504D280EA010000F000407047DA
:10AFB00010B500F01AF800BF8900013E00F007B894
:10AFC00000F009B85FEA410C5FEA1C6C08D080EA27
:10AFD000010000F050B85FEA400C5FEA1C6CF6D14B
:10AFE0004FF00040A0F5800070470EF1020E2EF0E9
:10AFF000030E5EF8044B244204D44FEA4102B2F13E
:10B000007F4F11D84FEA4003B3F17F4F0CD80ED1D8
:10B010004FEAD07CB2F17F4F0CEB4C0C0CF1020CE0
:10B0200008BF4CEBD17C04E04FF0080C01E04FEA84
:10B03000D17C0CEB4C0324FA03F404F00704B4F1C4
:10B04000040C06D20EEB840CBDE810404CF0010C51
:10B050006047DFE80CF0070802024FF00040A0F55F
:10B06000800010BD0846420018BFD2F1807288BF30
:10B0700000F0004010BDFF2141EAD050C0057047EC
:10B0800080F0004090EA010F7FF563AD81F0004150
:10B0900000F007B890EA010F48BF81F000413FF58A
:10B0A00058AD421A04D882F00042A0EB02001144CD
:10B0B0004FEAD0524FF07F4C1CEA410FA2EBD15324
:10B0C00018BF9CEA026F4AD04FF0004C4CEA0020B7
:10B0D0004CEA012121FA03FCB0EB0C0C0FD412F066
:10B0E000FE0F36D05FEA4C001DD5001240EBC25077
:10B0F00038BF70471CF03F0F18BF70470BE0A2F13C
:10B1000001025FEA1C2040EBC25038BF70471CF0C0
:10B110007F0F18BF7047C3F12003994014BF401E32
:10B1200020F00100704780084FEA122308BF7047E3
:10B13000B0FA80FCA2EB0C02CCF1280C60FA0CF007
:10B1400093EA122F04BF00EBC25070474FEAC3705E
:10B150007047130A5FEADC1008BF7047F6E79CEA05
:10B16000026F04D010EA5C0F08BF0020704710B5D2
:10B17000FFF73BFF40DFF63E81F000407047F5F7F8
:10B180009FBB0CF00F03092B08BF082000F07F8045
:10B190000A2B0BD0082B18BF704708BF1CF0400FBC
:10B1A0000AD04FF000004FF0000170471CF0400F34
:10B1B00018BF4FF0004070471CF0100F08D020F06F
:10B1C000704300F07F4242EAD3014FEA4370704778
:10B1D00000F0604021F07F4242EA000201F07F402F
:10B1E00040EA727070474FF0FF0C4CF4E06C1CEAC0
:10B1F00011531CBF9CEA030C9445C2BFDA4201EB19
:10B2000002517047002B0DD0BCF1000F0FD0002A67
:10B2100001F00041A4BF41F0E04141F07F614FF0F7
:10B220000000704701F000414FF00000704750EA05
:10B2300001334FF09B0C18BF4CF0806C7EF444AF90
:10B2400070474FF0FF0212EAD0521CBF92F0FF038A
:10B250008B42C2BFD14200EBC1507047002A0AD0D6
:10B26000002B0BD0002900F00040A4BF40F0FE40AE
:10B2700040F40000704700F00040704743024FF078
:10B280000B0C18BF4CF0806C7FF4BEAC70471CF404
:10B29000801F11D01CF4E02F03D06FEACC3149009D
:10B2A00070474FF04050EFF3008222F0704242EAC4
:10B2B000000282F3008870474FF0000070470102DF
:10B2C00002030405060708090A0B0C0D0E0F1010E7
:10B2D000010202030405060708090A0B0C0D0E0FF4
:10B2E0001010000000000000000001020304060727
:10B2F0000809000000000102030400000000000033
:10B30000000000000000000000003F4000000000BE
:10B310000000000030004000300040000000090044
:10B320000BC03D000BC03D00090018C024407FE069
:10B33000224031800000180024C01B000D803240E4
:10B34000018003801C4027401C8007400040100003
:10B35000600000000000000000000000000000008D
:10B360001F80204040200000402020401F8000001F
:10B370000000090006001F8006000900000004000C
:10B3800004003F8004000400000000100060000082
:10B390000000000000000400040004000400040099
:10B3A000000000000040000000000000000000203D
:10B3B00001C006003800400000001F8020402040EF
:10B3C00020401F800000000010403FC000400000EF
:10B3D000000018C021402240244018400000108086
:10B3E0002040244024401B80000002000D0011007A
:10B3F0003FC0014000003C80244024402440238082
:10B4000000001F80244024403440038000003000AE
:10B41000200027C03800200000001B80244024406A
:10B4200024401B8000001C0022C0224022401F80BC
:10B4300000000000000008400000000000000000C4
:10B4400000000460000000000000000004000A008A
:10B45000110020804040090009000900090009008E
:10B46000000000004040208011000A000400180085
:10B47000200023402400180000001F8020402740A7
:10B4800029401F400000004007C039000F0001C0E4
:10B49000004020403FC0244024401B8000001F800B
:10B4A0002040204020403080000020403FC020400D
:10B4B00020401F80000020403FC024402E4030C06C
:10B4C000000020403FC024402E00300000000F004C
:10B4D0001080204022403380020020403FC0040002
:10B4E00004003FC02040204020403FC0204020407A
:10B4F00000000060202020203FC0200020002040CD
:10B500003FC024400B0030C0204020403FC02040BE
:10B510000040004000C03FC03C0003C03C003FC0B2
:10B52000000020403FC00C4023003FC020001F808F
:10B530002040204020401F80000020403FC0244089
:10B540002400180000001F802140214020E01FA09F
:10B55000000020403FC02440260019C0004018C011
:10B5600024402440224031800000300020403FC071
:10B5700020403000000020003F80004000403F801D
:10B58000200020003E0001C00700380020003800E5
:10B5900007C03C0007C038000000204039C006004A
:10B5A00039C0204000002000384007C0384020004B
:10B5B0000000304021C02640384020C0000000007C
:10B5C00000007FE0402040200000000070000C00E0
:10B5D0000380004000000000402040207FE0000089
:10B5E00000000000200040002000000000000010CB
:10B5F00000100010001000100010000000004000BB
:10B60000000000000000000002800540054003C06B
:10B61000004020003FC004400440038000000000C0
:10B620000380044004400640000000000380044002
:10B6300024403FC000400000038005400540034017
:10B640000000000004401FC02440244020000000EF
:10B6500002E0055005500650042020403FC0044041
:10B66000040003C000400000044027C00040000068
:10B67000000000100010041027E00000000020402F
:10B680003FC00140070004C00440204020403FC0AC
:10B6900000400040000007C0040007C0040003C0D1
:10B6A0000000044007C00440040003C00040000044
:10B6B00003800440044003800000041007F004509D
:10B6C000044003800000000003800440045007F0A1
:10B6D0000010044007C00240040004000000000005
:10B6E00006400540054004C00000000004001F8023
:10B6F000044000400000040007800040044007C0F0
:10B7000000400400070004C0018006000400060099
:10B7100001C0070001C006000000044006C001008F
:10B7200006C0044000000410071004E00180060079
:10B7300004000000044005C0064004400000000072
:10B74000000004007BE0402000000000000000003A
:10B75000FFF000000000000040207BE0040000003B
:10B760000000400080004000200020004000000059
:10B7700000000000000000000000000000000000C9
:10B78000000000001FCC000C0000000000000000C2
:10B790000800300060000800300060000000022057
:10B7A00003FC1E20022003FC1E20022000000000DB
:10B7B0000E1811043FFF10840C78000000000F00E9
:10B7C00010840F3800C007781884007800000078D3
:10B7D0000F8410C411240E9800E4008400080800AF
:10B7E0006800700000000000000000000000000081
:10B7F0000000000007E018182004400200000000CC
:10B8000040022004181807E0000000000000024079
:10B81000024001800FF001800240024000000080E1
:10B82000008000800FF80080008000800000000190
:10B83000000D000E000000000000000000000000ED
:10B840000080008000800080008000800080000078
:10B85000000C000C000000000000000000000000D0
:10B86000000600180060018006001800200000009B
:10B8700007F0080810041004080807F00000000092
:10B88000080408041FFC000400040000000000007D
:10B890000E0C10141024104411840E0C0000000033
:10B8A0000C1810041104110412880C700000000020
:10B8B00000E00320042408241FFC002400000000F2
:10B8C0001F981084110411041088107000000000EB
:10B8D00007F00888110411041888007000000000A7
:10B8E0001C00100010FC13001C00100000000000E1
:10B8F0000E3811441084108411440E3800000000EA
:10B900000700088C10441044088807F0000000006D
:10B9100000000000030C030C000000000000000009
:10B92000000000010106000000000000000000000F
:10B9300000800140022004100808100400000220CA
:10B94000022002200220022002200220000000002B
:10B9500010040808041002200140008000000000CC
:10B960000E001200100C106C10800F00000003E09D
:10B970000C1813E4142417C4082807D0000000048E
:10B98000003C03C41C40074000E4001C00041004F9
:10B990001FFC1104110411040E880070000003E064
:10B9A0000C1810041004100410081C1000001004DF
:10B9B0001FFC100410041004080807F00000100415
:10B9C0001FFC1104110417C410040818000010040F
:10B9D0001FFC1104110017C010000800000003E054
:10B9E0000C181004100410441C78004000001004CF
:10B9F0001FFC10840080008010841FFC10040000D5
:10BA0000100410041FFC10041004000000000003C8
:10BA10000001100110011FFE1000100000001004B2
:10BA20001FFC110403801464181C1004000010048F
:10BA30001FFC1004000400040004000C00001004AB
:10BA40001FFC1F0000FC1F001FFC1004000010045E
:10BA50001FFC0C04030000E010181FFC100007F08E
:10BA60000808100410041004080807F0000010046F
:10BA70001FFC10841080108010800F00000007F061
:10BA8000081810241024101C080A07F200001004E3
:10BA90001FFC1104110011C011300E0C0004000035
:10BAA0000E1C11041084108410441C38000018006F
:10BAB000100010041FFC10041000180000001000FB
:10BAC0001FF810040004000410041FF810001000F8
:10BAD0001E0011E0001C007013801C0010001FC02D
:10BAE000103C00E01F0000E0103C1FC000001004EC
:10BAF000180C163401C001C01634180C10041000C4
:10BB00001C00130400FC13041C00100000000804B7
:10BB1000101C1064108413041C0410180000000092
:10BB2000000000007FFE40024002400200000000D2
:10BB300030000C0003800060001C000300000000C7
:10BB40004002400240027FFE0000000000000000B2
:10BB500000002000400040004000200000000001E4
:10BB600000010001000100010001000100010000CE
:10BB70004000400020000000000000000000000025
:10BB80000098012401440144014400FC0004100019
:10BB90001FFC008801040104008800700000000000
:10BBA0000070008801040104010400880000000006
:10BBB000007000880104010411081FFC000400004B
:10BBC00000F8014401440144014400C800000000A1
:10BBD000010401040FFC11041104110018000000FD
:10BBE00000D601290129012901C90106000010041C
:10BBF0001FFC008401000100010400FC000400009F
:10BC00000104190419FC00040004000000000000F5
:10BC1000000300010101190119FE000000001004D9
:10BC20001FFC0024004001B4010C010400000000CE
:10BC3000100410041FFC00040004000000000104B4
:10BC400001FC0104010001FC0104010000FC0104ED
:10BC500001FC008401000100010400FC000400005C
:10BC600000F8010401040104010400F800000101CE
:10BC700001FF00850104010400880070000000003D
:10BC80000070008801040104010501FF00010104A6
:10BC9000010401FC00840104010001800000000097
:10BCA00000CC01240124012401240198000000009B
:10BCB0000100010007F80104010400000000010078
:10BCC00001F8000400040004010801FC0004010064
:10BCD00001800170000C001001600180010001F082
:10BCE000010C003001C00030010C01F00100000027
:10BCF0000104018C00740170018C01040000010139
:10BD000001810171000E0018016001800100000036
:10BD10000184010C013401440184010C0000000085
:10BD200000000000000001003EFC40024002000054
:10BD3000000000000000FFFF000000000000000005
:10BD4000400240023EFC0100000000000000000034
:10BD5000600080008000400040002000200068005B
:10BD6000000476005401F7FD000175191A0C6A23CE
:10BD70001B1C1F207274433B4138393A6B6C376F80
:10BD800006246D6E700000008300000000080000B3
:10BD90000001001832000500000020410000D242DE
:10BDA000295C0F3E9A99993E3333733F295C0F3ECD
:10BDB00000007000000000240000000200030000EA
:10BDC00000650054FFEF0000FA80000B12820001B2
:10BDD000030C30C30E8C8CE914D5400213710F8E06
:10BDE0003883F8833000F883258EF8833000F88399
:10BDF000FFFFFFFF0FFEA9D6240004001A8279A1DD
:10BE00000000003CFFFF00000010000038836FA21C
:10BE1000003E03304000000002CAE3093E800000FB
:10BE20002000000000000000400000006000000052
:10BE3000000C0000000C186E000006920A16C0DF0D
:10BE4000FFFF0256FD8CD377FFE1C496E0C5BEAA82
:10BE500000000000FFFF0B2B0000165700000359E5
:10BE60004000000000001DFA00026C1D00000000F0
:10BE70003FFFDFEB003EB3B6000D227800002F3C01
:10BE800000000000001942B5000039A20000B365AF
:10BE9000D90E9FC91DCF4C34300000005000000067
:10BEA0003BB67AE80064000000C800000000000013
:10BEB000100000001000FA921000225E000D229F78
:10BEC0000001000000320000FF46000063D40000C3
:10BED0001000000004D6000004CC000004CC0000D8
:10BEE0000000107200000040000000000000000090
:10BEF00000060002000500070000000000640000CA
:10BF000000000000000000050005006400200000A3
:10BF100000000000000000000000400000000300DE
:10BF200000000032F8980000FF650000830F000059
:10BF3000FF9BFC000000000000000000000000006B
:10BF400000000000000000000000000000000000F1
:10BF500000000000000000000000000000001000D1
:10BF600040000000000000060000B26A000200006D
:10BF70000001FB830068000000D9FC007CF1FF8316
:10BF80000000000000650000006403E80064002871
:10BF9000000000250000000016A0000000001000B6
:10BFA00000001000002F0000000001F4000010004D
:10BFB00000280000FFFF4581FFFFFA72000000002B
:10BFC00000000000004400050005BAC6004778A242
:10BFD0000000000100000000000006000000001446
:10BFE0000000254D002F706D000005AE000C02D042
:10BFF0000000000000000000000000000000000041
:10C00000001B000000000000000000000000000015
:10C0100000640000000800000000000000000000B4
:10C020000000000000000000000000000000000010
:10C030000000000000000000000000000000000000
:10C0400000000000000000000000000000000000F0
:10C0500000000000000000000000000000000000E0
:10C0600000000000000000000000000000000000D0
:10C07000001B00000000000000000000000E000E89
:10C0800000000AC70004000000000032FFFFFF9C10
:10C0900000000B2B00000002000000010000006403
:10C0A000FFE50000000000000000000000000000AC
:10C0B000000000010000000000010000000000007E
:10C0C000000180000001800000018000002426D3D0
:10C0D0000000000000000000000600100096003C78
:10C0E0000000000000000000000000000000000050
:10C0F0000C0A4E68CDCF770950166759C619CE8203
:10C10000000000000000000000000000000000002F
:10C11000000000000000000017D7840003000000AA
:10C120000000000000000000C7938F9D1E1B1C191B
:10C1300000000000000000000000000000000000FF
:10C14000000000000000000002031885000040000D
:10C1500000000003000000030000000000000000D9
:10C16000400000000000000000000000000000008F
:10C1700000000000000000000000000000000000BF
:10C1800000000000000000000000000000000000AF
:10C1900000000000677DDF7E72902E554CF6E68829
:10C1A000000000000000000000000000000000008F
:10C1B000D8DCB4B8B0D8B9ABF3F8FAB3B7BB8E9E3D
:10C1C000AEF132F51BF1B4B8B08097F1A9DFDFDF33
:10C1D000AADFDFDFF2AAC5CDC7A90CC92C97F1A948
:10C1E00089264666B28999A92D557DB0B08AA89650
:10C1F000365676F1BAA3B4B280C0B8A89711B2830C
:10C2000098BAA3F0240844106418B2B9B49883F122
:10C21000A329557DBAB5B1A38393F0002850F5B298
:10C22000B6AA839328547CF1B9A3829361BAA2DAA7
:10C23000DEDFDB819AB9AEF5606870F1DABAA2DFB1
:10C24000D9BAA2FAB9A38292DB31BAA2D9BAA2F8BA
:10C25000DF85A4D0C1BBAD83C2C5C7B8A2DFDFDF15
:10C26000BAA0DFDFDFD8D8F1B8AAB38DB4980D3506
:10C270005DB2B6BAAF8C96198F9FA70E161EB49AF0
:10C28000B8AA872C547CBAA4B08AB691325676B23A
:10C290008494A4C808CDD8B8B4B0F19982A82D551B
:10C2A0007D98A80E161EA22C547C92A4F02C5078D7
:10C2B000F184A898C4CDFCD80DDBA8FC2DF3D9BA25
:10C2C000A6F8DABAA6DED8BAB2B68696A6D0F3C871
:10C2D00041DAA6C8F8D8B0B4B882A892F52C548830
:10C2E00098F135D9F418D8F1A2D0F8F9A884D9C7B3
:10C2F000DFF8F883C5DADF69DF83C1D8F40114F110
:10C30000A8824EA884F311D182F5D992289788F19A
:10C3100009F41C1CD884A8F3C0F9D1D99782F1295B
:10C32000F40DD8F3F9F9D1D982F4C203D8DEDF1ABB
:10C33000D8F1A2FAF9A88498D9C7DFF8F8F883C72A
:10C34000DADF69DFF883C3D8F40114F198A8822EEC
:10C35000A884F311D182F5D992509788F109F41C81
:10C36000D884A8F3C0F8F9D1D99782F149F40DD84F
:10C37000F3F9F9D1D982F4C403D8DEDFD8F1AD885E
:10C3800098CCA809F9D98292A8F57CF1883ACF9483
:10C390004A6E98DB6931DAADF2DEF9D88795A8F2FA
:10C3A00021D1DAA5F9F417D9F1AE8ED0C0C3AE828F
:10C3B000C684C3A88595C8A588F2C0F1F4010EF122
:10C3C0008E9EA8C63E56F554F18872F40115F19878
:10C3D00045856EF58E9E0488F142985A8E9E068899
:10C3E00069F4011CF1981E1108D0F504F11E9702A2
:10C3F00002983625DBF9D985A5F3C1DA85A5F3DFE7
:10C40000D88595A8F309DAA5FAD88292A8F578F12B
:10C41000881A849F26889821DAF41DF3D8879F39DB
:10C42000D1AFD9DFDFFBF9F40CF3D8FAD0F8DAF9A1
:10C43000F9D0DFD9F9D8F40BD8F3879F39D1AFD928
:10C44000DFDFF41DF3D8FAFCA869F9F9AFD0DADE22
:10C45000FAD9F88F9FA8F1CCF398DB45D9AFDFD09C
:10C46000F8D8F18F9FA8CAF38809DAAF8FCBF8D834
:10C47000F2AD978D0CD9A5DFF9BAA6F3FAF412F252
:10C48000D8950DD1D9BAA6F3FADAA5F2C1BAA6F3B6
:10C49000DFD8F1BAB2B68696A6D0CAF349DAA6CBEF
:10C4A000F8D8B0B4B8D8AD84F2C0DFF18FCBC3A850
:10C4B000B2B68696C8C1CBC3F3B0B48898A821DBC6
:10C4C000718D9D71859521D9ADF2FAD88597A828EF
:10C4D000D9F408D8F28D29DAF405D9F285A4C2F28C
:10C4E000D8A88D9401D1D9F411F2D88721D8F40AB3
:10C4F000D8F28498A8C801D1D9F411D8F3A4C8BB44
:10C50000AFD0F2DEF8F8F8F8F8F8F8F8D8F1B8F6A5
:10C51000B5B9B08A95A3DE3CA3D9F8D85CA3D9F805
:10C52000D87CA3D9F8D8F8F9D1A5D9DFDAFAD8B1EF
:10C530008530F7D9DED8F830ADDADED8F2B48C9990
:10C54000A32D557DA083DFDFDFB591A0F629D9FBB0
:10C55000D8A0FC29D9FAD8A0D051D9F8D8FC51D903
:10C56000F9D879D9FBD8A0D0FC79D9FAD8A1F9F9B2
:10C57000F9F9F9A0DADFDFDFD8A1F8F8F8F8F8ACBC
:10C58000DEF8ADDE8393AC2C547CF1A8DFDFDFF660
:10C590009D2CDAA0DFD9FADB2DF8D8A850DAA0D08C
:10C5A000DED9D0F8F8F8DB55F8D8A878DAA0D0DFD3
:10C5B000D9D0FAF8F8F8F8DB7DF8D89CA88CF530DB
:10C5C000DB38D9D0DEDFA0D0DEDFD8A848DB58D9F1
:10C5D000DFD0DEA0DFD0DED8A868DB70D9DFDFA037
:10C5E000DFDFD8F1A888902C547C98A8D05C38D193
:10C5F000DAF2AE8CDFF9D8B087A8C1C1B188A8C67D
:10C60000F9F9DA36D8A8F9DA36D8A8F9DA36D8A896
:10C61000F9DA36D8A8F9DA36D8F78D9DADF818DAF8
:10C62000F2AEDFD8F7ADFA30D9A4DEF9D8F2AEDE3B
:10C63000FAF983A7D9C3C5C7F1889BA77AADF7DEFE
:10C64000DFA4F8849408A797F300AEF29819A488A1
:10C65000C6A39488F632DFF28393DB09D9F2AADF0E
:10C66000D8D8AEF8F9D1DAF3A4DEA7F1889B7AD84E
:10C67000F38494AE19F9DAAAF1DFD8A881C0C3C552
:10C68000C7A39283F628ADDED9F8D8A350ADD9F868
:10C69000D8A378ADD9F8D8F8F9D1A1DADEC3C5C7E7
:10C6A000D8A18194F818F2B089ACC3C5C7F1D8B845
:10C6B000B4B09786A8319B069907AB9728889BF062
:10C6C0000C201440B0B4B8F0A88A9A285078B79BD0
:10C6D000A8295179247059446938644831F1BBABB9
:10C6E00088002C547CF0B38BB8A804285078F1B0A3
:10C6F00088B49726A85998BBABB38B02264666B080
:10C70000B8F08A9CA82951798B2951798A247059CB
:10C710008B2058718A4469388B3940688A64483163
:10C720008B30496088F1AC002C547CF08CA8042834
:10C730005078F1889726A85998AC8C02264666F066
:10C74000899CA8295179247059446938644831A9D1
:10C750008809205970AB11384069A8193148608C9C
:10C76000A83C415C207C00F187981986A86E767EF3
:10C77000A999882D557DD8B1B5B9A3DFDFDFAED03B
:10C78000DFAAD0DEF2ABF8F9D9B087C4AAF1DFDFB7
:10C79000BBAFDFDFB9D8B1F1A3978E60DFB084F211
:10C7A000C8F8F9D9DED89385F14AB183A308B583D7
:10C7B0009A0810B79F10D8F1B0BAAEB08AC2B2B61C
:10C7C0008E9EF1FBD9F41DD8F9D90CF1D8F8F8AD4B
:10C7D00061D9AEFBD8F40CF1D8F8F8AD19D9AEFB9D
:10C7E000DFD8F416F1D8F8AD8D61D9F4F4ACF59C2E
:10C7F0009C8DDF2BBAB6AEFAF8F40BD8F1AED0F8B8
:10C80000AD51DAAEFAF8F1D8B9B1B6A3839C08B944
:10C81000B1839AB5AAC0FD3083B79F10B58B93F250
:10C820000202D1ABDADED8F1B080BAABC0C3B284B9
:10C83000C1C3D8B1B9F38BA391B609B4D9ABDEB0FB
:10C84000879CB9A3DDF1B38B8B8B8B8BB087A3A3B4
:10C85000A3A3B28BB69BF2A3A3A3A3A3A3A3A3A357
:10C86000A3F1B087B59AA3F39BA3A3DCBAACDFB95D
:10C87000A3A3A3A3A3A3A3A3A3A3A3A3A3A3A3A388
:10C88000D8D8D8BBB3B7F1AAF9DAFFD9809AAA28C9
:10C89000B48098A720B79787A86688F07951F1905F
:10C8A0002C870CA781976293F071716085940129A0
:10C8B000517990A5F1284C6C870C95188578A38345
:10C8C00090284C6C886CD8F3A28200F210A89219C0
:10C8D00080A2F2D926D8F188A84DD948D896A8398F
:10C8E00080D93CD89580A839A68698D92CDA87A714
:10C8F0002CD8A8899519A980D938D8A88939A980B0
:10C90000DA3CD8A82EA83990D90CD8A8953198D956
:10C910000CD8A809D9FFD801DAFFD89539A9DA26A9
:10C92000FFD890A80D8999A810809821DA2ED8896F
:10C9300099A83180DA2ED8A886963180DA2ED8A828
:10C94000873180DA2ED8A88292F34180F1D92ED88F
:10C95000A882F31980F1D92ED882ACF3C0A280222C
:10C96000F1A62EA72EA92298A829DAACDEFFD8A21C
:10C97000F22AF1A92E8292A8F23180A696F1D9006E
:10C98000AC8C9C0C30ACDED0DEFFD88C9CACD010D4
:10C99000ACDE8092A2F24C82A8F1CAF235F1968800
:10C9A000A6D900D8F1FF000017B7D13817B7D13892
:10C9B0000AD7A33B000000000000803F00000000F9
:10C9C0000000803F000000000AD7A33B00000000E9
:10C9D0000000803F000000000000803F00000000D9
:10C9E0000000803F00000000000000000000803FC9
:10C9F0000000803F0AD7A3BB000000000000803F7A
:10CA0000FFE6DB2E0000000000000000FFE6DB2E4A
:10CA10000000803F000000000AD7A3BB0000803F59
:10CA20000000803F00000000000000000000803F88
:10CA30000000803F0AD7A3BB000000000000803F39
:10CA4000FFE6DB2E0000000000000000FFE6DB2E0A
:10CA50000000803F000000000AD7A3BB0000803F19
:10CA6000555555555555C53F7D6FEB0312D6D4BF6F
:10CA70005544880E55C1C93F3B8F68B52882A4BF75
:10CA800088B20175E0EF493F09F7FD0DE13D023F36
:10CA90004B2D8A1C273A03C0C88A599CE52A0040BE
:10CAA00059018D1B6C06E6BF82922EB1C5B8B33F0B
:10CAB000000000000000F03F000000000000F83F10
:10CAC00000000000000000000000004003B8E23F4A
:10CAD000000000000000000006D0CF43EBFD4C3EFC
:10CAE000033333333333E33FFFAB6FDBB66DDB3FF1
:10CAF0004D268F515555D53F01411DA96074D13F39
:10CB000065DBC9934A86CD3FEF4E454A287ECA3F32
:10CB10003E5555555555C53F93BDBE166CC166BFB4
:10CB20002CDE25AF6A56113FF16BD2C541BDBBBEAD
:10CB3000D0A4BE726937663E4FBB610567ACDD3F6E
:10CB4000182D4454FB21E93F9BF681D20B73EF3F34
:10CB5000182D4454FB21F93FE2652F227F2B7A3CAC
:10CB6000075C143326A6813CBDCBF07A8807703C65
:10CB7000075C143326A6913CC4EB98999999C9BFD8
:10CB8000711623FEC671BCBF6D9A74AFF2B0B3BF0D
:10CB90009AFDDE522DDEADBF2F6C6A2C44B4A2BFCD
:10CBA0000D5555555555D53FFF8300922449C23F39
:10CBB0006E204CC5CD45B73F513DD0A0660DB13F6D
:10CBC000EB0D76244B7BA93F11DA22E33AAD903F7F
:10CBD000000000000000000002400000000000A073
:10CBE0000000000005400000000000C80000000038
:10CBF0000C4000000000409C0000000019400000B4
:10CC00000020BCBE0000000034400000BFC91B8EE5
:10CC100000000004B5400000504BCFD06607E2CFC3
:10CC2000010000006C4100003E8251AADFEEA734F3
:10CC300001000000D9420000DCB5A0E23A301F97A5
:10CC4000FFFFFFFFB4450000FD25A0C8E9A3C14FC9
:10CC5000FFFFFFFFFF3F000000000080000000001A
:10CC6000FF3F0000000000800000000050726F6471
:10CC700075637420494420726561642061732030BB
:10CC800020696E64696361746573206465766963A5
:10CC9000652069732065697468657220696E636FC9
:10CCA0006D70617469626C65206F7220616E204DD9
:10CCB0005055333035302E0D0A0000002B434F4EB7
:10CCC0004E454354494E473C3C30303A30303A3080
:10CCD000303A30303A30303A30300D0A000000003F
:10CCE0002B434F4E4E45435445440D0A000000006F
:10CCF0002B5041495241424C450D0A002B444953A7
:10CD0000433A535543434553530D0A002B52454173
:10CD100044590D0A000000007B252E33663A252E6B
:10CD200033663A252E33663A252E33663A252E335E
:10CD3000663A252E33663A252E33663A252E33661B
:10CD40003A252E33663A252E33663A252E33663A37
:10CD5000252E33663A252E33667D000098CD0008D7
:10CD6000000000201C0300006C01000814CE000825
:10CD70001C03002034290000C80100081C0000002A
:10CD800043000000F8FFFFFF0C0000000E00000051
:10CD90000F0000002E000000120112021A010229E9
:10CDA000030158295B8210031524F4136ABD1B0884
:10CDB0005E0401207A88240324803F5AFF0449DF5F
:10CDC0000B1C0142A8120212031204120512061AC9
:10CDD00007671209120A120B120C120D120E8A0F9B
:10CDE000C2011913BCCC1B08E0041AFC04130CCDBF
:10CDF0001B08F0080140150AD7233C35C0414523E4
:10CE0000B219028F0505620AD7A33BCB803F0CE91C
:04CE100010094C5069
:0400000508000131BD
:00000001FF
