:020000040800F2
:10000000402C00202D02000891580008A14700084C
:1000100041580008BD1800089D6900080000000054
:10002000000000000000000000000000096200085D
:10003000B11B0008000000002760000851620008A2
:10004000470200084702000847020008470200086C
:10005000470200084702000847020008470200085C
:10006000470200084702000847020008470200084C
:10007000470200084702000847020008470200083C
:10008000470200084702000847020008470200082C
:10009000470200084702000847020008B31B000897
:1000A000470200084702000847020008470200080C
:1000B00047020008470200084702000847020008FC
:1000C00047020008470200084702000847020008EC
:1000D0004702000847020008470200083969000883
:1000E00047020008470200084702000847020008CC
:1000F00047020008470200084702000847020008BC
:1001000047020008470200084702000847020008AB
:100110006965000881650008470200084702000879
:100120004702000847020008491900084702000872
:1001300000F002F800F06AF80AA090E8000C82448F
:100140008344AAF10107DA4501D100F05FF8AFF26C
:10015000090EBAE80F0013F0010F18BFFB1A43F0A5
:10016000010318471CD100003CD100000A444FF0A5
:10017000000C10F8013B13F0070408BF10F8014B06
:100180001D1108BF10F8015B641E05D010F8016B4B
:10019000641E01F8016BF9D113F0080F1EBF10F8AF
:1001A000014BAD1C0C1B09D16D1E58BF01F801CBD2
:1001B000FAD505E014F8016B01F8016B6D1EF9D555
:1001C0009142D6D37047000000230024002500266A
:1001D000103A28BF78C1FBD8520728BF30C148BFAA
:1001E0000B60704766290BF03082642900F086802E
:1001F000002070471FB500F0DDFC04000020002146
:100200000AF076F8E0601FBD10B510BD00F0D6FD15
:100210001146FFF7EFFF08F0FBF900F0F4FD03B41F
:10022000FFF7F2FF03BC06F0D5FC00000948804749
:1002300009480047FEE7FEE7FEE7FEE7FEE7FEE7C8
:10024000FEE7FEE7FEE7FEE704480549054A064BE0
:1002500070470000CF6200083101000840260020EE
:10026000402C00204028002040280020704710B576
:100270004C1084EA530404D54042C1F1000138BF58
:10028000491E1B4204D55242C3F1000338BF5B1E16
:1002900000F078F914F0804F04D04042C1F1000121
:1002A00038BF491E14F0004F04D05242C3F100037E
:1002B00038BF5B1E10BD00000FB4044910B503AA7F
:1002C000029800F065FC10BC5DF814FB780000207B
:1002D0000FB41CB5084B06AA7B44694600900598EC
:1002E00000F03DFC04460020694600F04BFC20462F
:1002F0001CBC5DF814FB0000A90800002DE9F041CA
:100300000646002410687529314616A510D0AFF3B3
:100310000080002802DA404213A507E031688A070E
:1003200001D512A502E0490704D511A5012401E079
:10033000AFF3008000210A2206F1240709E0B0FB98
:10034000F2FCB0FBF2F302FB1C003030785418468C
:10035000491C0028F3D123462A463046BDE8F04127
:1003600000F092B9000000002D0000002B000000FA
:10037000200000002DE9F0474FF0000A89460446AE
:10038000C0F820A02046E1688847002876D02528BC
:1003900006D0D4E901219047206A401C2062F1E791
:1003A000E168204600258847C4F81CA006460027BF
:1003B000C4F818A02A2E09D0304606F004FC38B341
:1003C00004EB8708303EC8F8186019E059F8041BA0
:1003D000204604EB87029161E1688847012F0646B9
:1003E00018D1E069002820DA25F020051DE0D8F8B2
:1003F000180000EB800006EB40003038C8F8180009
:100400002046E1688847064606F0DDFB0028EED16D
:10041000012F0AD02E2E08D12046E16888477F1C84
:100420000646022F45F02005C4DBA069002803DA48
:10043000404245F00105A061E80701D025F0100514
:10044000B6B1A6F14100192802D8203645F400655E
:100450004A463146204625604D46FFF7C3FE58B157
:10046000012806D0ED1D25F0070000F1080989E7F5
:1004700004E005F1040985E730468AE7206ABDE813
:10048000F08740EA010310B59B070FD1042A0DD372
:1004900010C808C9121F9C42F8D020BA19BA884265
:1004A00001D9012010BD4FF0FF3010BD1AB1D307A4
:1004B00003D0521C07E0002010BD10F8013B11F8DA
:1004C000014B1B1B07D110F8013B11F8014B1B1B03
:1004D00001D1921EF1D1184610BD02F0FF0343EA8C
:1004E000032242EA024200F002B84FF0000204295F
:1004F000C0F0128010F0030C00F01B80CCF1040C53
:10050000BCF1020F18BF00F8012BA8BF20F8022B86
:10051000A1EB0C0100F00DB85FEAC17C24BF00F82C
:10052000012B00F8012B48BF00F8012B70474FF05A
:10053000000200B5134694469646203922BFA0E833
:100540000C50A0E80C50B1F12001BFF4F7AF09073F
:1005500028BFA0E80C5048BF0CC05DF804EB890030
:1005600028BF40F8042B08BF704748BF20F8022B73
:1005700011F0804F18BF00F8012B7047704770478B
:100580007047704753EA020C00F069802DE9F04B88
:100590004FF00006002B1FBFB3FA83F503FA05F4F2
:1005A00024FA05F65E4012BF1643B2FA82F502FA4B
:1005B00005F4C5F120051EBF22FA05FC44EA0C042F
:1005C000203556EA044C4FEA144418BF641C4FF01F
:1005D00000084FF00009904271EB030C39D3002959
:1005E00019BFB1FA81F701FA07F6B0FA80F700FAFD
:1005F00007F6C7F120071EBF20FA07FC46EA0C06E3
:100600002037B6FBF4FCA7EB0507103F07F01F0BE4
:10061000CBF120060CFA0BFB2CFA06F644BFB346CE
:100620000026202FA4BF5E464FF0000B5BEA060CAD
:1006300008BF4FF0010B19EB0B09ABFB027C48EB39
:100640000608C01B06FB02CC0BFB03CC71EB0C01B4
:10065000C1E70B46024641464846BDE8F08B13B55C
:100660004FF000004FF00001AFF30080BDE81C40E8
:10067000704710B500F0A2FA006810BD10B504462E
:1006800000F09CFA046010BD2DE9F0470D46994634
:100690009246044600F124080168880604D5E06902
:1006A00021F01001216000E00120A84201DD471B7C
:1006B00000E00027A1697A1902EB0900081AA0617D
:1006C0002078C00602D42046AFF30080002608E060
:1006D000D4E901211AF806009047206A401C761CD4
:1006E00020624E45F4DB2078C0060AD52046AFF3E1
:1006F000008006E0D4E9012130209047206A401CA8
:100700002062381EA7F10107F4DC07E0D4E90121DB
:1007100018F805009047206A401C2062281EA5F1A9
:100720000105F3DC2046AFF300802078000602D5F7
:100730000220BDE8F0870120FBE770472DE9FF4F5D
:100740000C461E464FF0FF378BB0D2E90001DDF8B2
:1007500060800A908A46C1F30A5505B93D460021DA
:1007600008464FF00000BAF1000F00F4400005DA2F
:1007700000EB80004FF4400101EA50004FEA90592D
:10078000B9F1010F00DDB9460A9850EA4A000ED0CF
:1007900044F61050A5F2FF3545432F14B8F1000F71
:1007A0001ED07542291E1EDDC9F100021CE0B8F101
:1007B000010F4FF0000001D0302103E0F24305E0CB
:1007C0002154401CB042FBDB304600220021215462
:1007D0000B99C1F80880C1E900200FB0BDE8F08F87
:1007E000BD1B6D1CDEE74A4600DA694206A800F030
:1007F0006FFA06AB93E8070003AB83E807005046A7
:100800000A9900F049FB8DE80700A0F500501F3859
:1008100000900398002D09DD42F21F014A4608446A
:1008200003A90390684600F0A8FD08E0A0F5005079
:100830004A461F3803A90390684600F0B2FD8DE8D0
:1008400007000004000C03D04FF0FF30410800E027
:100850001046B8F1000F03D00022009215461EE0AA
:10086000751E05D400F0AEF9303262556D1EF9D513
:10087000B3460122084302D000227F1C04E0207806
:10088000302801D100227F1E002A099786D01DE062
:10089000112D07DA00F096F9303262556D1C50EADE
:1008A0000102F5D1084302D00098C8B10EE0002142
:1008B000681E05E0235C625C63542254401E491CA0
:1008C0008142F7DBAB46A81B401E0990002004F8CC
:1008D0000B000B98099AC0F80880C0E9002B7CE750
:1008E00011264FF0000859E72DE9F04F88460446DD
:1008F000D21D22F0070191B0D1E90001CDE90A0132
:1009000006F0A6F802460B98C00F01D02D2007E094
:100910002068810701D52B2002E0202101EAC000D8
:10092000032A099001D0072A05DB034641462046E9
:1009300000F08EF90BE12078800601D5E06900E037
:100940000620B8F1650F814606D0B8F1660F18D0C1
:10095000B8F1670F70D131E00020B9F1110F0090AC
:1009600001DB112301E009F101030AAA01A90CA886
:10097000FFF7E4FEDDE90C70002609F1010583466E
:1009800047E001204B4600904FF000470AAA01A91A
:100990000CA8FFF7D3FEDDE90DB00C995D460026EB
:1009A00010B909F101000D18B9EB050003D4C0F12D
:1009B000FF3609F10105A5EB09002BE0B9F1010FA4
:1009C00001DA4FF001090020B9F1110F00904846FB
:1009D00001DD112300E003460AAA01A90CA8FFF7D4
:1009E000ADFEDDE90C704D460026834620780007F9
:1009F0000AD4AB4500DA5D4601A8012D04DD41199A
:100A000011F8011C302907D04F4502DA17F1040F05
:100A100004DA012082460FE06D1EEEE7002F02DCB3
:100A2000ED1B3E4403E0781CA84200DD7D1CB81B92
:100A300000F1010A4FF000472078000703D4AA45CF
:100A400001DB4FF0FF3A0021B7F1004F0DF14308F1
:100A50008DF8431024D002202B23002F01DA7F428F
:100A60002D230A21021EA0F1010000DC5FB197FBDB
:100A7000F1FC97FBF1F201FB1C7C17460CF1300CEA
:100A800008F801CDEEE7A8F10100037021880905FF
:100A900001D5452100E06521A0F1010800F8011C05
:100AA00009980FA9A1EB0807FF1D00B1012041190A
:100AB00001EBEA70A1693844081A401EA061207851
:100AC000C00602D42046AFF30080099828B1D4E9CB
:100AD00001219047206A401C20622078C00622D560
:100AE0002046AFF300801EE0002E04DBB34502DD9C
:100AF00001A8805D00E03020D4E901219047206A00
:100B0000401C2062761CAAF101005FEA000A0AD1AB
:100B100000F050F8C0680168405CD4E901219047BA
:100B2000206A401C2062281EA5F10105DCDC07E0DC
:100B3000D4E9012118F8010B9047206A401C20627B
:100B4000381EA7F10107F3DC2046AFF30080032035
:100B500011B043E601694A1C02610878704700B58C
:100B60008FB0CDE901310021059105497944CDE9E6
:100B7000031011466846FFF7FDFB0FB000BD0000F3
:100B8000E5FFFFFF0A6802F8010B0A6070470000EA
:100B9000074B70B50D467B44FFF7E1FF044628463E
:100BA00000F004F910B14FF0FF3070BD204670BD69
:100BB000FB73000000487047FC2500200048704788
:100BC000DC25002030B5B0F10A024FEA900E71F139
:100BD00000034EEA817EB0EB0E0061EB91014FEA1B
:100BE000101E4EEA017E10EB0E0041EB11114FEA90
:100BF000102E4EEA016E10EB0E0041EB11214FEA70
:100C0000104E4EEA014E10EB0E0041EB1141401820
:100C100041F100014FEAD00040EA41704FEAD101B2
:100C200010EB80054FEA810444EA907444EB010420
:100C30006D1944EB0404521BA3414FF0000348BF5D
:100C40000A3200D530BD401C41F1000130BD00002A
:100C50002DE9F0411F46044603260168072A01F4E6
:100C6000006004DB08B116A505E016A503E008B195
:100C700015A500E015A521F010002060A069C01E98
:100C8000A0610FB1401EA0612046AFF300804FB1BC
:100C9000D4E9012138469047206A401C2062C01CDC
:100CA000206206E0206AFAE7D4E9012115F8010B79
:100CB0009047761EF8D22046AFF30080BDE8F08161
:100CC0004E414E006E616E00494E4600696E6600F0
:100CD0002DE9F047814616468AB0334878440DC85E
:100CE0008DE80D0030487844801C03AC0DC884E8C2
:100CF0000D0041F69B300844372190FBF1F290FB48
:100D0000F1F5A5F1800501FB12041B3C02D56442FC
:100D1000012000E00020DFF890A080460027FA4480
:100D2000AAF1BE0A0DE0E00709D03246684607EB9B
:100D300047010AEB810100F034FB8DE807006410E5
:100D40007F1C002CEFD1184F7F44AC3F18E0E80720
:100D500014D007EB04100DF1180A90E80E008AE891
:100D60000E00C068F04201D198190890324606A9D9
:100D700003A800F016FB03AB83E807006D10641CAA
:100D8000002DE4D132466946B8F1000F03A802D025
:100D900000F0F3FA01E000F004FBC9E90001C9F832
:100DA00008200AB0BDE8F08794C40000007B00F082
:100DB0008000704700487047DC2500207546FFF72B
:100DC000F9FFAE4605006946534620F00700854608
:100DD00018B020B5FFF738FABDE820404FF0000604
:100DE0004FF000074FF000084FF0000B21F0070113
:100DF000AC46ACE8C009ACE8C009ACE8C009ACE856
:100E0000C0098D46704710B50446AFF300802046F8
:100E1000BDE81040FFF703BA4FF0013C50F8042B37
:100E200051F8043B9A4221D1A2EB0C03934313EAFD
:100E3000CC1317D150F8042B51F8043B9A4215D12A
:100E4000A2EB0C03934313EACC130BD150F8042B01
:100E500051F8043B9A4209D1A2EB0C03934313EAE5
:100E6000CC13DBD04FF00000704700BFD01A01BA9E
:100E7000B1FA81F101F0180122FA01F0CB40C1F181
:100E80002001DBB2C0B2C01A2CFA01F3D11A91438F
:100E900011EAC311E6D170475FEA400C08BF91F038
:100EA000000F4FEA8C234FEAC12243EA51514FEA27
:100EB0001C5018BF00F5F0404FEA300018BF41F059
:100EC00000415FEA6C5C00F02980BCF1FF3F08BF85
:100ED00040F080407047130C06BF12044FF0100C16
:100EE0004FF0000C130E04BF12020CF1080C130F8C
:100EF00004BF12010CF1040C930F04BF92000CF11B
:100F0000020CD30F04BF52000CF1010C11464FF03C
:100F10000002A0F11F00A0EB0C00704711F0004F81
:100F200008BF704731F000413FF4D5AF0B0C06BF4E
:100F300009044FF0100C4FF0000C0B0E04BF090217
:100F40000CF1080C0B0F04BF09010CF1040C8B0F02
:100F500004BF89000CF1020CCB0F04BF49000CF157
:100F6000010CCCF12003A0EB0C0022FA03F302FAEF
:100F70000CF241EA030100F10100704720F07F4CC0
:100F800080EA030023F07F47ACEB070303F57C53B3
:100F900000F0004003F1FF032DE980494FEA154BB3
:100FA00009B44FEA144325EA0B4E24EA03480FF232
:100FB000042606EB132749083E785FEA320203FB5A
:100FC0000667C7F5000707FB06F64FEA54374FEAF6
:100FD000D64606F1020607FB066CCCF1005C4FEA30
:100FE0001C472CEA074C07FB06F40CFB06F504EB48
:100FF00015464FEA961634BF00204FF000404FEAE6
:10100000D13706FB07FC4FEA1C4C0CFB0BF7D21B3D
:1010100003FB0CF761EB07010CFB0EF7B0EB07408D
:1010200072EB17420CFB08F734BFA2EB0742B2EB9E
:10103000074261EB17414FEA0C444FEA910706FB68
:1010400007FC4FEA1C4C0CFB0BF7B0EBC74072EBF4
:10105000573203FB0CF734BFA2EBC742B2EBC742D7
:1010600061EB57310CFB0EF7B0EBC70072EB577218
:101070000CFB08F734BFA2EBC702B2EBC70261EB6F
:101080005771039F4FEA816141EA921104EBCC044E
:101090004FEAD1374FEA826206FB07FC42EA901220
:1010A0004FEA80604FEA1C4C0CFB0BF7D21B03FB92
:1010B0000CF761EB07010CFB0EF7B0EB074072EB8E
:1010C00017420CFB08F734BFA2EB0742B2EB074212
:1010D00061EB17414FEA8C554FEA910704EB9C24D2
:1010E00006FB07FC4FEA1C4C0CFB0BF7B0EBC740B0
:1010F00072EB573203FB0CF734BFA2EBC742B2EBE3
:10110000C74261EB57310CFB0EF7B0EBC70072EB37
:1011100057720CFB08F734BFA2EBC702B2EBC70251
:1011200061EB577115EB4C254FEA816141EA921151
:101130004FEA82624FEAD13742EA901206FB07FC7F
:1011400044F100044FEA80604FEA1C4C0CFB0BF7A3
:10115000D21B03FB0CF761EB07010CFB0EF7B0EBA6
:10116000074072EB17420CFB08F734BFA2EB0742B3
:10117000B2EB074261EB174115EB1C154FEA8131C9
:1011800041EA92414FEA823242EA90424FEA80308D
:101190004FEA0C7644F1000448EA03434EEA0B4858
:1011A0004FF0000EB2EB080C71EB030724BF624650
:1011B00039464EEB0E0E4FF0000B001852414941DC
:1011C0004BEB0B0BB2EB080C71EB03077BF1000B45
:1011D00024BF624639464EEB0E0E4FF0000B00184E
:1011E000524149414BEB0B0BB2EB080C71EB03077F
:1011F0007BF1000B24BF624639464EEB0E0E51EADE
:10120000020718BF46F0010616EB0E7655F10002F4
:1012100054F1000103D5BDE88901BDE80088BDE8AF
:101220008901BDE80048B619524141EB0101A3F123
:101230000103704780807F7E7D7C7B7A797877762A
:1012400076757473727171706F6E6E6D6C6C6B6AA3
:101250006A69686867666665646463636261616041
:10126000605F5F5E5E5D5D5C5C5B5B5A5A595958BE
:101270005857575656555555545453535252525128
:10128000515050504F4F4F4E4E4D4D4D4C4C4C4B7E
:101290004B4B4A4A4A4949494848484747474746C5
:1012A0004646454545444444444343434342424201
:1012B00042414141002B26D4770021D01CB54FEA92
:1012C000370703B44FF010004FF010014FF000004B
:1012D0000FBCBDE810400BF1010BBBF1010F08BFC3
:1012E0005FEA170722BF12F1010211F101014FF06D
:1012F000004143F1000300F0004043EA0000704762
:10130000F9D35708DAE746EA064613F1400F4FEAE9
:1013100016461FDD13F1200FDFBF16430A460021DA
:1013200020335B42C8D0C3F1200746EA064602FAE2
:1013300007F74FEA164646EA0706C3F1200722FAE6
:1013400003F201FA07F721FA03F14FF0000342EA32
:101350000702B1E746EA020646EA06464FEA1646A3
:1013600046EA0106BCBF46EA0646360C4FF00003CB
:101370004FF000024FF000019EE72DE9C048934670
:1013800030B491E8380007C831EA400C48BF34EA6D
:10139000430C03D5FFF7F2FDFFF78CFFF0BCBDE86F
:1013A00000882DE9C048934630B491E8380007C85A
:1013B00010F0804F08BF13F0804F03D100F005F804
:1013C000FFF778FFF0BCBDE8008820F07F4780EA97
:1013D000030023F07F4C07EB0C03A3F57C5300F0D4
:1013E0000040A3F1FE0392F0000F00F0B38095F0EF
:1013F000000F00F077802DE901494FEA11404FEAD4
:10140000144621EA004800FB06FC24EA064708FBD4
:1014100006F607FB08F800FB07F718EB06484CEB4D
:10142000164C4FEA124B18EB07484FEA15464CEBA7
:10143000174022EA0B4E0BFB06FC25EA06470EFB83
:1014400006F607FB0EFE0BFB07F71EEB064E4CEBFA
:10145000164C4FF000061EEB074E4CEB174B18EBEB
:101460000B0840F1000018EB0E0B58EB000840F1A0
:1014700000008F1A4FF000013CBFC943661B14BF28
:10148000B5EB040C00213CBFC943F61B4FEA1744DF
:101490004EEA8E0E27EA04454FEA1C4704FB07621A
:1014A0002CEA074C05FB07F70CFB05F604FB0CFCCC
:1014B00016EB074642EB174216EB0C4642EB1C427A
:1014C0001BEB060658EB0202414146EA9E0601D597
:1014D000BDE80189B619524141EB0101A3F10103B5
:1014E000BDE801894FEA14454FEA114724EA054651
:1014F00021EA074C05FB07F406FB07F70CFB06F196
:1015000005FB0CFC11EB074144EB17444FEA124773
:1015100011EB0C4144EB1C4422EA074C05FB07F29B
:1015200006FB07F70CFB06F605FB0CFC16EB074663
:1015300042EB174216EB0C4642EB1C456A1854F17D
:10154000000148BF7047B619524141EB0101A3F1B8
:101550000103704795F0000F37D04FEA11424FEA70
:10156000144721EA024624EA074C02FB07F106FB76
:1015700007F70CFB06F402FB0CFC14EB074441EBF1
:1015800017414FEA154714EB0C4441EB1C4125EA87
:10159000074C02FB07F506FB07F70CFB06F602FB00
:1015A0000CFC16EB074645EB174516EB0C4645EBD6
:1015B0001C42121951F1000148BF7047B61952413F
:1015C00041EB0101A3F1010370474FEA14454FEAD3
:1015D000114724EA054621EA074C05FB07F106FB03
:1015E00007F70CFB06F24FF0000605FB0CFC12EBB4
:1015F000074241EB174112EB0C4251EB1C4148BF33
:101600007047921841EB0101A3F1010370470000FC
:1016100070B5044600688168C943C90717D181685D
:1016200021F00101816001F035FD05460AE000BFAF
:1016300001F030FD401B022804D920688068C043B7
:10164000C00706D020688068C043C007F0D00020E3
:1016500070BDA06A40F01000A062E06A40F0010096
:10166000E062012070BD0000F8B500260446009637
:1016700000688168C943C9072DD0816841F0010124
:101680008160164816490068B0FBF1F000E0401E8A
:1016900000900028FBD101F0FDFC054616E000BFDC
:1016A00001F0F8FC401B022810D920688068C04374
:1016B000C0070BD0A06A40F01000A062E06A40F0C2
:1016C0000100E06284F824600120F8BD2068806891
:1016D000C043C007E4D10020F8BD0000880000200E
:1016E00040420F002DE9F04F3D48C9B0006809F0B5
:1016F00001FC82463B488B46006809F0FBFB8146B3
:1017000039480F91006809F0F5FB074637488846CD
:10171000006809F0EFFB054635480E46006809F001
:10172000E9FB0E9033480C46006809F0E3FBCDE975
:101730000C013148006809F0DDFBCDE90A012F48B2
:10174000006809F0D7FBCDE908012D48006809F0D1
:10175000D1FBCDE906012B48006809F0CBFBCDE9B0
:1017600004012948006809F0C5FBCDE902012748BA
:10177000006809F0BFFBCDE900012548006809F0C9
:10178000B9FB0B460F99CDE916ABCDE914910DF1DC
:101790003C09024689E8F0011E4918A8FEF798FDA9
:1017A00000281ADDC02800DDC0201B4E002218AB27
:1017B00044F62064371D0EE09D5C214600E0491E82
:1017C000D6F800C05FEA0C6C02D40029F7D101E022
:1017D00001B13D60521C8242EEDB49B0BDE8F08FA2
:1017E00000020020FC010020F8010020F40100208C
:1017F000F0010020380200203402002028020020DE
:1018000024020020140200200C02002048020020C4
:101810004402002038D2000800480040F0B52249B8
:101820000022CC7A8B7A27465B1C641C4D7ADBB293
:10183000E6B22B2812D085B30C7A01F1280C641C77
:10184000E4B20CEB850C0C725CF804CC1CF804C000
:1018500084450CD18B72222B06D01CE06D1C4D727E
:101860000A728B72CE7216E08A72CA7211E00E4B47
:10187000203303EB850353F8043C1B5D834203D004
:10188000012D0BD10D2F09D3CE722C2E03D1CA728C
:101890008A724A720A720120F0BD03E08A72CA722B
:1018A0004A720A720020F7E74401002002494FF40F
:1018B000004008607047000014080140FEE7000087
:1018C0002DE9F0410D4C0A4607460B4E10462168A3
:1018D00009F00EFD216B09F039FB0146084809F0BB
:1018E00007FD05463146384609F002FD294609F054
:1018F0002DFB2063BDE8F0810AD7A33C60020020E5
:1019000048E17A3F2DE9F0410D4C0A4607460B4E5F
:101910001046216809F0ECFC216E09F017FB014626
:10192000084809F0E5FC05463146384609F0E0FC78
:10193000294609F00BFB2066BDE8F0810AD7A33CDD
:101940006002002048E17A3F014800F01DBE00001F
:10195000AC05002030B590F840500124AC40C56B78
:101960006C60046863604368102B036803D099605F
:101970000068C26030BD9A600068C16030BD000080
:10198000F8B5374F002601200096387002466B46A6
:101990007521682006F0B6FD32A0FEF78DFC9DF89B
:1019A000000068280CD0BFF34F8F37480168374AD2
:1019B00001F4E06111430160BFF34F8F00BFFDE709
:1019C00006F046FF002848D1782007F0FFFB10B949
:1019D00024A0FEF771FC782006F06CFE10B92CA054
:1019E000FEF76AFCC82007F0B1FB10B932A0FEF781
:1019F00063FC05F0C3FE10B939A0FEF75DFC454855
:101A0000044606F0E1FD0546E01C06F0DDFD45EA72
:101A1000C005A01D06F0D8FD45EA801080B206F092
:101A20005DF810B93CA0FEF747FC40F2731005F0DA
:101A30007DFD10B942A0FEF73FFCC82005F0B6FFBF
:101A400010B949A0FEF738FC08F044FB012007F06C
:101A5000A3FA10B94DA0FEF72FFC3E70F8BD0000B0
:101A6000080000206D70755F7365745F73656E7339
:101A70006F7220636F6D706C657465202E2E2E2E34
:101A80002E2E0D0A000000000CED00E00400FA0507
:101A90006D70755F636F6E6669677572655F6669A5
:101AA000666F20636F6D706C657465202E2E2E2E10
:101AB0002E2E0D0A000000006D70755F7365745F57
:101AC00073616D706C655F7261746520636F6D70BA
:101AD0006C657465202E2E2E2E2E2E0D0A00000011
:101AE000646D705F6C6F61645F6D6F74696F6E5F62
:101AF0006472697665725F6669726D77617265207E
:101B0000636F6D706C657465202E2E2E2E2E2E0D3B
:101B10000A000000F8000020646D705F7365745F58
:101B20006F7269656E746174696F6E20636F6D703A
:101B30006C657465202E2E2E2E2E2E0D0A000000B0
:101B4000646D705F656E61626C655F66656174751A
:101B5000726520636F6D706C657465202E2E2E2E5D
:101B60002E2E0D0A00000000646D705F7365745FB7
:101B70006669666F5F7261746520636F6D706C6516
:101B80007465202E2E2E2E2E2E0D0A006D70755F80
:101B90007365745F646D705F737461746520636FE7
:101BA0006D706C657465202E2E2E2E2E2E0D0A0063
:101BB00070474FF4007001F05FB972B6FEE70000A5
:101BC0000EB50B2801D00F2800D100900120019004
:101BD000072002906946074800F0DCF9054800F04C
:101BE000B7FB0A21034800F015FB024800F050FA49
:101BF00080B20EBD340300202DE9F04100250E46D1
:101C000007462C4608E03846FFF7DAFF0544012076
:101C100005F054FC641CE4B2B442F4D3B5FBF6F016
:101C200080B2BDE8F08100002DE9FE4FDFF8089298
:101C3000DFF80882DFF808A2DFF808B2824D012839
:101C40007ED04421D02002F0ACFD04464321D020B8
:101C500002F0A7FD04EB00207C4C4621E081D0205F
:101C600002F09FFD06464521D02002F09AFD06EBCA
:101C7000002060824821D02002F093FD06464721D3
:101C8000D02002F08EFD06EB002020823C21D020E7
:101C900002F087FD06463B21D02002F082FD06EBD4
:101CA000002020813E21D02002F07BFD06463D2110
:101CB000D02002F076FD06EB0020A0804021D0204D
:101CC00002F06FFD06463F21D02002F06AFD06EBD0
:101CD000002007B2E780B4F90E60704209F0A8FA5C
:101CE000C8F80000B4F9080008F08DFDDFF8608145
:101CF000584B424608F000FC08F010FB0290B4F983
:101D0000040008F080FD4246524B08F0F5FB08F055
:101D100005FB0190384608F076FD42464D4B08F031
:101D2000EBFB08F0FBFA0090304608F06CFDDFF8A2
:101D300028814FF066373A46434608F0DDFB00E065
:101D400016E008F0EBFA0646B4F9120008F05BFD65
:101D50003A46434608F0D0FB08F0E0FA07463F4811
:101D6000DFF8FC800078022818D003283ED052E02B
:101D700004F05AF93B4C2968C9F80010B4F9000086
:101D800009F056FAC8F80000B4F9040009F050FA56
:101D9000CAF800003448B0F9040047E0DDE900105B
:101DA00086F0004202F020FF09F0A4F8304E2F4ADE
:101DB000334608F0A1FB00222E4B08F08BFD08F003
:101DC000ADFA28603A460099029803F039F809F014
:101DD00091F8264A334608F08FFB0022254B08F085
:101DE00079FD08F09BFAC8F8000014E0B4F90A0085
:101DF00009F01EFA3146FFF763FD80F000402860CD
:101E0000B4F90C0009F014FA3946FFF77BFD80F0B5
:101E10000041C8F800102968C9F80010B4F9100092
:101E200009F006FACAF80000B4F9060009F000FA51
:101E3000CBF80000BDE8FE8F6000002064000020A9
:101E40006800002070000020E4000020A4010020B1
:101E50008FC2F5285C1F9A40665E8D40000000200E
:101E6000E0000020EC000020F2000020F1D4C85374
:101E7000FB2109400080664010B50B20FFF7A0FE53
:101E800008F0D8FC4FF06632094B08F023FD002221
:101E9000084B08F01FFD0022074B08F01BFD6FF0F8
:101EA0000B0209F006FCBDE8104008F07DBC000004
:101EB00066660A400000264000005940F8B500253B
:101EC0000446009590F8240001280BD0012084F8E6
:101ED00024002046FFF79CFB2046FFF7C5FB0600C9
:101EE00002D050E00220F8BDA06A20F4885040F0F3
:101EF0000200A062022001F06FF925490968B1FBD8
:101F0000F0F0400000E0401E00900028FBD1206867
:101F1000816841F00801816001F0BCF8074608E0E3
:101F200001F0B8F8C01B0A2803D9206880680007B0
:101F300015D4206880680007F2D42068816841F0D9
:101F40000401816001F0A6F8074612E001F0A2F852
:101F5000C01B0A280DD920688068400709D5A06AEF
:101F600020F0020040F01000A06284F8245001200C
:101F7000F8BD206880684007E8D4A06A20F002001D
:101F800040F00100A06284F824503046F8BD000003
:101F900088000020F8B50024009490F824202546FD
:101FA000012A12D0012280F824204A681F23072A20
:101FB0000DD20668776B521E02EB820293409F435C
:101FC0000B6893401F43776319E00220F8BD066851
:101FD0000D2A0AD2376BD21F02EB820293409F4335
:101FE0000B6893401F43376309E0F76A0D3A02EB31
:101FF000820293409F430B6893401F43F7620A6835
:10200000072306680A2A0AD3F7680A3A02EB420253
:1020100093409F438B6893401F43F76008E0376904
:1020200002EB420293409F438B6893401F4337610A
:102030000A68102A01D0112A20D1124B02689A4254
:1020400017D193681B0219D4936843F4000393607B
:102050000968102912D10C490C4A0968B1FBF2F148
:1020600001EB8101490000E0491E00910029FBD1EC
:1020700004E0816A41F020018162012480F824504B
:102080002046F8BD002401408800002040420F0097
:102090000068C06C704700002DE9F04104004FF06B
:1020A000000514D0A06A002628B9E66284F82460EE
:1020B000204600F083F82046FFF7AAFAA16A01F053
:1020C0001001014304D0A06A40F01000A0626BE050
:1020D000A16A21F4885141F00201A16233492368C9
:1020E0008B42E16904D1B1F5402F01D14FF40021B9
:1020F000277B4FF4807C41EA470261680A43A1686C
:10210000614509D0012907D05FF0000194F814E07F
:10211000BEF1010F02D00AE06146F7E7C7B1A76A36
:1021200047F02007A762E76A47F00107E7625F68A8
:1021300027F469470F435F60236899681C4F394053
:1021400011439960A16861450BD0012909D00CE0C9
:10215000DFF860E0A7690EEB47370F4347F40061F3
:10216000E5E7218A0D05A5F580152168CB6A23F4E2
:1021700070032B43CB62216889680F4B1940914251
:1021800008D1E662A16A21F0020141F00101A162D9
:10219000BDE8F081A06A20F0020040F01000A062CB
:1021A000E06A40F00100E0620120F1E7003C0140FC
:1021B000FDF7E1FF00E0FFFFFE0E1FFF00B585B059
:1021C0000021009101910291039100680E4988421B
:1021D00018D10E48816941F480618161816901F4FF
:1021E00080610491816941F01001816180696946D3
:1021F00000F0100004902220009003200190044879
:1022000000F046FE05B000BD00280140001002406D
:10221000001001402DE9F84300270D4604460097C1
:1022200000F038FF804620688168C90508D5A06A9B
:1022300040F02000A06284F824700120BDE8F883FB
:102240004168C90503D4C06A10F4700F2AD0022077
:1022500000F0C2FF3B490968B1FBF0F62068036952
:1022600039490B424FEA61014FEAA1121FD1C368FD
:102270004FEA611C13EA0C0F19D103690B4225D1F7
:10228000C068104222D1142023E0681C0AD02DB16E
:1022900000F000FFA0EB0800A84203D92068006806
:1022A000800725D5206800688007EED52DE00369FA
:1022B0000B4202D1C168114206D0026923490A4289
:1022C00006D1C068084203D1542002E0292000E072
:1022D000FC204643009816E0681C11D02DB100F098
:1022E000D9FEA0EB0800A8420AD90098B04207D254
:1022F000A06A40F00400A06284F8247003209DE7E7
:102300000098401C0090B042E6D321686FF01200A4
:102310000860A06A40F40070A06220688068C0F382
:10232000424007280CD1207B50B9A06A20F480706D
:10233000A062A06AC00403D4A06A40F00100A062B9
:1023400000207BE788000020244992244992240041
:1023500070B5044690F8240001280DD0012084F8BF
:1023600024002046FFF780F902004FF0000005D05E
:1023700084F82400104670BD022070BDA16A40F2AE
:102380000123994341F48071A1621F4D23681F49C5
:10239000AB4218D10E6816F4702F14D0A66A46F41A
:1023A0008016A6620E68760505D5A66A26F4005644
:1023B00046F48056A662A66AF6040AD5E66A26F0B6
:1023C0000606E66206E0A66A26F48016A6625E6845
:1023D000E9E7E06284F824006FF0020018602068EA
:1023E0008368C3F34243072B05D1A84208D109688B
:1023F00011F4702F04D0816841F480118160B9E735
:10240000816841F4A001F9E700280140042401405B
:1024100010B590F821100022022905D00421816313
:1024200080F82020012010BD01680B6823F00E0306
:102430000B6001680B6823F001030B6090F84030DB
:10244000C46B012101FA03F3636080F8211080F866
:102450002020104610BD00002DE9F05F90F82110FB
:102460000024022903D004218163012485E001684E
:102470000A6822F00E020A6001680A6822F001026E
:102480000A603F4E3E4FB215DFF8F4C0DFF8F0901F
:10249000DFF8ECA0DFF8E8B0DFF8E4E00168783FAF
:1024A00013011502ACF1640CA9F15009AAF13C0A20
:1024B000ABF1280BAEF1140E4FF48018B14227D9BE
:1024C000B9420ED0614512D049451DD0514518D0B2
:1024D000594518D0714501D1424615E0294EB14207
:1024E00001D1012210E0274E1436B14201D1102251
:1024F0000AE0244E2836B14206D0224A3C329142AC
:1025000001D11A4600E02A461E49091F0A602BE045
:10251000B94213D0614517D0494522D051451DD04D
:1025200059451DD0714501D142461AE0B14202D150
:102530004FF0807215E0134EB14201D1012210E03C
:10254000104E1436B14201D110220AE00D4E283649
:10255000B14206D00B4A3C32914201D11A4600E00A
:102560002A46074980394A60012180F8211000215C
:1025700080F82010416B01B188472046BDE8F09FEC
:1025800080000240080402402DE9F05FC16B0A6838
:1025900001680B68046C4FF0040808FA04F8844DD5
:1025A000844E854FDFF814C2DFF81492DFF814A2CE
:1025B000DFF814B2DFF814E218EA020F65D05FEA20
:1025C000437862D50A68920603D40A6822F00402AE
:1025D0000A60DFF8F0814FF48062016808F11408A6
:1025E00013011402414524D9A9420DD0B1420FD0A4
:1025F000B9421AD0614515D0494515D0514501D190
:10260000120312E0594501D104220EE0714501D1B7
:1026100040220AE06D4D1435A94206D06B4A28329B
:10262000914201D11A4600E022466749091F0A601B
:1026300029E0A94213D0B14215D0B94220D061455A
:102640001BD049451BD0514502D14FF4800217E001
:10265000414502D14FF0806212E0594501D1042278
:102660000EE0714501D140220AE0584D1435A942CF
:1026700006D0564A2832914201D11A4600E022463D
:102680004B4908394A60C16A71E04FF0020808FA04
:1026900004F818EA020F70D05FEA83786DD50A68F3
:1026A000920606D40A6822F00A020A60012180F824
:1026B0002110DFF810814FF40072016808F114084E
:1026C00013011402414524D9A9420DD0B1420FD0C3
:1026D000B9421AD0614515D0494515D0514501D1AF
:1026E000120312E0594501D102220EE0714501D1D9
:1026F00020220AE0354D1435A94206D0334A28324B
:10270000914201D11A4600E022462F49091F0A6072
:1027100029E0A94213D0B14215D0B94220D0614579
:102720001BD049451BD0514502D14FF4001217E090
:10273000414502D14FF0007212E0594501D1022209
:102740000EE0714501D120220AE0204D1435A94246
:1027500006D01E4A2832914201D11A4600E0224694
:10276000134908394A60002180F82010816A002945
:102770001CD0BDE8F05F0847FFE70825A5401542DB
:1027800014D01A0712D50A6822F00E020A6090F8D7
:102790004020C36B012101FA02F25A60816380F884
:1027A0002110002180F82010016BE0E7BDE8F09FC8
:1027B000080002401C000240300002404400024079
:1027C000580002406C000240080402401C04024011
:1027D00030B560B11A4B026814219A4209D2194BE4
:1027E0001344B3FBF1F18900016417490AE00120A9
:1027F00030BD134B5B421344B3FBF1F1890001641C
:102800000F490839C163022180F82110136843F68B
:10281000F0718B43F0E901142143D0E902452C43C8
:1028200021430469214344692143846921431943B5
:10283000116000214163012242770177084630BDD3
:1028400008040240F8FFFDBF0000024070B50446D6
:1028500090F82000002501280CD0012084F82000E9
:1028600094F821600020012E06D084F82000022573
:10287000284670BD022070BD022684F82160A06346
:102880002068066826F0010606602046FFF762F819
:10289000E06A00282068016802D041F00E0106E0DD
:1028A00021F0040101602068016841F00A01016023
:1028B0002068016841F001010160D9E72DE9F04F7E
:1028C00091B0B0F5007F44D1042003F085FCF64DB3
:1028D0002860082003F080FCF44F40421E2138603D
:1028E0000F20FFF789F9F249F24C0880A078E8B18F
:1028F0000020A070F0480078FFF796F92078401C7F
:10290000207002F09FFFED480168B1F57A7F02DA8E
:102910000168491C0160A0780026012808D0E84918
:102920000868642818DBE748066017E00120E0E744
:10293000FFF7A2FA2063616B491C6163A26B6429F3
:102940001044A06305D190FBF1F1DF480160A6635C
:10295000666311B0BDE8F08F401C0860286808F07D
:1029600067FCDA4908F066FB08F0C4FAD84AD94B8C
:1029700007F0B0FF012208F09CFE4FF08042D64BDA
:1029800007F0BAFD07F0CAFC0546A06708F0B2FAE6
:102990000022D24B07F09EFF4FF0FF3208F089FE75
:1029A00007F0BCFCCE49DFF83CA3814608605146E5
:1029B000284608F09DFCBF4D8035296808F0C6FA0E
:1029C00083462860386808F033FCC04908F032FBC1
:1029D00008F090FABE4ABF4B07F07CFF012208F0D6
:1029E00068FE4FF08042BC4B07F086FD07F096FC76
:1029F0008046E06708F07EFA0022B84B07F06AFFD5
:102A00004FF0FF3208F055FE07F088FCB649074644
:102A100008605146404608F06BFC696808F096FA79
:102A2000824668603946484608F090FA08F062FA33
:102A3000AE4AA94B07F04EFF4FF0FF3208F039FEC7
:102A4000DFF8AC9207468846D9F8000008F052FA41
:102A50003A46434607F094FC07F060FCC9F80000D2
:102A6000A548A4490068019008F0E4FA08F042FA89
:102A7000974A984B07F02EFF07F050FC2862A048B9
:102A80009E49006808F0D6FA08F034FA9D4A9E4B39
:102A900007F020FF07468846686A08F02BFA3A4696
:102AA000434607F06DFC07F039FC0746686297481B
:102AB00000684FF0010970B1954D286858B9584623
:102AC000E16C08F04DFD60625046216D08F048FD54
:102AD000A062C5F80090207802287DD1DFF8D4816B
:102AE000267008F1800845465846D8F8081008F0C6
:102AF00037FD6169009108F09DFAC5F808B02861BA
:102B00005046E96808F02CFD009908F093FAC5F8E2
:102B10000CA068614FF0FF31384608F0F8FD68629C
:102B20006348008808F09CFBA16908F00FFD794913
:102B300008F0DEFB019908F009FA6E4908F07AFA0C
:102B400008F0D8F9624A634B07F0C4FE07F0E6FBD1
:102B5000A0660746E16E08F003FD009908F06AFAE6
:102B60008246606F08F0C6F94FF033326A4B07F0C7
:102B7000B1FE83465046019108F0BCF9674A684BA4
:102B800007F0A8FE5A46019B07F0FAFB07F0C6FBC8
:102B90002067E766606702F07DFE28680790686836
:102BA00008902869099068690A90286A0B90686AF9
:102BB0000C90A06E0D90206F0E9007A80FA905F045
:102BC000DDFB02210F9808F0A2FD20660390022190
:102BD000109808F09CFD00E0FDE0606602904B4814
:102BE000006800285FD04F48007800285BD14E482D
:102BF0000088012804D04FF07E5103D14B4802E0F9
:102C00004B49FAE74B484C4A4FF000052F461288D3
:102C10000AB10D4604E0494A12880AB181F0004524
:102C20004749098809B1074604E04649098809B1BE
:102C300080F0004715F0FF4F02D117F0FF4F32D060
:102C4000D8F814100691D8F81000049008F07EF916
:102C50004FF0FF3B594608F05AFD8246049906980A
:102C600008F07EFC594608F052FD8346514628463E
:102C700008F076FC344908F03BFB054659463846D7
:102C800008F06EFC314908F033FB314A3149954276
:102C900001DD154602E08D4200D90D462F469042D7
:102CA0005ADD10465BE06BE04C0000205000002035
:102CB0001C000020A401002000000020340000209F
:102CC00028000020240000205C00002000606A47EB
:102CD000F1D4C853FB210940E17A743F00C0504051
:102CE000540200200AD7A33B580200207B14AE47B1
:102CF0005C02002000003443600000203333834135
:102D00006400002012E7FAA146DF913F3000002066
:102D100074000020EA04B43D3333E33F9A99999953
:102D20009999D93F19000020020000206666A63F4D
:102D30006666E63FCDCC4C3F3A0000203C000020C8
:102D40003E000020400000200000E1430000AF43AF
:102D500000009644000096C4884200D90846054603
:102D60000146384608F0FCFB039908F0EFF82066AE
:102D70002946384608F0EAF8029908F0E7F8606654
:102D80003249D8F82000454688421FDC3049884245
:102D90001CD26169206E884608F0AAFA296908F0F9
:102DA000D5F80746A8614146606E08F0A1FA696946
:102DB00008F0CCF8E8613946A06F01F09DFEA862EA
:102DC000E969E06F01F0CAFEE86203E084F801906F
:102DD000AE62EE626E621F48007840B35FF00000A2
:102DE00002F05EF91C4C1D4B654222462946986A4A
:102DF00003F012F9986222462946D86A03F00CF9CA
:102E00001749D8629A6A0A60164908600146104656
:102E100003F0FCF91448D0F834011449144AC0B244
:102E2000087012680A2A04DA81F8009004E064202D
:102E3000D6E700283FF48DAD0E480660001D066001
:102E4000001D0660001D066083E50000F90F493F84
:102E5000F90F49BF190000200CE5FFFF24020020F4
:102E600054000020580000200000224204000020EE
:102E70005C00002034040040044910B50A68024296
:102E800002D00860FFF71AFD10BD000014040140D5
:102E90002DE9F84FDFF8C8910024A9F1040B23466F
:102EA0000F2709F1040AABF1040ED1E00125A5407A
:102EB00006EA0502AA4276D1DFF8A8C14E68A6EB61
:102EC0000C0866452BD00DDC032E34D005DC36B360
:102ED000012E19D0022E2FD11BE0112E16D0122E4A
:102EE0002AD119E0B8F5881F19D006DCB8F5803F63
:102EF00015D0B8F5801F1FD111E0B8F5001F0ED016
:102F0000B8F5041F18D10AE0CB6815E0CB681B1D8B
:102F100012E0CB6808330FE0CB680C330CE08B6811
:102F20002BB1012B4FF0080303D0456104E00423CB
:102F300002E0056100E00023FF2A01D8064601E017
:102F400000F104064FEA840501D9A5F12005D6F861
:102F5000008007FA05FC28EA0C0803FA05F548EAA0
:102F60000508C6F800804D68ED0070D53E4DAE698D
:102F700046F00106AE61AD6924F0030605F00105D7
:102F800000953A4D06EB050CDCF80850A607360F05
:102F900007FA06F825EA0805DFF8D480404503D192
:102FA0004FF0000825E052E0DFF8C880404502D12C
:102FB0004FF001081DE0DFF8C080404502D14FF01E
:102FC000020816E0DFF8B480404502D14FF0030854
:102FD0000FE0DFF8AC80404502D14FF0040808E074
:102FE000DFF8A080404502D14FF0050801E04FF026
:102FF000060808FA06F848EA0508CCF808804D6883
:10300000D9F80060ED024D4601D5164300E0964325
:103010002E604D68DAF80060AD02554601D51643C2
:1030200000E096432E604D68DBF80060AD035D461E
:1030300001D5164300E096432E604D68DEF800602F
:10304000ED03754601D5164300E096432E60641CDF
:103050000A681646E2407FF429AFBDE8F88F000009
:10306000080401400000111000100240000001405F
:1030700000080140000C0140001001400014014014
:1030800000180140001C01400AB1016170470904A9
:10309000FBE7000001488068704700007C000020CA
:1030A0000248816802781144816070477C000020EA
:1030B000074810B5016841F010010160032000F0DD
:1030C00079F8032000F006F800F024F8002010BD85
:1030D0000020024070B50D4D04464FF47A712878F7
:1030E000B1FBF0F00A490968B1FBF0F000F0B2FB67
:1030F00048B9102C07D200222146501E00F03AF8A1
:1031000000206C6070BD012070BD00007C000020BC
:10311000880000200E4808B5816941F001018161F5
:10312000816901F001010091C16941F08051C161E3
:10313000C06900F080500090052000F03BF8054881
:10314000416821F0E06141F00071416008BD00007C
:103150000010024000000140002809DB00F01F02BF
:10316000012191404009800000F1E020C0F80011E9
:1031700070470000F0B40E4B1B680C46C3F30223EB
:10318000C3F10705042D00D90425191D072901D213
:10319000002300E0DB1E012606FA05F1491E21404E
:1031A00099409E40761E16403143F0BC03F077BC38
:1031B0000CED00E0064900F0070208684FF6FF0337
:1031C000184040EA0220034A10430860704700009C
:1031D0000CED00E00000FA0510B501460020284C77
:1031E00004292FD00BDC012930D0022929D100F08D
:1031F0006BF96168C1F38131491C49001FE008295E
:1032000020D010291DD161682268D20119D51D482E
:10321000C1F38342C903805C0AD56168194AC1F3CE
:103220004041921E515C184AB2FBF1F1484301E063
:10323000164948436168490203D440000321B0FBAA
:10324000F1F010BDBDE8104000F04EB9226AC2F3A3
:103250000121012903D1920701D5C80310BD02291C
:1032600005D1626A920702D549F6404010BD032994
:10327000FCD121688903F9D54FF2244010BD00002C
:10328000001002409EB7000800127A0000093D00BD
:103290002DE9F84305460078354CC00754D0E06965
:1032A0000026C00008D4E06940F08050E061E06989
:1032B000012600F0805000902E480168C90512D404
:1032C0000168804641F480710160FFF7E3FE074624
:1032D00005E000BFFFF7DEFEC01B642823D8D8F846
:1032E0000000C005F6D5206A10F4407021D0A988EE
:1032F00001F4407181421CD0206A1F49012220F450
:1033000040700A6000220A602062C00711D0FFF7F7
:10331000C1FE074641F2883808E000BFFFF7BAFE59
:10332000C11B414502D90320BDE8F883206A80070C
:10333000F4D5206A696820F44070084320621EB109
:10334000E06920F08050E0612878800705D560684A
:10335000A96820F44040084360602878C00605D57D
:103360006068696920F48000084360600020DBE742
:103370000010024000700040400442422DE9F04736
:103380000F46050061D0434E306800F00700B84298
:1033900009D2306820F0070038433060306800F010
:1033A0000700B84251D128683B4C810712D540072D
:1033B00003D5606840F4E06060602878000703D5BA
:1033C000606840F4605060606068A96820F0F000B8
:1033D000084360602878C00728D06868012810D0AA
:1033E0002168022810D0890700292EDA616821F0AF
:1033F000030101436160FFF74DFE804641F28839C9
:103400000DE021688903EFE78901EDE7FFF742FE50
:10341000A0EB0801494502D90320BDE8F0876068A8
:10342000696800F00C00B0EB810FEFD1306800F05C
:103430000700B8420BD9306820F0070038433060ED
:10344000306800F00700B84201D00120E5E7287895
:10345000400705D56068E96820F4E06008436060D3
:103460002878000706D56068296920F4605040EA92
:10347000C100606000F038F86168084AC1F30311C8
:10348000515CC8400649086006480068FFF722FE04
:103490000020C2E70020024000100240AEB7000842
:1034A0008800002080000020044805490068496821
:1034B000044AC1F30221515CC840704788000020D3
:1034C00000100240BEB7000804480549006849687A
:1034D000044AC1F3C221515CC840704788000020F3
:1034E00000100240BEB700080E4A51680E4801F0B5
:1034F0000C03042B11D0082B0FD10C48C1F38343CC
:10350000C903C05C0AD55168084AC1F34041921E04
:10351000515C054A5043B0FBF1F070470449484301
:10352000704700000010024000127A008CB70008BB
:1035300000093D002DE9F84F040070D02078C04DFF
:10354000C00749D06868C0F38100012807D06868C7
:10355000C0F38100022809D16868C00306D5286835
:10356000800339D560680028E7D035E06068B0F5A1
:10357000803F0BD010B1B0F5A02F11D0286820F4F7
:1035800080302860286820F4802002E0286840F419
:1035900080302860606890B1FFF77CFD06460AE045
:1035A000286840F480202860F0E700BFFFF772FD34
:1035B000801B642873D828688003F7D50CE0FFF7D8
:1035C00069FD064605E000BFFFF764FD801B642827
:1035D000F0D828688003F7D420789A4E80074FF0FF
:1035E00001094FF0000839D5686810F00C0F07D0BA
:1035F0006868C0F38100022809D16868C00306D456
:103600002868800714D52069012808D110E02069B6
:10361000B0B1C6F80090FFF73DFD074605E00AE1AE
:10362000FFF738FDC01B0228C4D828688007F7D5EB
:103630002868616920F0F80040EAC10028600DE0C8
:10364000C6F80080FFF726FD074604E0FFF722FDDD
:10365000C01B022823D828688007F7D420780007E9
:103660002CD57948A169D9B1C0F80090FFF712FDB7
:10367000074604E0FFF70EFDC01B02280FD8686A5A
:103680008007F7D571484FF4FA510068B0FBF1F0AC
:10369000009000BF0098411E0091FAD20EE080E039
:1036A000C0F80080FFF7F6FC074604E0FFF7F2FCE5
:1036B000C01B022875D8686A8007F7D420784007B5
:1036C00060D5E8690027C00008D4E86940F0805060
:1036D000E861E869012700F0805000905C480168CB
:1036E000C90513D40168834641F480710160FFF776
:1036F000D1FC824606E000BFFFF7CCFCA0EB0A003D
:1037000064284ED8DBF80000C005F5D5E068012834
:103710000AD008B1052813D0286A20F001002862D9
:10372000286A20F0040002E0286A40F001002862C4
:10373000E06841F2883B98B1FFF7ACFC82460BE0B1
:10374000286A40F004002862EEE700BFFFF7A2FC01
:10375000A0EB0A0159455AD8286A8007F6D50CE033
:10376000FFF798FC824605E0FFF794FCA0EB0A0106
:1037700059454CD8286A8007F6D41FB1E86920F073
:103780008050E861E06988B36968C1F3810102296A
:1037900044D00228C6F8608004D0FFF77BFC0446C2
:1037A00038E034E0FFF776FC074604E0FFF772FCF0
:1037B000C01B02282BD828688001F7D4206AB0F5F6
:1037C000803F05D16868A16820F400300843686034
:1037D000D4E908010843696821F47411084368605A
:1037E000C6F86090FFF756FC044606E025E000BFEF
:1037F000FFF750FC001B022809D828688001F7D584
:103800001BE000BFFFF746FC001B022802D9032083
:10381000BDE8F88F28688001F4D40EE00128F7D0C5
:103820006868226A00F48031914204D1616A00F430
:103830007010884201D00120EAE70020E8E700008C
:1038400000100240000042428004424288000020F2
:103850000070004010B5401EB0F1807F01D3012000
:1038600010BD4FF0E02460610F21601703F017F9DD
:103870000020A06107202061002010BD70B590F8E5
:103880003C20012A2CD0012480F83C40022280F800
:103890003D2003685A689D6822F070060A6832432A
:1038A0005A60104B02689A420ED00F4B9A420BD0CE
:1038B000B2F1804F08D00D4B9A4205D00C4B9A4282
:1038C00002D00C4B9A4204D1496825F08003194379
:1038D000916080F83D40002180F83C10084670BDA2
:1038E000022070BD002C0140003401400004004063
:1038F00000080040000C004010B5040003D094F80C
:103900003D0010B107E0012010BD002084F83C000C
:10391000204600F01FF8022084F83D00211D206899
:1039200002F0D6FC012084F8460084F83E0084F8BA
:103930003F0084F8400084F8410084F8420084F895
:10394000430084F8440084F8450084F83D000020DA
:1039500010BD000008B500680649884208D1064835
:10396000C16941F00201C161C06900F0020000902C
:1039700008BD0000000400400010024070B504467D
:1039800090F83C000025012817D0012684F83C60FF
:10399000022084F83D002068826822F0770222F439
:1039A0007F4282600868502838D00DDC20284FD034
:1039B00005DC90B3102811D14AE0022070BD3028F8
:1039C00046D040280AD13BE060282FD070280DD087
:1039D000B0F5805F03D0B0F5005F12D0012584F808
:1039E0003D60002084F83C00284670BDCB68D1E9DA
:1039F0000121206802F0BFFC2068816841F0770156
:103A000009E0CB68D1E90121206802F0B4FC20680C
:103A1000816841F480418160E1E719E0CA68496842
:103A2000206802F07DFD5021206806E0CA684968E0
:103A3000206802F086FD6021206802F0A6FCCEE737
:103A4000CA684968206802F06BFD40212068F4E7ED
:103A5000226801461046F0E72DE9F0410D460400CA
:103A600003D094F83D0018B108E00120BDE8F081D2
:103A7000002084F83C00204600F040F8022084F842
:103A80003D002068816844F2070291438160211D56
:103A9000206802F01DFC226890689169166A2B6804
:103AA000AF69034340F20330814341EA0721A8682C
:103AB000EF6908434FF6FC418843E96840EA072074
:103AC000014328692F6A000140EA0730084369680A
:103AD0006D6926F0220646EA05152943936022689F
:103AE000906154F8460B0162012004F81F09E0754B
:103AF0002076E0762077A0750020B7E700B585B086
:103B0000002100910191029103911A4B02681A4819
:103B1000C0219A4213D1C26942F00402C261C26953
:103B200002F004020492826942F008028261806914
:103B3000009100F0080004906946104815E0104B11
:103B40009A4214D1826942F400528261826902F47D
:103B500000520492826942F01002826180690091F1
:103B600000F01000049069460648FFF791F905B08F
:103B700000BD00000008004000100240000C0140A1
:103B8000003401400010014070B590F83E600446DA
:103B900090F83F5090F8423090F84320022021B135
:103BA00004290ED0012E1BD114E0012E18D1012BB7
:103BB00016D184F83E0084F84200012200212068DA
:103BC00020E0012D0CD1012A0AD184F83F0084F8AD
:103BD000430014E0012D03D1012B01D1012A01D0B2
:103BE000012070BD84F83E0084F83F0084F8420054
:103BF00084F8430001220021206802F0AFFB01227B
:103C00000421206802F0AAFB2068016841F001014C
:103C10000160002070BD000010B586B00021009149
:103C200001910291039100681349884221D1134800
:103C3000816941F004018161816901F0040104910D
:103C4000816941F0080181618069022400F0080067
:103C50000490C020CDE90004694609480394FFF7A9
:103C600017F90320CDE90004694606480394FFF7DD
:103C70000FF906B010BD0000000400400010024023
:103C800000080140000C014070B5044690F83C006B
:103C900000260D4601280FD0012084F83C006AB1AF
:103CA000042A1DD0082A2FD00C2A3FD0012600203C
:103CB00084F83C00304670BD022070BD206802F0E0
:103CC0006DFB2068816941F008018161206881698C
:103CD00021F004018161206881692A69114311E0A2
:103CE000206802F08BFB2068816941F400618161EA
:103CF0002068816921F480618161206881692A6975
:103D000041EA02218161D2E7206802F0ADFB206820
:103D1000C16941F00801C1612068C16921F0040155
:103D2000C1612068C1692A69114311E0206802F06D
:103D3000CFFB2068C16941F40061C1612068C1699D
:103D400021F48061C1612068C1692A6941EA0221C8
:103D5000C161ACE710B5040003D094F83D0010B188
:103D600007E0012010BD002084F83C00204600F050
:103D70001EF8022084F83D00211D206802F0A8FAF8
:103D8000012084F8460084F83E0084F83F0084F85F
:103D9000400084F8410084F8420084F8430084F82D
:103DA000440084F8450084F83D00002010BD7047B1
:103DB00010B50446022249B104290ED0082913D0B7
:103DC00094F84100012816D0012010BD94F83E005F
:103DD0000128F9D184F83E200FE094F83F00012833
:103DE000F2D184F83F2008E094F840000128EBD19C
:103DF00084F8402001E084F841200122206802F08C
:103E0000ADFA13492068134A884201D0904203D189
:103E1000436C43F400434364206888420DD09042D1
:103E20000BD0B0F1804F08D00B49884205D00B4928
:103E3000884202D00A49884204D1816801F0070112
:103E4000062903D0016841F001010160002010BD86
:103E5000002C0140003401400004004000080040F4
:103E6000000C0040704710B504460068406994F8A3
:103E70004110C0F3C010212911D180B12068143045
:103E800050E8001F21F0800140E80012002AF5D11F
:103E9000A06B08B1FEF7BCFA204602F01DFC2068BA
:103EA000406994F84210C0F38010222911D180B1EA
:103EB0002068143050E8001F21F0400140E8001253
:103EC000002AF5D1E06B08B1FEF7A2FA204602F015
:103ED000DCFB002010BD7047F8B501680446086897
:103EE000CA684B6910F00F0F4FF000055AD003F06D
:103EF000010602F49077374365D0C10705D0D1059C
:103F000003D5616C41F001016164410705D5D90712
:103F100003D0616C41F002016164810705D5D907C6
:103F200003D0616C41F004016164010707D502F020
:103F30002001314303D0616C41F008016164616C80
:103F400000293BD0800604D5900602D5204602F019
:103F5000D1FB20684069616CC0F3801001F008015A
:103F6000014320462BD002F090FB206840694006B8
:103F700021D52068143050E8001F21F0400140E8AE
:103F80000012002AF5D1E06BA8B16D494163E06BE6
:103F9000FEF762FA002811D0E06B416B01B0BDE87A
:103FA000F040084783060ED593060CD52046BDE8A1
:103FB000F84002F09FBB2046FFF78DFFF8BDFFF7EA
:103FC0008AFF6564F8BD266B2023012E7CD1C606CE
:103FD0007AD5D60678D508684868009048694FF0C9
:103FE0000206400640D5E16B086840680004000CFA
:103FF000E8D0A28D8242E5D9E085886920282DD0BD
:1040000020680C3050E8001F21F4807140E8001255
:10401000002AF5D12168143151E8000F20F0010089
:1040200041E80002002AF5D12068143050E8001F52
:1040300021F0400140E80012002AF5D184F8423016
:10404000256320680C3050E8001F21F0100140E883
:104050000012002AF5D1E06BFEF7DAF96663A08D55
:10406000E18D401A81B22AE0A08DE18D401A81B223
:10407000E08D0028A6D00029A4D022680C3252E896
:10408000000F20F4907042E80007002FF5D120685F
:10409000143050E8002F22F0010240E80027002FE2
:1040A000F5D184F84230256320680C3050E8002FA9
:1040B00022F0100240E80023002BF5D16663204671
:1040C000FFF7D0FEF8BDFFE705062BD5150629D56D
:1040D00094F841002128F5D1A068B0F5805F01D1A6
:1040E0002069B0B1206A411C2162216800784860D3
:1040F000E08C401E0004000CE084E3D12068C1681D
:1041000021F08001C1602068C16841F04001C160B8
:10411000D8E7206A0088C0F308004860206A801C45
:104120002062E5E74006CDD55006CBD5CA682046CB
:1041300022F04002CA6084F8413000F030FBC1E751
:104140008D65000870B5040004D094F84100002586
:1041500010B106E0012070BD84F84050204600F008
:1041600023F8242084F841002068C16821F400511C
:10417000C160204602F020FB2068016921F49041D3
:1041800001612068416921F02A0141612068C1680C
:1041900041F40051C1606564202084F8410084F836
:1041A00042006563002070BDF0B585B00024009426
:1041B0000194029403940546D0F800C06748DFF8E4
:1041C00098E1061502210322654BC714F4453FD13F
:1041D000D0F81CC04CF4002CC0F81CC0D0F81CC097
:1041E0000CF4002CCDF810C0D0F818C04CF0100C16
:1041F000C0F818C08069CDE9006100F01000CDE979
:10420000032069461E461846FEF742FECDE90074BB
:10421000694630460294FEF73BFE534E5148C6E9CC
:1042200000048020C6E9024020203461C6E9054030
:104230003046F461FEF7CCFA08B1FDF7BEFCEE6340
:104240000122114634207562FEF794FF342031E0DC
:10425000464DAC4532D1C56945F48015C561C56987
:1042600005F480150495856945F01005856185691B
:1042700005F010050495856945F020058561806984
:10428000039200F0200004904FF48050CDE900012B
:1042900069461846FEF7FCFD0420CDE90004694696
:1042A00033480294FEF7F4FD012211463520FEF753
:1042B00061FF3520FEF750FF05B0F0BD2D4B9C454A
:1042C00021D1836943F480438361836903F480438C
:1042D0000493836943F0040383618069264D00F0F1
:1042E000040004904FF40070CDE900010392694688
:1042F0002846FEF7CDFDCDE90064694628460294C4
:10430000FEF7C6FDD8E71D4B9C45D5D1C36943F4E4
:104310008023C361C36903F480230493836943F05A
:10432000080383618069CDE9006100F00800CDE9F0
:104330000320134D69462846FEF7AAFDCDE9007417
:10434000694628460294FEF7A3FD01221146272064
:10435000FEF710FF2720ADE7004C004000100240A0
:104360000010014030040240AC0500200050004025
:10437000001401400038014000080140004800409E
:10438000000C014090F84230202B01D002207047F1
:1043900021B11AB10023036302F06ABA0120704709
:1043A00090F84230202B01D00220704721B11AB181
:1043B0000023036302F0A4BA012070472DE9F14FF6
:1043C000E1490098012600240068E04D4FF0020A00
:1043D00088427FD1AC466F789CF802109CF80E00A2
:1043E0009CF803B0DA4A0BEB4B0C0B180CEB0209F0
:1043F00007F1010CDBB20CF0FF0C3A2F6AD2DFE8B8
:1044000007F01D232B34373B3E41444A41444A4187
:10441000444A41444A41444A41444A41444A41444D
:104420004A41444A41444A41444A41444A41444A37
:1044300041444A41444A41444A53575BA52848D124
:1044400010706E70A53105E05A2807D1507085F8BC
:1044500001A05A31A9703DE03A2801D06C7038E0D3
:104460009070032068703A31F4E7D070042001E0C6
:104470001071052068700CE050710620FAE7907109
:104480000720F7E789F8070001E089F8080085F8B8
:1044900001C0AB701EE089F8090085F801C0AB705F
:1044A0000BF10100E87015E082F837003820E1E7F1
:1044B00082F838003920DDE782F839006C70EC7042
:1044C000884202D102F0D0FE03E03A21A048FCF776
:1044D0000CF8AC7000989F490068884279D19E4AD8
:1044E0009A4928790C3102F1320310B101280BD01E
:1044F00026E00878AA2823D12E7142F8324F546062
:10450000148118702E701BE028780F781F54401CFF
:10451000C0B228700A2813D30027384613F800C009
:10452000401C6744FFB20928F8DB587AB84206D12C
:1045300052F8330F286150686861884806702C7102
:104540000878A8616873FDF769F900BBA869844918
:1045500053280BD0732809D0502809D0702807D0D1
:1045600080480068B0F57A7F04D010E00E70E0E07B
:104570000C70DEE07C4802687C49032A04DA026899
:10458000521C02600C6002E0642202600E60A946C8
:10459000A869774F7749784A784B794D592819D0CF
:1045A00058281AD062281AD00A2827DD5A2839D06C
:1045B00041284DD045283ED0422840D043283ED007
:1045C00044283CD046283FD047283DD048283BD0FF
:1045D00010E0B6E0A7F800A00CE03E800AE0DFF8AB
:1045E000A4C1DCF80080B8F1000F1DD04FF0000826
:1045F000CCF800800C8014801C802C800A282DDAD6
:104600003E8078B1012823D0052814D0022821D07B
:1046100003281FD004281DD006282DD007282BD012
:10462000082829D00C8002E04FF00108E0E7148050
:1046300003E02C8012E00C8016801C80F9E70C80CF
:1046400014801C802E80D9E70C8014801E80D4E753
:104650000E80ECE70C8014801C802E8099F80D20D1
:104660003D484D467B2A0BD07D2A10D0697901291F
:1046700007D002290DD05CE00C8014801E80D8E7A2
:104680006E71A9794254491C89F8061051E085F8E9
:1046900005A0C178502906D04178232941D0A979B5
:1046A000E971814628E0384806703AE0A979081A8D
:1046B00006F0A9F802460B460020344905F01EF822
:1046C000EF79064609EB0700884610F8010C3038F0
:1046D00006F099F83246434606F0FCF880460E464E
:1046E000E86906F007FC4246334605F049FE05F04E
:1046F00015FE7F1EE861EF71E8790428D6D299F89B
:104700000100303802280CD2DFE800F00106E86929
:1047100006F052FD1E4903E0E86906F04DFD1D4913
:1047200008606C71AC71EC7132210B48EC61FBF7E5
:10473000DCFEBDE8F84F054901220C311648FFF7B1
:104740002FBEBDE8F88F000000500040440100205B
:10475000E417002000480040090A0020380000202B
:1047600039000020340000202C0000203000002000
:10477000020000203A0000203C0000203E00002003
:1047800040000020200000206C0000200000244099
:10479000C4010020C001002064050020704770475C
:1047A000FEE770B50D46044600F0C0F8204600F064
:1047B0008DF800F003F9284600F088F800F0FEF8C4
:1047C00000F0B4F8641CE0B200F080F800F0F6F8F5
:1047D000002000F045F8044600F0D0F8204670BDF7
:1047E00070B50D4C0025C4F8B8510C48016821F093
:1047F00070410160016841F040510160C4F8BC5152
:10480000012004F5DC7402F059FE0120206002F062
:1048100055FE256070BD000000802142040C01405F
:1048200070B50D4C0025C4F8B8510C48016821F052
:1048300070410160016841F0405101600126C4F8F7
:10484000BC61304604F5DC7402F038FE26600120BD
:1048500002F034FE256070BD00802142040C01404E
:104860002DE9F047814617480024016821F0704186
:104870000160016841F000410160134E2546274662
:104880004FF00108C6F8B871022002F017FEC6F812
:10489000B8816006040ED6F83C0108B1641CE4B28D
:1048A000022002F00BFE6D1CEDB2082DEAD3B9F127
:1048B000000F02D0FFF794FF01E0FFF7B1FF2046A1
:1048C000BDE8F087040C0140008021422DE9F04151
:1048D00006461448016821F070410160016841F00A
:1048E00040510160104C0027C4F8B8713D464FF0AC
:1048F0000108F009C4F8BC017006060E012002F0A0
:10490000DDFDC4F8B881012002F0D8FDC4F8B8710B
:10491000012002F0D3FD6D1CEDB2082DE9D3BDE8F6
:10492000F0810000040C01400080214270B5114864
:10493000016821F070410160016841F0405101605F
:104940000D4C0120C4F8BC01D4F83C1149B1C4F8A5
:10495000B80102F0B3FD0025C4F8BC51D4F83C0105
:1049600008B1002070BD012002F0A8FDC4F8B851C4
:10497000012070BD040C0140008021420D4810B59B
:10498000016821F070410160016841F0405101600F
:10499000094C0020C4F8B801C4F8BC01012004F59A
:1049A000DC7402F08BFD012020606060BDE81040E7
:1049B00002F084BD040C01400080214270B5134810
:1049C0000024016821F070410160016841F000415C
:1049D00001600F4D0126C5F8BC61304602F06EFD46
:1049E000C5F8B86107E0641CE4B2322C03D9FFF7C4
:1049F000C5FF002070BD012002F060FDD5F83C012C
:104A00000028F0D1C5F8B801012070BD040C0140A8
:104A10000080214210B51446FFF7C3FE207001202C
:104A200010BDF8B515461C460E4607466A46FFF708
:104A3000F1FF01209DF80010A8400CB1084301E0EF
:104A400021EA0000C2B28DF800203146384600F05D
:104A50002BF8F8BD2DE9F84314461D460F46804655
:104A60006A46089EFFF7D6FF00281BD0611CFF2076
:104A7000C4F1080200FA01F12A44521ED040014359
:104A8000C5F108008640F2B2C4F10700C2409DF8AB
:104A90000000084010438DF80000C2B2394640467D
:104AA00000F002F8BDE8F88307B502AB012200F080
:104AB00001F80EBD2DE9F0411E4615468846074611
:104AC0000024FFF733FF3846FFF700FFFFF776FFBC
:104AD0004046FFF7FBFEFFF771FF06E0305DFFF792
:104AE000F5FEFFF76BFF641CE4B2AC42F6D3FFF7B0
:104AF00045FF0120BDE8F08170B506F027FD154C9B
:104B00000546E16B06F02CFD0646206A06F090FB98
:104B1000314606F0EDFB0646E06906F089FB2946C2
:104B200006F0E6FB314606F011FA0646206C06F068
:104B30007FFB314606F00AFA06F03EFBC4E90F504F
:104B4000054861780078084302D000202064607036
:104B5000206C70BDA40100200400002070B506F098
:104B6000F5FC154C0546616C06F0FAFC0646206A19
:104B700006F05EFB314606F0BBFB0646E06906F038
:104B800057FB294606F0B4FB314606F0DFF906462E
:104B9000A06C06F04DFB314606F0D8F906F00CFB90
:104BA000C4E91150054861780078084302D000201C
:104BB000A0646070A06C70BDA401002004000020FF
:104BC00041060748826942F0010282610548426855
:104BD00022F0E062426042680A434260704700008F
:104BE00000100240000001402DE9F04F04469148BA
:104BF000ABB011AFB0E86810299287E868106CC8B4
:104C00000DAF87E86C0050E91423CDE9272350E964
:104C10001223CDE9252350F8588900F15C031FAF1A
:104C200093E80C109346199350F8682B2A926CC89D
:104C300087E86C0050E91820CDE923200020079078
:104C400008900490059006901B901C9009900A9083
:104C50000B9003900C901D901E901A90E24608460F
:104C600006F048F905460E4684F0004006F042F989
:104C70002A46334602F038FA05F050FB6E4F159085
:104C80000DAC0222CDE9004707AE01231146029682
:104C9000104604F021FB1BAA29A927A88DE80700CC
:104CA00001231A461946022004F016FB1B990798A7
:104CB00006F04CF907F1080528601C99089806F0E1
:104CC00045F968600DF10C0905F1280100940223F3
:104CD000CDE901191A461946184604F0FDFA09A94A
:104CE0001FAACDF80090CDE9012102231A461946EA
:104CF000184604F0F1FA4146099806F027F94F4C9E
:104D0000594620600A9806F021F9606019990B98BD
:104D100006F01CF9A06051460C9806F017F9E06007
:104D20000DF1940A0223CDE900A40DF1740B1A468B
:104D3000CDF808B01946012004F0CEFA0DF168084C
:104D400023A9CDF800B0CDE90118012302221146B4
:104D5000184604F0C1FA2A991A9806F0F7F80146A5
:104D60004FF07E5006F066F91A9023A8CDE9004076
:104D70000222012311460296104604F0ADFA05F115
:104D8000080B01238DE840091A461946022004F059
:104D9000A3FACDF800A0CDE9015801230222114663
:104DA000184604F099FA1A99159806F0D9FB1A904A
:104DB000CDF800B00123CDE901861A46194602203C
:104DC00004F08AFA0799286806F0C0F83860089954
:104DD000686806F0BBF87860CDF800B0CDE901A9AD
:104DE000022301221146184604F076FA039911981D
:104DF00006F0B6FB03900499129806F0B1FB0490FC
:104E00000599139806F0ACFB05900699149806F0E6
:104E1000A7FB069005F12800CDF800900223CDE90C
:104E200001401A461946184604F056FA38682BB065
:104E3000BDE8F08FD0CE0008E4020020BC250020A1
:104E40002DE9F04F04469348ABB000F178030F46CC
:104E500093E8681011A9299281E8681000F188058B
:104E60000DF134084ECD88E84E00D0E90812CDE9A6
:104E70002712D0E90A12CDE92512B5E80E108846AE
:104E8000CDF858C0416892469B462A912ECD1FAE60
:104E900086E82E00D0E90C10CDE923100020079001
:104EA00008900490059006901B901C9009900A9021
:104EB0000B9003900C901D901E901A90384606F0AF
:104EC00019F806460D4684F0004006F013F8324605
:104ED0002B4602F009F905F021FA6F4F15900DAC41
:104EE0000222CDE9004707AE012311460296104683
:104EF00004F0F2F91BAA29A927A88DE807000123CD
:104F00001A461946022004F0E7F91B99079806F0A3
:104F10001DF807F1080528601C99089806F016F896
:104F200068600DF10C0905F1200000940223CDE921
:104F300001091A461946184604F0CEF909A91FAA14
:104F4000CDF80090CDE9012102231A4619461846F2
:104F500004F0C2F94146099805F0F8FF4F4C51465C
:104F600020600A9805F0F2FF606059460B9805F042
:104F7000EDFFA06016990C9805F0E8FFE0600DF1D8
:104F8000940A0223CDE900A40DF1740B1A46CDF862
:104F900008B01946012004F09FF90DF1680823A913
:104FA000CDF800B0CDE901180123022211461846C0
:104FB00004F092F92A991A9805F0C8FF01464FF0BB
:104FC0007E5006F037F81A9023A8CDE9004002225F
:104FD000012311460296104604F07EF905F1080BF4
:104FE00001238DE840091A461946022004F074F99D
:104FF000CDF800A0CDE90158012302221146184640
:1050000004F06AF91A99159806F0AAFA1A90CDF8E0
:1050100000B00123CDE901861A461946022004F0AA
:105020005BF90799286805F091FF3860089968686E
:1050300005F08CFF7860CDF800B0CDE901A902231E
:1050400001221146184604F047F90399119806F019
:1050500087FA03900499129806F082FA0490059951
:10506000139806F07DFA05900699149806F078FAE0
:10507000069005F12001CDF800900223CDE9014111
:105080001A461946184604F027F938682BB0BDE8CF
:10509000F08F000098CE0008FC020020CC250020F4
:1050A000094A68B109490B685B1C0B60834206D151
:1050B000D2F88801C043C2F8880100200860704718
:1050C0000120C2F888017047000022428C000020B5
:1050D0002DE9F05F0024DFF89090DFF890A0DFF872
:1050E000908026462546274608EBC400406800EB22
:1050F000090353451ED338F834B0ABF10101B1F5C3
:10510000E07F17D81849761C4942F6B2884202DA85
:105110000146284606E01749884206DD164906F092
:105120001FFA294605F012FF0546BBF1FA0F01D21E
:105130007F1CFFB2641CE12CD6DB082E12D90F486D
:10514000006801280ED10E48006858B1082F02D31C
:105150000320BDE8F09FB5F5000F01DB0120F8E763
:105160000220F6E70020F4E70000B8BD010053017B
:105170002018002000009B430000B44320000020C2
:10518000240000202DE9F05F0025DFF824A1DFF8DE
:1051900024813A270AF69C59AB4605EB4500C0EB43
:1051A000451100240AEB410694FBF7F107FB11417E
:1051B000305D3A2972D2DFE801F01D20282B2E3114
:1051C00034374049374049374049374049374049EB
:1051D00037404937404937404937404937404937D8
:1051E00040493740493740493740493740493740BF
:1051F00049595C6089F800003DE089F801003AE017
:105200004A78104488F8010048E089F8020032E04A
:1052100089F803002FE089F804002CE089F80500E4
:1052200029E089F8060026E098F80220414602EBC2
:10523000420303EB0902D071E2E798F802204146ED
:1052400002EB420303EB09021072D9E798F802203F
:1052500002EB420C0CEB0903521C587298F8013017
:10526000184488F8010088F8022017E089F8370010
:1052700001E089F838004146C2E789F8390088F82A
:1052800002B098F80110884202D101F0EDFF03E06E
:105290003A210948FBF74BF988F801B0641C3A2C15
:1052A00082DB6D1C1D2DFFF678AFBDE8F09F00007E
:1052B000480A002078010020E417002030B5114A88
:1052C000114C0021506AA4F5A75500EB4003C3EB35
:1052D000401305EB4303655C5D54491C3A29FADB36
:1052E0001C2806D1094B012151601960084B00218F
:1052F00019601D21401C90FBF1F301FB130050626B
:1053000030BD000078010020281F0020240000206C
:105310002800002010B5022000F011F8032000F052
:1053200020F8002000F014F8002000F02FF80020F2
:1053300000F026F8BDE81040002000F01BB808B5CA
:105340000323009002226B21D020FFF783FB08BDCE
:1053500008B50223009004221C21D020FFF77AFB1D
:1053600008BD08B50223009004221B21D020FFF7BE
:1053700071FB08BD034601223721D020FFF751BB46
:10538000034605226A21D020FFF74BBB03460622C5
:105390006B21D020FFF745BB0C4810B50A490160CE
:1053A00000218160017301754FF46022C261416088
:1053B00001210161FCF770FE08B1FCF7FEFBBDE8BE
:1053C00010400248FCF77ABD002801403403002059
:1053D000094808B5416941F0020141614069002274
:1053E00000F00200009011463A20FDF7C3FEBDE830
:1053F00008403A20FDF7B0BE001002402DE9F04F02
:1054000085B000245148009401940294039481696A
:1054100041F010018161816901F0100104918169FD
:1054200041F020018161816901F0200104918169CD
:1054300041F004018161816901F0040104918169F5
:1054400041F0080181618069414F00F0080004903B
:10545000002244F210313846FDF716FE01220421E5
:105460003846FDF711FEDFF8ECB04FF4404801225A
:1054700041465846FDF708FEDFF8DCA04FF400492E
:10548000002249465046FDF7FFFD002238215846CC
:10549000FDF7FAFD7814CDE9000469463846029418
:1054A000FDF7F6FC01254FF48040CDE90005694683
:1054B0003846CDE90245FDF7EBFC4FF44570032675
:1054C000CDE90005CDE9024669463846FDF7E0FC26
:1054D000CDE900540227694650460297FDF7D8FCF3
:1054E000CDF800800396CDE9015469465846FDF792
:1054F000CFFCCDF800900397CDE9015469465046A2
:10550000FDF7C6FC3820CDE9000569465846CDE9CF
:105510000245FDF7BDFC28028DE83100694658467A
:10552000FDF7B6FC680200900C48CDE9010569461C
:105530005846FDF7ADFC012202211720FDF71AFEA7
:105540001720FDF709FE05B0BDE8F08F00100240FE
:1055500000100140000C0140000801400000211033
:1055600010B58EB000240794089409940A940B9403
:105570001C2168460C94FAF7DAFF32483049C0E93A
:10558000001441F61F41C0E902418021046181619C
:10559000FEF7B2F908B1FCF710FB4FF4805007900A
:1055A00007A92848FEF7EAF908B1FCF706FB2548E9
:1055B000FEF7D0FB08B1FCF700FB0B940BA92148C8
:1055C0000C94FEF75BF908B1FCF7F7FA6020CDE91F
:1055D00000040294002269461A480494FEF754FB22
:1055E00008B1FCF7EAFA042269461648FEF74CFBBC
:1055F00008B1FCF7E2FA082269461248FEF744FBBC
:1056000008B1FCF7DAFA0C2269460E48FEF73CFBBB
:1056100008B1FCF7D2FA00210A48FEF7C9FB0421C1
:105620000848FEF7C5FB08210648FEF7C1FB0C2120
:105630000448FEF7BDFB0348FEF7EEFA0EB010BDBE
:10564000000400406403002010B58CB0242168469B
:10565000FAF76DFF00241848099416490A94C0E926
:1056600000144FF6FF71C0E9024104618461032018
:10567000CDE900040120CDE902040A210491CDE91D
:105680000540CDE9074169460B48FEF7E5F908B149
:10569000FCF793FA099409A907480A94FEF7EEF873
:1056A00008B1FCF78AFA3C210348FEF76DFA0CB00A
:1056B00010BD000000080040AC03002010B58CB005
:1056C00024216846FAF733FF002418480994164944
:1056D0000A94C0E900144FF6FF71C0E90241046169
:1056E000446184610320CDE900040120CDE9020476
:1056F0000A210491CDE90540CDE9074169460B48EF
:10570000FEF7AAF908B1FCF758FA099409A9074865
:105710000A94FEF7B3F808B1FCF74FFA3C210348AE
:10572000FEF732FA0CB010BD00340140F403002043
:1057300010B5114C0F480C2120604FF461306060AF
:105740000020A060E060C4E90401A061E06120469F
:10575000FEF7F8FC08B1FCF730FA2068C16841F0A8
:105760001001C160BDE81040FF2204490248FEF765
:1057700009BE0000004C00408C040020281F0020BF
:105780000E4810B50C4901604FF4613141600021B1
:1057900081600C22C160C0E904128161C161FEF721
:1057A000D1FC08B1FCF709FABDE810400122044918
:1057B0000248FEF7F5BD000000500040D404002070
:1057C000520100200C4810B50A4901604FF4E13144
:1057D0004160002181600C22C160C0E90412816136
:1057E000C161FEF7AFFC002803D0BDE81040FCF714
:1057F000E4B910BD003801401C0500200E4810B56A
:105800000C4901604FF4E1314160002181600C22BC
:10581000C160C0E904128161C161FEF793FC08B167
:10582000FCF7CBF9BDE81040012204490248FEF71D
:10583000B7BD000000480040640500205001002072
:10584000FEE7000000B501F0ABF80E4901280CD0CE
:1058500002280DD0032807D10878002804D10A486F
:10586000016869B10021016000BD0020087000BD21
:105870000648017811B10021017000BD0121FBE74C
:105880000121F0E71900002020000020080000207E
:10589000FEE700002DE9F0477948007800287BD129
:1058A00078480068784E0025A6F18004002873D05F
:1058B000E16C306805F054FE0746E06A05F0B8FC7C
:1058C000616A05F043FE394605F0DEFC4AD8E06A1D
:1058D00005F0AEFC616A05F039FB0746E16C306803
:1058E00005F03EFE394605F0CFFCEFD8216D70681B
:1058F00005F036FE0746E06A05F09AFCA16A05F05D
:1059000025FE394605F0C0FC2CD8E06A05F090FC75
:10591000A16A05F01BFB0746216D706805F020FEAB
:10592000394605F0B1FC1DD8FFF7D2FB574E584F52
:10593000584910B90A88012A15D0574A1288012AF5
:105940002BD0564A564E574F1288DFF85C81DFF84D
:105950005C91012A3BD0564A1288012A50D009880E
:10596000012965D06BE0E06C05F0C4FA32463B4695
:1059700004F006FD04F0D2FCE064206D05F0BAFAF4
:1059800032463B4604F0FCFC04F0C8FC2065494864
:105990006065A065484818E054E0E06C05F0AAFA9C
:1059A00032463B4605F0BCF904F0B8FCE064206DDB
:1059B00005F0A0FA32463B4605F0B2F904F0AEFC21
:1059C00020653E486065A0653D48E06537E0E06CD5
:1059D00005F090FA32463B4605F0A2F904F09EFC31
:1059E000E064206D05F086FA32463B4604F0C8FCC0
:1059F00004F094FC04F15001E56581E801031EE028
:105A0000E06C05F077FA32463B4604F0B9FC04F04E
:105A100085FCE064206D05F06DFA32463B4605F0EA
:105A20007FF904F07BFCC4E91409C4E9168506E09B
:105A300028B10128CBD00228E2D0032804D0656524
:105A4000A565E565BDE8F087E06C05F053FA1D4EED
:105A50001D4F32463B4605F063F904F05FFCE064FD
:105A6000206D05F047FA32463B4605F059F904F03F
:105A700055FC206515486065A0651548A5E7000040
:105A80001900002030000020240200209A999999E2
:105A90009999A93F3A0000203C0000203E000020D8
:105AA0007B14AE47E17A943F6F1203BB6F12033B46
:105AB000400000206F12033C4DF30E3D0AD7A3BBFC
:105AC0004DF30EBDCDCCCC4CE17AA43F6F1283BB1D
:105AD0004DF38EBD10B40021084B0A465FF0000064
:105AE00003EBC004401CC0B262548028F8D3491CA8
:105AF000C9B20829F2D310BC00F09CB8F005002010
:105B000010B57F2816D83F2914D80723A3EBD1035B
:105B100001F00701C1F107040121A140064CDBB2ED
:105B200004EBC000002AC25CC9B201D00A4300E005
:105B30008A43C25410BD0000F005002010B50220B9
:105B4000FFF73EF80120FFF73BF8394C0020C4F87E
:105B50009001642004F5C87401F096FC01202060D7
:105B60000021AE2000F030F90021D52000F02CF902
:105B70000021502000F028F90021A82000F024F98D
:105B800000213F2000F020F90021D32000F01CF973
:105B90000021084600F018F90021402000F014F917
:105BA00000218D2000F010F90021142000F00CF9E4
:105BB0000021202000F008F90021022000F004F963
:105BC0000021A12000F000F90021C02000F0FCF825
:105BD0000021DA2000F0F8F80021122000F0F4F89B
:105BE0000021812000F0F0F80021EF2000F0ECF817
:105BF0000021D92000F0E8F80021F12000F0E4F8BD
:105C00000021DB2000F0E0F80021302000F0DCF87B
:105C10000021A42000F0D8F80021A62000F0D4F83C
:105C20000021AF2000F0D0F8BDE81040FFF752BFD0
:105C30000080214270B5114E002400BF04F1B00075
:105C4000C0B2002100F0C0F80021084600F0BCF806
:105C50000021102000F0B8F85FF0000506EBC50049
:105C60000121005D00F0B0F86D1CEDB2802DF5D380
:105C7000641CE4B2082CE1D370BD0000F0050020E4
:105C80002DE9FF4F203A1F460C46894602F0FF0AD5
:105C90000025DDF834B032E00C2F09D01A4901EBB1
:105CA0000A104FF00008465D300607D55A4609E055
:105CB00016490AEB4A0001EB8000F2E7BBF1000F46
:105CC00012D0002221460098FFF71AFF7006641CCC
:105CD000060EE4B2A4EB0900B84207D100984C4686
:105CE000401CC0B2009008E00122EBE708F101007F
:105CF00000F0FF08B8F1080FD6D36D1CEDB2BD421D
:105D0000CAD3BDE8FF8F00003ABC0008C6B7000840
:105D10002DE9FF4F81B00026DDF838A01D469346DF
:105D2000814634464FF001084FEA5A0727E0281B06
:105D3000401EC1B20A2003F01EFBBBFBF0F00A219B
:105D4000B0FBF1F201FB120026B9691E8C4201DAA8
:105D500048B101263030C2B207FB0490C0B25346AE
:105D6000CDF8008006E007FB0490C0B25346202225
:105D7000CDF800800299FFF783FF641CE4B2AC42C7
:105D8000D5D305B0BDE8F08FF8B516460D460446EC
:105D9000012714E07A2C02D900241035EDB23A2DF7
:105DA00003D900242546FFF795FE009732780C238F
:105DB00029462046FFF764FF0834E4B2761C3078A9
:105DC0000028E7D1F8BD000070B500250E4A012378
:105DD00011B1C2F88C3101E0C2F88C510B4C00219A
:105DE000C4F8B851060602D5C2F8943101E0C2F8F1
:105DF0009451C4F8B8314006491C000EC9B20829B4
:105E0000EED3C2F88C3170BD0080214200002242E6
:105E10000020044902460A54401CC0B20928FAD3A3
:105E200070470000000A00202DE9F84F0124824647
:105E3000ADF800401D4800254570ADF800401C4EEF
:105E40001C4F81464FF6FF7826E000BFBDF80010DA
:105E500011EA0A0F02D0C6F8A44101E0C6F8A45125
:105E6000C6F8A041052001F029FBC6F8A051052085
:105E700001F024FBC6F8A041D7F8200130B199F811
:105E80000110BDF80020114389F80110BDF8000091
:105E900008EA4000ADF80000BDF80000FF28D5D9A1
:105EA000BDE8F84F102001F009BB0000000A0020F7
:105EB000000022420080214270B5FFF7A9FF00F0E8
:105EC0004FF80B480B4BB0F803100A482033818081
:105ED0000020012413F8105000F101006D1E04FA97
:105EE00005F20A42C0B202D01028F3D3002070BDE0
:105EF000000A00200401002010B5FFF7DDFF114962
:105F0000114AC861D379CB60137A0B6154794C6123
:105F100092798A6101240D4A042801D1107878B160
:105F2000886800280BD0762B09DA1078002806D173
:105F3000084914700648086008490748086010BD01
:105F40008C60F0E704010020000A00201800002007
:105F50000000964344000020000048444800002010
:105F60002DE9FC4700248DF800400125ADF80450D0
:105F7000254EC6F89041254F3878FFF755FF7878C1
:105F8000FFF752FF02208DF80000214FDFF88490C8
:105F90004FF6FF7830E000BFADF8045020E000BFBE
:105FA000C6F8A051052001F089FAC6F8A0410520E5
:105FB00001F084FAC6F8A051D7F8200150B19DF83D
:105FC0000010BDF8042019F8011011439DF80020BD
:105FD00009F80210BDF8041008EA4100ADF8040009
:105FE000BDF80400FF28DBD9102001F067FA9DF806
:105FF0000000401C8DF800009DF800000928CBD35C
:10600000C6F89051BDE8FC8700002242060100203E
:1060100000802142000A0020884200DD08469042AC
:1060200000DA1046704770472DE9F04F89B0684C90
:1060300007A8CDE9004004F1260106AB02AA881F9B
:1060400001F0A6FB2088C0057ED5029805F0F0F887
:106050006FF01D06314605F05AFB804660600398DC
:1060600005F0E6F8314605F052FB0746A0600498BB
:1060700005F0DEF8314605F04AFB0546E06005987C
:1060800005F0D6F8314605F042FB064620610121B5
:10609000404605F03CFB294605F02AF905464FF03D
:1060A00040484146384605F023F9314605F020F9CD
:1060B000294604F04BFF04F01DFF00F0CDFDDFF892
:1060C00014A14FF066394A46534604F003FC04F02D
:1060D00025F96061E0680121054605F018FB83465B
:1060E000294605F005F90546A0684146064605F033
:1060F000FFF8314605F0FCF8294605F031FA4FF07B
:106100007E5104F023FF04F0F5FE07460D46012101
:10611000606805F0FCFA314605F0EAF80646584694
:10612000216905F0E5F8314604F010FF04F0E2FEC5
:106130003A462B4600F0D8FF4A46534604F0CAFBC5
:1061400004F0ECF8A06100E03FE02169019108460D
:1061500005F0CEF8E16807460846009105F0C8F85A
:10616000A16806468B46584605F0C2F861680546A8
:106170008846404605F0BCF8294604F0E7FE314663
:1061800005F0EEF9394605F0EBF904F0B3FE0646EA
:106190000D464046019905F0ABF807465846009970
:1061A00005F0A6F8394604F0D1FE012105F0AFFA5A
:1061B00004F0A0FE32462B4600F096FF4A465346B6
:1061C00004F088FB04F0AAF8E06109B0BDE8F08FA4
:1061D000CC00002066A64C400021032805D00428EE
:1061E00005D0082805D000207047044A02E0044A80
:1061F00000E0044A1068116000B2704724040040B7
:1062000024080040243401407047000010B50F4BB3
:106210004FF4E1521C1D002804DD1A60C0F5E15066
:10622000206003E000F5E15018602260074B08335E
:10623000181D002904DDC1F5E1511960026010BD8F
:106240001A6001F5E151016010BD00003404004006
:10625000FCF726BF30B595B028216846FAF767F9F4
:1062600014210AA8FAF763F918210FA8FAF75FF9C1
:1062700001210804CDE900100025029502240491B3
:10628000CDE907404FF4E01009906846FDF752F958
:1062900008B172B6FEE70AA90F2081E831004FF479
:1062A0008060CDE90D0502210AA8FDF767F808B165
:1062B00072B6FEE74FF4004011900F940FA8FCF760
:1062C000E7FF002801D072B6FEE715B030BD704779
:1062D000F0B502681C4B1D4D1D4E1E4F1E4C4FF05D
:1062E000804C984209D0A04207D0604505D0A84212
:1062F00003D0B04201D0B84204D122F0700E4A68F7
:1063000042EA0E02984209D0A04207D0604505D06B
:10631000A84203D0B04201D0B84203D122F4407564
:10632000CA682A434D6922F080022A4302608A68C3
:10633000C2620A688262984201D0A04201D1096912
:10634000016301214161F0BD002C014000040040C7
:1063500000080040000C00400034014010B501F07E
:106360001F030121046A99408C430462016A9A4028
:106370001143016210BD10B5846842EA032224F47F
:106380007F440A432243826010BD826822F070027B
:106390000A4342F00701816070470000F0B5036ACC
:1063A000026A22F00102026242688469124E24F0FD
:1063B00073050C682C4323F002058B682B430D4DAD
:1063C000A84201D0B04205D123F00807CB683B4377
:1063D00023F00403A84201D0B04205D14D6922F454
:1063E000407215438A692A43426084614968416367
:1063F0000362F0BD002C014000340140F0B5026A98
:10640000036A23F010030362436884690D6824F46F
:10641000E64444EA05248D6822F0200242EA05128F
:106420000F4D104EA84201D0B04206D1CF6822F0E5
:10643000800242EA071222F04002A84201D0B04294
:1064400007D14D6923F4406343EA85038D6943EA2C
:10645000850343608461496881630262F0BD000086
:10646000002C014000340140F0B5026A036A23F4B5
:10647000807303624368C46922F4007224F07305D8
:106480000C68124E2C438D6842EA05220E4DA8423C
:1064900001D0B04206D1CF6822F4006242EA07225E
:1064A00022F48062A84201D0B04207D14D6923F4A2
:1064B000405343EA05138D6943EA05134360C46101
:1064C0004968C1630262F0BD002C01400034014004
:1064D00030B5046A026A22F4805202624268C369DB
:1064E0000D6823F4E64343EA05238D6824F4005441
:1064F00044EA0534084DA84202D0084DA84204D110
:106500004D6922F4804242EA85124260C3614968C3
:106510000164046230BD0000002C014000340140E1
:1065200010B5036A046A24F001040462846924F04B
:10653000F00444EA021423F00A020A43846102626E
:1065400010BD10B5036A046A24F010040462846963
:1065500023F0A00324F4704444EA023243EA011118
:106560008261016210BD000010B50448FDF7B4FC63
:10657000BDE81040014800F0E5B900008C0400209F
:106580000148FDF7A9BC0000D404002010B5406A02
:106590000021C185C184FDF79EFC10BD70B5446A21
:1065A0002068406994F84110C0F3C01000252129EB
:1065B00004D118B1E584204600F08EF820684069C7
:1065C00094F84210C0F38010222904D118B1E58557
:1065D000204600F05AF8606C40F0100060642046DD
:1065E000FDF779FC70BD10B50146406A096809687D
:1065F0004FF0000289062ED4C28501680C3151E8A3
:10660000003F23F4807341E80034002CF5D1016889
:10661000143151E8003F23F0010341E80034002C1D
:10662000F5D10168143151E8003F23F0400341E8FF
:106630000034002CF5D1202180F84210016B012993
:1066400009D101680C3151E8003F23F0100341E803
:106650000034002CF5D14263016B012902D0FDF713
:10666000ADFE10BD818DFDF7FDFB10BD10B5406A7C
:1066700001214163016B012902D0FEF78FF810BDA3
:10668000818D4908FDF7EEFB10BD01680C3151E822
:10669000002F22F4907241E80023002BF5D101680D
:1066A000143151E8002F22F0010241E80023002BB1
:1066B000F5D1016B012909D101680C3151E8002F96
:1066C00022F0100241E80023002BF5D1202180F8B0
:1066D000421000210163704701680C3151E8002F1E
:1066E00022F0C00241E80023002BF5D1202180F8E0
:1066F0004110704708B590F84210222901D00220BD
:1067000008BD82684FF480539A4201D1016921B1DA
:10671000816A9A421BD04AB10AE00268816A5268D3
:10672000C2F308020A80816A891C08E0026972B11A
:106730000268526802F07F020A70816A491C816215
:10674000C18D491E0904090CC18503D01BE00268F4
:106750005268F1E70168CA6822F02002CA60016845
:10676000CA6822F48072CA6001684A6922F0010294
:106770004A61202180F8421000214163026B012A06
:1067800003D0FDF71BFE002008BD016301680C313A
:1067900051E8002F22F0100241E80023002BF5D130
:1067A00001680A68D20602D50A6849680091818D9D
:1067B000FDF758FBE7E7000070B504460068016983
:1067C000E26821F44051114301612169A068084346
:1067D000616908432168CA6841F20C639A43024325
:1067E000CA6020684169A26921F440711143416186
:1067F0001E492068884202D1FCF766FE01E0FCF7E2
:1068000053FE00EBC00101EB0012606864218000C0
:10681000B2FBF0F3B3FBF1F36FF018067343B2FB76
:10682000F0F5B2FBF0F605EB8305322303EB05151B
:10683000B5FBF1F5B6FBF1F605F0F00505EB061535
:10684000B2FBF0F6B2FBF0F0B0FBF1F06FF0180223
:10685000504306EB800003EB0010B0FBF1F0216821
:1068600000F00F002844886070BD0000003801402F
:1068700038B5816204468285002013466064222276
:1068800084F84220E56B1B4AAA62E56B1A4AEA6269
:10689000E56B1A4A2A63E26B50630A462168E06B93
:1068A000091DFBF7D3FF206801684068009020694C
:1068B00048B120680C3050E8001F41F4807140E876
:1068C0000012002AF5D12068143050E8001F41F072
:1068D000010140E80012002AF5D12068143050E888
:1068E000001F41F0400140E80012002AF5D10020CD
:1068F00038BD0000E76500086D6600089D6500086A
:1069000081628285C28500214164222180F8421083
:10691000016921B10168CA6842F48072CA600168E5
:106920004A6942F001024A610068C16841F02001F1
:10693000C1600020704700000148FDF7CDBA00009B
:106940006405002038B511481149006888421CD1FF
:106950000168C943C90618D40168406800900B4813
:10696000FDF781FA0B4800684068C0F1FF00C4B22F
:10697000FEF7A4FC21460848F9F7D9FDBDE83840E8
:10698000FF2205490148FDF7FDBC38BD8C040020FD
:10699000004C0040AC050020281F0020FEE700004E
:1069A000294810B503780021284A062B37D2DFE8A2
:1069B00003F0030816203042D2F80011012913D049
:1069C0002DE083885B1C9BB28380052B27D1D2F8F6
:1069D0000021012A01D0818006E0022214E0D2F8D1
:1069E0000011012902D00321017018E08188491C9F
:1069F0000DE08288B2F5C87F03D901708180022042
:106A000010BD052A02D90422027000E001708180C5
:106A100005E083885B1C9BB28380262B01D000207D
:106A200010BDD2F80021012A03D00170818001201D
:106A300010BD0522E8E7D2F80021012AD6D08180D6
:106A40000170032010BD00009000002000002142D2
:106A5000490050EAC12018BF04204A0D18BF40F079
:106A6000010040F2FF72B2EB515F08BF40F002003C
:106A7000012808BF052070474100080218BF042004
:106A80000A0E18BF40F001004FF07F4232EA0101C8
:106A900008BF40F00200012808BF05207047090721
:106AA000090E002804DB00F1E02080F80014704794
:106AB00000F00F0000F1E02080F8141D70472DE970
:106AC000F0414F1E00EBC7010446D1E90001154615
:106AD0001E4637F006020DD02A46334603F0FAFE72
:106AE0007F1E04EBC703D3E9002303F049FC37F012
:106AF0000602F1D1022F25D0042F13D0062F18BF84
:106B0000BDE8F0812A46334603F0E4FED4E90A23C7
:106B100003F036FC2A46334603F0DCFED4E90823B2
:106B200003F02EFC2A46334603F0D4FED4E90623B4
:106B300003F026FC2A46334603F0CCFED4E90423B6
:106B400003F01EFC2A46334603F0C4FED4E90223B8
:106B500003F016FC2A46334603F0BCFED4E90023BA
:106B6000BDE8F04103F00CBC002213461046014979
:106B700003F0C2BC0000F03F012204F09ABD03F014
:106B8000FFBB002213461046114603F0B5BC40F28D
:106B9000013200204FF0E04104F08BBD024A00209A
:106BA000110704F086BD000001FDFFFF012104F084
:106BB000AEBD61214FF0E04004F0A9BD6FF05E0171
:106BC000080704F0A4BD30380A2801D2012070471C
:106BD00000207047704700002DE9FE4F07460E4623
:106BE0000025684601F0EAF900246FF00F0AE84634
:106BF0004FF0010957F8240056F82410401A00D528
:106C0000404204F015FB514604F081FD58F8241071
:106C100011F0FF4F0BD004F00DFA4FF07E5104F04D
:106C20009FFC0A4920F00040884205DC07E0084943
:106C300008440849884202D309FA04F00543641C59
:106C4000032CD7DB2846BDE8FE8F0000295C0F3EF1
:106C5000666666C19A99D9002DE9F04D8D4F21F0F5
:106C6000004A86B005460C46BA452ADBAAEB070067
:106C700028430AD08848824501DC1AD1CDB106B03C
:106C80002846BDE8F04DFFF777BF844A844B28467D
:106C900003F020FE07460E46824A834B28462146D3
:106CA00003F018FE06B03A463346BDE8F04D03F057
:106CB00067BB0120F9F7E2FC06B0BDE8F04DFFF735
:106CC00060BF7A48824542DABAF1795F0BDA28462A
:106CD000FFF7BEFE042808BFFFF760FF284606B096
:106CE0002146BDE8F08D2A460B46104603F0F2FD22
:106CF000834602466E480E460B4606217844FFF74F
:106D0000DEFE5A46334603F0E5FD804669488A4672
:106D10005A46334604217844FFF7D1FE5A4633469B
:106D200003F0D8FD00223B4603F02AFB02460B4647
:106D30004046514603F0E0FB2A46234603F0CAFDD5
:106D400006B02A462346BDE8F04D03F019BB28469D
:106D500024F0004100223D463B4603F0EFFE4FF099
:106D6000FF3204F0A6FC0646024653480F460B4687
:106D700006217844FFF7A3FE32463B4603F0AAFD06
:106D8000CDE900014D4832463B4604217844FFF7E7
:106D900096FE32463B4603F09DFD00222B4603F053
:106DA000EFFA834602913046394603F0FDF98046FA
:106DB00043480D46504517DCDDE900015A46029B69
:106DC00003F09AFB42462B4603F084FD42462B46D5
:106DD00003F0D6FA012204F06CFC304A304B03F089
:106DE0009FFF304A304B4CE04FF0000A52460B46B2
:106DF000404603F0C5FACDE9031052462B46104633
:106E0000194603F067FD32463B4603F097FEDDE985
:106E1000033203F071FB06460F46DDE900015A46D6
:106E2000029B03F069FB83460091012230463946FC
:106E300004F03FFC194A1A4B03F080FE06460F4649
:106E400001224046294604F034FC5A46009B03F0D8
:106E500041FD32463B4603F063FF06460F460122E2
:106E60005046294604F025FC0E4DDFF858802A468E
:106E7000434603F063FE32463B4603F05FFE2A467C
:106E8000434603F05BFE002CD8BF81F0004106B002
:106E9000BDE8F08D0000F03F0000F07F075C143388
:106EA00026A6913C182D4454FB21F93F0000E03FF9
:106EB0005062000066620000DA610000F0610000CC
:106EC0003333EF3FFB21E93F2DE9F84F04460D46F0
:106ED00021F0004000917349814211DC72498842DF
:106EE00001DC06D12CB120462946BDE8F84FFFF75A
:106EF00043BE6E48002DCCBF6D496E49BDE8F88F8A
:106F00006D49814211DD6D498142D8BF4FF0FF3696
:106F10006DDD20462946FFF79BFD042808BFFFF7DB
:106F20003DFE20462946BDE8F88F6549654F25F0AE
:106F30000045814233DD6449814219DD0026324635
:106F40004FF080432046294603F01AFA80468A46CD
:106F500001222046294604F0ACFB00223B4603F008
:106F6000DFFE4246534603F0C7FA04460D463EE0B4
:106F700001260022BA463B462046294603F000FA85
:106F800080460F46002253462046294603F0C8FE9D
:106F900042463B4603F0B0FA04460D4627E04B4913
:106FA00081421BDDDFF828A102260022534620463D
:106FB000294603F08FFC00223B4603F0E1F98046AE
:106FC0000F46002253462046294603F0A9FE4246BA
:106FD0003B4603F091FA04460D4608E0032622469C
:106FE0002B4600203B4903F087FA04460D46224613
:106FF0002B461046194603F06DFC8B46824602462E
:107000000B4603F067FC07460246334888460B46AA
:1070100006217844FFF753FD52465B4603F05AFCC5
:1070200082462E488B463A46434605217844FFF770
:1070300046FD3A46434603F04DFC02460B46002E01
:10704000504659460CDA03F09BF922462B4603F0D2
:1070500041FC01B022462B46BDE8F04F03F06EBD67
:1070600003F08EF922462B4603F034FC1C4A7A4486
:1070700002EBC603D3E9002303F052FE22462B465F
:1070800003F04EFE174A7A4402EBC603D3E900230D
:1070900003F054FD009A002AB8BF81F00041BDE81A
:1070A000F88F0000000010440000F07F182D4454B9
:1070B000FB21F93FFB21F9BF0000DC3F0000203E2F
:1070C0000000F33F0000F03F0000E63F0080034077
:1070D0000000F83F0000F0BF7A6000003860000058
:1070E000D65F00009E5F00002DE9F04D9446CCF184
:1070F000000423F000464CEA0404524F46EAD474DC
:107100009A46884621F00042BC4206D8454240EAF1
:10711000050442EAD474BC4204D9BDE8F04D62468D
:10712000FFF72DBDAAF14055A5F17F6555EA0C0486
:107130000BD0022404EAAA74434DDFF810E144EABC
:10714000D87452EA000B04D00CE0BDE8F04DFFF714
:10715000BBBE002C14BF012CBDE8F08D022C30D03A
:10716000032C32D056EA0C0B0AD0BE4220D1BA42D0
:1071700009D126F0804622F080423346114617E0BE
:1071800000291ADB25E0DFF8C8B0FB44002C04BF5F
:10719000DBE90001BDE8F08D012C02BFDBE9000155
:1071A00081F00041BDE8F08D022C0AD0032C0CD0F8
:1071B000BA4212D1B8F1000F0BDA23482549BDE8D5
:1071C000F08D28462449BDE8F08D28467146BDE87B
:1071D000F08D1D482149BDE8F08D921B12153C2A07
:1071E000C4BF19481D490EDCBAF1000FBEBF12F131
:1071F0003C0F0020014606DB624603F07DF921F0DA
:107200000041FFF761FE002C08BFBDE8F08D012CA6
:1072100004BF81F00041BDE8F08D114A114B022CF2
:1072200007D003F07DFD2A46BDE8F04D0A4B03F080
:1072300077BD03F075FD2A46BDE8F04D064B03F01F
:107240007DBC00000000F07F182D4454FB2109C0D4
:10725000625F0000FB21F9BFFB210940FB21F93FE0
:10726000075C143326A6A13C2DE9F04391B0202100
:107270006846F9F75CF9754DA879697900EB01204A
:1072800003F0D8FA724C0022234603F035F903F0DC
:1072900045F8074695F8380095F8371000EB0120BF
:1072A00003F0C8FA0022234603F026F903F036F86B
:1072B0000446202108A8F9F73AF96648DFF89881D2
:1072C000874207DD6548844204DA4146204603F0E0
:1072D0003DFE044600262046394604F041F9F11EE1
:1072E00004F015FA814608AC304603F0B9FF0146B8
:1072F000484603F0FDFF394603F028FE414644F8B6
:107300002600884203DD04F02BF944F82600761CA1
:10731000F6B2082EE8D300200BE0102860D2DFE898
:1073200000F0080813131E1E292934343F3F4A4A2F
:10733000555500EB40012944009A0B7AC9791A444B
:1073400002EB012100914BE000EB40012944019A3E
:107350000B7AC9791A4402EB0121019140E000EB5C
:1073600040012944029A0B7AC9791A4402EB01219F
:10737000029135E000EB40012944039A0B7AC97968
:107380001A4402EB012103912AE000EB4001294459
:10739000049A0B7AC9791A4402EB012104911FE087
:1073A00000EB40012944059A0B7AC9791A4402EB93
:1073B0000121059114E000EB40012944069A0B7A63
:1073C000C9791A4402EB0121069109E000EB400162
:1073D0002944079A0B7AC9791A4402EB01210791D3
:1073E000401CC0B2102898D31D4A1E4900201378B3
:1073F000EC4600BF1D1801EBC50754F820607E6005
:107400005CF82060401C7608C0B221F8356008287E
:10741000F0D30833D8B21070E12813D30B4B0020FF
:1074200013F13C0301EBC00403EBC00564686C601E
:1074300031F8304023F83040401CC0B2E128F1D38D
:107440000020107011B0BDE8F0830000E4170020A8
:10745000000059400000AF430000B4430000504119
:1074600078010020DC1000204FF0E020016921F0BD
:107470000401016103480921017042F22831418071
:1074800070470000A00100200B49498848434FF095
:10749000E021486100228A61086940F0010008612A
:1074A0000869C30701D0C003FAD5086920F00100BC
:1074B00008618A6170470000A00100200B4909782B
:1074C00048434FF0E021486100228A61086940F09A
:1074D000010008610869C30701D0C003FAD5086933
:1074E00020F0010008618A6170470000A0010020BF
:1074F00008B560B120208DF8000028208DF801002B
:1075000030208DF8020038208DF8030004E0A3221B
:1075100004216846F8F7E1FF6A46042140F69E2000
:1075200001F0B0FE01F076FB08BD00003EB5044658
:1075300002208DF80000CA208DF80100E3208DF8AC
:10754000020009208DF803006A460421682001F03A
:1075500099FEA3208DF80000610609D5C0218DF8A1
:107560000110C8218DF80210C2218DF8031005E02A
:107570008DF801008DF802008DF8030014F4C07F2F
:1075800009D0C4218DF80410CC218DF80510C62136
:107590008DF8061005E08DF804008DF805008DF8D3
:1075A00006008DF808008DF807008DF809006A467E
:1075B0000A2140F6A72001F065FEA0074FF0D8058C
:1075C00003D020208DF8000001E08DF800506A46BD
:1075D000012140F6B62001F055FEA00601D501209C
:1075E00000E0002000F08EF814F4C07F1ED0E0050B
:1075F0000AD5B2208DF800008B208DF80100B6204E
:107600008DF802009B2009E0B0208DF8000080205A
:107610008DF80100B4208DF8020090208DF8030051
:107620006A46042140F6A22001F02CFEE1074FF447
:107630000B6022D0F8218DF800106A46012101F07C
:1076400021FEFA21072000F039FB072000F004FB9F
:10765000012000F021FB642000F0C4FB4FF4FA701D
:1076600000F0D0FBC821254800F0BEFA282000F029
:10767000D3FA0A2000F0E0FA05E08DF800506A46DF
:10768000012101F0FFFDA00703D5D9208DF80000EE
:1076900001E08DF800506A46012140F23D7001F092
:1076A000F1FD600701D5012000E0002000F048F85E
:1076B000E00601D5012000E00020FFF719FF104D82
:1076C00044F00800688101F0A5FA0020A873600664
:1076D00001D50620A87314F4C07F02D0A87B801DBA
:1076E000A87314F0140F02D0A87B1030A873A00761
:1076F00002D0A87B001DA87300203EBD09E3CA028A
:10770000F00900200EB54FF4976310B106A107C928
:1077100001E008A207CA8DE807006A460921184659
:1077200001F0B0FD0EBD0000B8AAB38DB4980D35C0
:107730005D000000B8AAAAAAB088C3C5C7000000AF
:1077400008B560B1C0208DF80000C2208DF801009E
:10775000C4208DF80200C6208DF8030004E08B22BF
:1077600004216846F8F7B9FE6A46042140F69820DD
:1077700001F088FD01F04EFA08BD0000C8234FF467
:107780008062024940F6F63001F026B97CC200085A
:107790002DE9FF4F89B01746DDE9165200244C4E03
:1077A000884681462C80A246B07B694601F0C0F92C
:1077B0004FF0FF3B18B158460DB0BDE8F08F70890F
:1077C00010F0140F3CD0009909BA21F0FF039DF886
:1077D00003100B433B6001991B1409BA21F0FF020F
:1077E0009DF807105B430A437A6002999DF80B40AD
:1077F00009BA21F0FF012143B960039C091424BA9E
:1078000024F0FF0C9DF80F4012144CEA040CC7F84A
:107810000CC04FEA2C47494302FB023207FB071119
:1078200011441024A1F17061B1F1007F04D901F07D
:10783000F1F9A5F800A0BEE7298841F480712980FC
:107840004206694611D50A19A41D13885BBAA8F827
:10785000003053885BBAA8F80230928852BAA8F870
:1078600004202A8842F008022A8010F4C07F11D038
:107870000A19A41D13885BBAA9F8003053885BBAB3
:10788000A9F80230928852BAA9F804202A8842F056
:1078900070022A80800716D00C44E07800F0C00502
:1078A00000F03F016078C00706D0C80801F007016A
:1078B0003268491C02B190476078000703D57168AF
:1078C00009B1A80988470C9801F054FD002073E71E
:1078D000F00900202DE9FF41044603A800F032FF23
:1078E000BDF80C00410CC3032F48028902F00300CD
:1078F000550754F8200000D54042C2F3C105960652
:1079000054F8255000D56D42C2F38116D20554F8C3
:10791000264000D56442A0FB0367C21702FB037236
:1079200000FB0120820042EA9670A5FB0367EA177C
:1079300002FB037205FB0122950045EA9672A4FB47
:107940000367E51705FB037304FB01318B0043EA72
:107950009671030E8DF80030030C8DF80130030A88
:107960008DF802308DF80300100E8DF80400100C15
:107970008DF80500100A8DF80600080E8DF8080035
:10798000080C8DF80900080A8DF80A008DF8072008
:107990008DF80B106A460C214FF4257001F072FC33
:1079A00004B0BDE8F0810000F009002030B50446C5
:1079B00013A285B007CA8DE807004FF0FF35C82C29
:1079C00016D8C820B0FBF4F1491E080A8DF80C0047
:1079D0008DF80D1003AA022140F2162001F052FC8E
:1079E00030B96A460C2140F6C12001F04BFC10B1C1
:1079F000284605B030BD054884810020F9E7000025
:107A0000FEF2ABC4AAF1DFDFBBAFDFDFF00900207D
:107A1000F8B53049098901F0030250F822404A07BD
:107A200000D56442C1F3C1028B0650F8222000D574
:107A30005242C1F3811350F82330C80500D55B4290
:107A4000254984FB0140850045EA947082FB014290
:107A5000A40F44EA820483FB0121950F45EA8105C6
:107A6000010E8DF80010010C8DF80110010A8DF83F
:107A700002108DF803006A4604214FF4747001F07F
:107A800001FC4FF0FF3688B9200E8DF80000200C65
:107A90008DF80100200A8DF802008DF803406A4637
:107AA00004214FF4757001F0EDFB08B13046F8BDCC
:107AB000280E8DF80000280C8DF80100280A8DF89A
:107AC00002008DF803506A4604214FF4767001F0ED
:107AD000D9FBF8BDF009002009E3CA022DE9FF41F6
:107AE00004463CA004F00303006802903AA000683A
:107AF00003903AA006683AA0056802A8C15C8DF818
:107B00000010C4F3C101425C8DF80120C4F381125E
:107B1000805C8DF8020003A8C35C8DF80430415CE2
:107B20008DF80510805C8DF806006A46032140F24E
:107B3000264001F0A7FB4FF0FF37E0BB01AA03216D
:107B400040F22A4001F09EFBA8BBCDE9006560072A
:107B50000BD59DF8000040F001008DF800009DF865
:107B6000040040F001008DF80400A0060BD59DF83C
:107B7000010040F001008DF801009DF8050040F083
:107B800001008DF80500E0050BD59DF8020040F0DE
:107B900001008DF802009DF8060040F001008DF80C
:107BA00006006A4603214FF4886001F06BFB10B9B0
:107BB00001AA032100E004E040F2314001F062FB41
:107BC00018B1384604B0BDE8F081064804810020B1
:107BD000F8E700004CCD6C000CC92C00365676003E
:107BE00026466600F00900204FF47A7290FBF2F00E
:107BF00008B54843010E8DF80010010C8DF80110F6
:107C0000010A8DF802108DF803006A4604214FF432
:107C1000AE7001F037FB08BD0521B0FBF1F008B5EF
:107C2000010A8DF800108DF801006A4602214FF418
:107C3000AD7001F027FB08BD0521B0FBF1F008B5E0
:107C4000010A8DF800108DF801006A4602214FF4F8
:107C5000AC7001F017FB08BD08B500218DF80010CD
:107C6000C10702D030218DF80010810705D59DF89D
:107C7000001041F00C018DF80010400705D59DF86B
:107C8000000040F003008DF800006A4601214FF427
:107C9000A47001F0F7FA08BD08B560B1042800D956
:107CA0000420401E8DF800006A46012140F24F106A
:107CB00001F0E8FA08BD0120F3E700002DE9FC41DE
:107CC000054640074FF0FF367CD0B1F5C86F79D834
:107CD000084603F0C5FA3E4903F0ACF9074601A88F
:107CE00000F012FD9DF80400022806D004280DD0F3
:107CF00008282ED0102865D134E00E21384603F034
:107D000006FD03F075FA84B2324907E00D213846CA
:107D100003F0FDFC03F06CFA2F4984B2384603F0FF
:107D2000E7FA03F065FA210A8DF8001080B28DF8A9
:107D30000140010A8DF802108DF80300E8076C4637
:107D400020D0224602214FF4EA7001F09BFAC8BB12
:107D500011E00C21384603F0DAFC03F049FA84B252
:107D60001E49DBE70B21384603F0D1FC03F040FA53
:107D700084B21B49D2E7A21C02214FF4927001F099
:107D800081FAF8B9A8070DD56A4602214FF4EC70C4
:107D900001F078FAB0B9A21C02214FF4947001F0FE
:107DA00071FA78B9680710D56A4602214FF4EE706F
:107DB00001F068FA30B9A21C02214FF4967001F06C
:107DC00061FA10B13046BDE8FC810020FBE70000FD
:107DD00000004843000040460000C0450000404508
:107DE0000000C0440521B0FBF1F008B5010A8DF890
:107DF00000108DF801006A4602214FF4EF7001F087
:107E000041FA08BD0521B0FBF1F008B5010A8DF873
:107E100000108DF801006A4602214FF4ED7001F068
:107E200031FA08BD2DE9F04104464FF019404E49A2
:107E3000002500EB440088424AD84C49204603F014
:107E400057FA03F053FB804603F0B6F9064648495B
:107E5000404603F04DFA07464649404603F048FACB
:107E6000214603F073FB394603F07AFB044642498E
:107E700003F03EFA414903F069F8214603F038FA6D
:107E80006FF0414103F062F8214603F031FA3C49BA
:107E900003F05CF8214603F02BFA0146394806F05E
:107EA0000304784450F8240003F022FA3649794458
:107EB00051F8241003F04AF83449794451F8241059
:107EC00003F044F8B11085BBBDE8F04103F01FBCDE
:107ED0004FF0FF4131EA040018D04FF0CE41B1EB32
:107EE000440F84BF4FF07E50BDE8F0812849B1EBCC
:107EF000440F28BF0125A0D20220F8F7BFFB14F0E1
:107F0000004F0ED0BDE8F041FEF758BE204614F5F4
:107F1000000F04BF0020BDE8F081BDE8F041FEF78E
:107F200045BEBDE8F041FEF744BE03F0F0FB04009F
:107F30000BD0B4F1FF4F0FD0FEF79EFD042808BF11
:107F4000FEF73CFE2046BDE8F0810220F8F796FBE4
:107F5000BDE8F041FEF732BE0220F8F78FFBBDE826
:107F6000F041FEF726BE00000000501E3BAAB840BC
:107F7000F4FD05370070313E12BB2A3D12BB2A3E8C
:107F8000FFFF7F3F3A5200001E52000002520000E5
:107F90000000A08510B504460548E1B2007828B17C
:107FA000044800BF02F096F9204610BD0248F9E7E8
:107FB0000800002000380140004800402DE9FE4341
:107FC0000646264801AB042240680D21007800F0E7
:107FD00099FA10B10720BDE8FE839DF804101C201B
:107FE00000EAD1029DF80710DFF87490C1F3011385
:107FF0001A438DF800209DF80520C1F3810300EAA3
:10800000D2021A438DF801209DF8062001F00301E9
:1080100000EAD20008430024124F8DF80200A04667
:108020006D46285D10B146F824900AE046F8248099
:108030000DE000BF56F82400394603F059F946F820
:108040002400285D401E10F0FF002855F2D1641C6A
:10805000E4B2032CE5D30020BDE70000A00000201F
:108060007B14AE3E1D5A843F2DE9FE4F054601208C
:10807000C14E8DF800004FF000088DF80180306887
:108080000C461746817C70686B460222007800F02F
:1080900071FA4FF0FF3A00287AD1C820FFF7F4F9BF
:1080A0008DF8008030686B460122C17B70680078D3
:1080B00000F060FA0028EFD130686B460122417968
:1080C0007068007800F056FA0028E5D130686B46F9
:1080D0000122817C7068007800F04CFA0028DBD126
:1080E00030686B460122C17D7068007800F042FA6A
:1080F0000028D1D130686B46012201797068007880
:1081000000F038FA0028C7D14FF00C098DF8009024
:1081100030686B46012201797068007800F02AFA15
:10812000002835D10F20FFF7AFF9B06A6B46012266
:10813000407A8DF80000306881787068007800F02F
:1081400019FA002824D1B06A6B460122007A8DF812
:108150000000306841787068007800F00BFA002861
:1081600073D1B06A807A0FB140F0E0008DF8000062
:1081700030686B46012281797068007800F0FAF966
:10818000002862D12FB1B06AC07A40F0E00001E06F
:108190004AE018208DF8000030686B460122C17952
:1081A0007068007800F0E6F9F0BB17B1C820FFF75F
:1081B0006BF940208DF8000030686B460122017990
:1081C0007068007800F0D6F970BB78208DF8000058
:1081D00030686B46012241797068007800F0CAF976
:1081E00010BB3220FFF750F98DF800803068474609
:1081F0006B46417970680122007800F0BBF998B9AC
:1082000031687068B046897A00786B46022200F0C7
:1082100079F948B9BDF80000AF6040BAB0FBF9F099
:108220006F60C6B22F6000E00FE0A7606760276054
:10823000002739E0D8F80010D8F804006B46C97A56
:1082400000780C2200F05EF910B15046BDE8FE8FB8
:10825000BDF80000236840BA02B2BDF80200BDF8C4
:1082600004101A44226040BA626800B21044606090
:1082700049BAA06809B20844A060BDF806002B689E
:1082800040BA02B2BDF808001A4440BA01B2BDF8C3
:108290000A002A606A6840BA11446960A96800B29D
:1082A00008447F1CFFB2A860B742C3D3286883226A
:1082B000C117090441EA104100040023F7F7D7FF72
:1082C00032460023F7F7D3FF286068688322C1177E
:1082D000090441EA104100040023F7F7C8FF3246C1
:1082E0000023F7F7C4FF6860A8688322C117090458
:1082F00041EA104100040023F7F7B9FF324600239A
:10830000F7F7B5FFA86020684FF40065C1170904AE
:1083100041EA104100042A460023F7F7A8FF32463D
:108320000023F7F7A4FF206060682A46C1170904FC
:1083300041EA104100040023F7F799FF3246002379
:10834000F7F795FF6060A0682A46C117090441EA63
:10835000104100040023F7F78AFF32460023F7F7A5
:1083600086FFA060002802DDA0F5803001E000F566
:108370008030A060002069E7A00000202DE9F34FC5
:10838000DFF8A09083B08046A9F10400082602908F
:1083900001204FF0000AEB46544601900298002558
:1083A00050F8247004FB065258F8251059F82200A2
:1083B00002F09EFF394602F0C9FD6D1C0746B5422A
:1083C000F0DB5FEA0A0104D0B0F5000F06DA002006
:1083D00004E0BAF1020F01D101F00CFF4BF82400C8
:1083E0000198641C8442D9DB0F4D009E4FF07E54EF
:1083F0002946304602F048FF01D2284607E02146D0
:10840000304603F041F801D2204600E030460749EB
:10841000009002F06DFF049908600499486005B06F
:10842000BDE8F08F78CE0008000080BF0000FA455C
:108430002DE9F84F81462E488846002540686B4656
:10844000032200780D2100F05DF810B10720BDE88F
:10845000F88F9DF80000002400F01F008DF8000048
:108460009DF801006FF00F0B00F01F008DF8010068
:108470009DF802006E4600F01F008DF802004FF0DC
:10848000010A00BF59F8241058F82400081A00D532
:10849000404202F0CDFE594603F039F90746305DFF
:1084A000C0B1144802E0144902F022FF315D491EB8
:1084B00011F0FF013155F6D10146384602F0BAFD00
:1084C0004FF07E5103F04CF80C4920F000408842F8
:1084D00005DC07E00A483844B0F1D97F02D90AFA2E
:1084E00004F00543641C032CCCDB2846AFE70000F6
:1084F000A00000200000C84154E3853F295C0F3EE6
:108500000000E0BE2DE9F0411D4614460F46064628
:10851000FCF70CFAB0B17006000EFCF7D7F9FCF7C7
:108520004DFA90B13846FCF7D1F9FCF747FAFCF761
:10853000FDF9012000EB4600C0B2FCF7C7F9FCF7DB
:108540003DFA0FE00120BDE8F081FCF717FAF9E7EA
:10855000012C0DD05FF00100FCF782F9641E05F8D4
:10856000010BE4B2002CF3D1FCF708FA0020EAE793
:108570000020F1E72DE9F0411E4615460F4604465E
:10858000FCF7D4F968B16006000EFCF79FF9FCF720
:1085900015FA48B13846FCF799F9FCF70FFA0024B0
:1085A0000CE00120BDE8F081FCF7E8F9F9E7305D67
:1085B000FCF78CF9FCF702FA10B1641CAC42F6DB54
:1085C000FCF7DCF90020EDE790F90010002902DD4E
:1085D0004FF00000704702DA4FF00400704790F946
:1085E0000110002902DD4FF00100704702DA4FF060
:1085F0000500704790F90200002802DD4FF00200EC
:10860000704702DA4FF0060070474FF007007047DE
:10861000FAF74EFDFDF71EFEFCF7F0FEFCF7A0FF9B
:10862000FDF7D0F8FDF7EAF8FDF748F8FDF70CF88C
:10863000FCF7B2FEFCF7CCFEFDF77AF8FDF7A0F8E8
:108640000220FCF7BDFA0120FCF7BAFAFEF70CFF96
:10865000F9F72CF9FDF772FAFCF75CFEF9F790F9DF
:10866000124C134F00262670FAF714FD6168411A68
:10867000142902D36060F9F735F8FAF70BFD0546C7
:10868000E068281A142802D3E560FDF735FCA068DD
:10869000281A642802D3A56000F076FE3868002806
:1086A000E1D0FCF76FFD3E60DDE700000800002030
:1086B0007C0100202DE9F041124C20F00101002541
:1086C00094F8240010B10020BDE8F081A07A4FF0AA
:1086D000FF3668B10840277C2074884200D03546B8
:1086E00041B1012001F034FD00F094FA38B1277453
:1086F0003046E9E7207D00B1012001F029FD284640
:10870000E2E70000A00000200D494A7A42B1012AA8
:1087100008D0022A0FD0032A0FD04FF0FF30704745
:10872000022200E004220270C97C11B11106C90DB9
:108730000170002070470822F5E71022F3E70000DF
:10874000A00000200F494A7A42B1012A09D0022A2A
:1087500011D0032A12D04FF0FF3070474FF48042FF
:1087600001E041F69C720280C97C11B1C2F34E0156
:108770000180002070474FF48052F4E74FF400620C
:10878000F1E70000A00000200B49097A39B1012966
:1087900007D002290AD003290BD0002103E0FA21D7
:1087A00001E04FF4FA710180002070474FF47A71B4
:1087B000F9E74FF4FA61F6E7A00000200A49097AC8
:1087C00041B1012908D002290AD003290AD04FF06B
:1087D000FF307047054900E00549016000207047FF
:1087E0000449FAE70449F8E7A00000200000034329
:1087F0000000834233330342333383410C49C97A47
:10880000072913D2DFE801F01204060A0C0E10004B
:10881000BC2100E062210180002070472A21FAE794
:108820001421F8E70A21F6E70521F4E70021F2E731
:10883000A0000020054991F8242012B14FF0FF302C
:108840007047C9890180002070470000A000002007
:108850002DE9FC414C4C80208DF8000020686B46CF
:108860000122817C60680078FFF784FE4FF0FF37BB
:10887000002832D16420FEF707FE00258DF8005055
:1088800020686B460122817C60680078FFF772FEE9
:10889000002870D120686B460622817D60680078D0
:1088A000FFF730FE002866D19DF805009DF8031003
:1088B000C007400F01F0010140EA41019DF80100AD
:1088C0004FF0010600F00100014309D0012905D055
:1088D000022915D02DA0F7F7EFFC4CE0E67410E06C
:1088E00020686B460122C17860680078FFF70AFEB5
:1088F00040BB9DF8000010F00F0020D0042822D0CB
:10890000E574FF2004F80A0F4FF6FF7104F8020C1B
:1089100004F8010C6070A180A0712072A670267608
:108920006576E572A572E56025616561A576E576F7
:10893000A5834FF4FA6000F06BFB18B907E01D48FF
:10894000F7F7BAFC17E01CA0F7F7B6FCC6E7022061
:1089500000F080FA78B92A2000F0C2FB58B9322022
:1089600000F0F4FB38B90020FFF7A4FE18B900208E
:1089700000F0A4FA10B13846BDE8FC81002000F0F8
:1089800025FC0020F8E70000A0000020556E73755C
:1089900070706F7274656420736F6674776172654E
:1089A0002070726F64756374207265762025642E62
:1089B0000A0000008CD1000848616C662073656E67
:1089C0007369746976697479207061727420666F56
:1089D000756E642E0D0A00002DE9FF4FDFF89480BC
:1089E000064685B098F8250015460F464FF0FF392A
:1089F000B0BBAFB3002420E0301B102800DD1020F6
:108A000080B283463A1901469246204600F03AFC6D
:108A100030BB6A465946204600F0D2F800BB5046AB
:108A20005A466946F7F72DFD20B16FF0010009B0F5
:108A3000BDE8F08F04EB0B0084B2B442DCD3280A0B
:108A40008DF810008DF81150D8F80000444604ABA2
:108A5000817ED8F8040002220078FFF78BFD08B170
:108A60004846E4E7012084F825000898E0840020C7
:108A7000DDE70000A00000202DE9F84305464FF097
:108A8000FF39282844D80727284C00267DB101202B
:108A900000F0F4FA20208DF800004FF00108012DBD
:108AA00017D0052D18D88DF8018005201FE0002073
:108AB00000F0E4FA8DF800608DF8017020686B46D4
:108AC0000222817C60680078FFF754FD00BB2675A8
:108AD00029E08DF80160E8E7142D04D802208DF814
:108AE00001000A2003E003208DF80100142000F0AB
:108AF000F7FA9DF801006B4607EB80108DF8010036
:108B000020680222817C60680078FFF733FD10B195
:108B10004846BDE8F8830820A072267384F81480C4
:108B20000020FFF7C7FD0020F3E70000A0000020B1
:108B30002DE9F843214C0646174694F8240089464F
:108B40004FF0FF3890B3A07A80B320686B460222C2
:108B5000817A60680078FFF7D5FC38BBBDF800006B
:108B600045BAB54202D2002038701FE060684188E3
:108B7000B5EB510F11D9216800786B46497C012271
:108B8000FFF7C0FC90B99DF80000C00605D500F0C5
:108B900041F86FF00100BDE8F8832068F2B24B465F
:108BA000C17A60680078FFF7ADFC08B14046F2E793
:108BB000B5FBF6F0401E38700020ECE7A000002066
:108BC000F8B516000D464FF0FF371FD0104CA17AB4
:108BD000E1B1010A8DF80010C0B28DF80100411911
:108BE00060684289914211D8216800786B46097EFD
:108BF0000222FFF7BFFC48B92068EAB23346417D44
:108C000060680078FFF77EFC002800D03846F8BD89
:108C1000A0000020F8B5524C4FF0FF36A07A002893
:108C20007CD000258DF8005020686B460122C17B66
:108C300060680078FFF79EFC00286FD120686B46C3
:108C40000122417960680078FFF794FC002865D123
:108C500020686B460122017960680078FFF78AFC82
:108C600000287AD194F82400C8B30C208DF80000B5
:108C700020686B460122017960680078FFF77AFC72
:108C800000286AD1C0208DF80000A07AC00702D069
:108C9000E0208DF8000020686B46012201796068B1
:108CA0000078FFF767FC002857D1607C18B10220DC
:108CB0008DF8000001E08DF8005020686B4601221D
:108CC000C17B60680078FFF755FC38BB8DF8005019
:108CD00020686B46012241796068007839E0FFE73F
:108CE00004208DF8000020686B460122017960683D
:108CF0000078FFF73FFC88B9A07C80B9A07AC00754
:108D00000DD060208DF8000020686B4601220179AB
:108D100060680078FFF72EFC00B902E01DE04020FB
:108D2000F0E7607C18B101208DF8000001E08DF8BB
:108D3000005020686B460122C17B60680078FFF715
:108D400019FC50B92068064B012241796068103344
:108D50000078FFF70FFC002800D03046F8BD000077
:108D6000A00000202DE9F047394C82468AB094F8E3
:108D700024000F4620B1002000F00EF9012600E08B
:108D8000002607A8FFF700FD06A8FFF7BDFC09A80D
:108D9000FFF734FD08A8FFF74DFD94F80A9094F80A
:108DA00010800025002239465046FFF75DF910B1CA
:108DB0006D1C022DF6DB022D1AD00025012203A91D
:108DC0006846FFF751F910B16D1C022DF6DB022D3C
:108DD0000ED003A93846FDF7FFFEC7B269465046DC
:108DE000FFF726FB10F0FF0F4FF0000502D002E066
:108DF000002503E001250FB945F00205FF20207290
:108E00006072E0724FF6FF71E181A0722074012060
:108E10002073BDF81C0000F0FBF89DF8180000F06E
:108E200019F8BDF8240000F05BF9BDF8200000F04F
:108E30008DF9484600F0CAF94046FFF73BFC16B1F1
:108E4000012000F0A9F80AB02846BDE8F08700002C
:108E5000A000002038B5184C4FF0FF35A17A19B3A7
:108E6000022806D0042806D008280ED010281BD1CE
:108E70000DE0002000E008208DF80000607A9DF8E9
:108E80000010B0EBD10F04D005E01020F4E718205B
:108E9000F2E7002038BD20686B460122C179606886
:108EA0000078FFF767FB08B1284638BD9DF8000041
:108EB000C0086072EDE70000A0000020F8B5354C56
:108EC0000546A07CA84201D10020F8BD31484FF0F2
:108ED000FF366B46D0E900104FF0010209790078A7
:108EE00035B3FFF70FFB70BB9DF800006B4620F019
:108EF00020008DF800002068012201796068007868
:108F0000FFF738FBF8B90320FEF7BEFA02208DF810
:108F1000000094F8220078B382202BE020686B4692
:108F20000122017D60680078FFF724FB58B92EE02C
:108F3000FFF7E8FA38B9A07AC0079DF8000003D01F
:108F400040F0200002E00CE020F020008DF800004E
:108F500020686B460122017960680078FFF70AFB00
:108F600008B13046F8BD0320FEF78EFA94F82200CF
:108F700000B180208DF8000094F823000028CDD0A7
:108F80009DF8000040F030008DF80000C6E7A574A1
:108F90009AE70000A000002038B51C4C94F824107B
:108FA00081421DD0002500B394F82500D0B10020E7
:108FB00001F0CEF80020FFF781FFE08C00F0C6F84A
:108FC0008DF8005060686B46012200782321FFF77E
:108FD000D1FA012084F8240001F0BAF8FFF71AFE54
:108FE000002038BD4FF0FF3038BD002001F0B0F850
:108FF000207C8DF8000060686B46012200782321F8
:10900000FFF7B8FA84F82450E8E70000A000002039
:1090100038B5194C4FF0FF35A17A31B3FA2809D091
:10902000B0F5FA7F08D0B0F57A7F0FD0B0F5FA6FBF
:109030001BD10DE0002000E008208DF80000207A10
:109040009DF80010B0EBD10F04D005E01020F4E73C
:109050001820F2E7002038BD20686B460122817994
:1090600060680078FFF786FA08B1284638BD9DF899
:109070000000C0082072EDE7A000002038B5174CB2
:10908000054694F82300A84201D1002038BD0DB157
:10909000302000E000208DF80000A07C28B19DF871
:1090A000000040F002008DF8000094F8220028B182
:1090B0009DF8000040F080008DF8000020686B46AD
:1090C0000122017D60680078FFF754FA10B14FF07B
:1090D000FF3038BD84F82350D7E70000A0000020FF
:1090E00038B5194C4FF0FF35A17A31B3BC2801D304
:1090F000012010E0622801D302200CE02A2801D3CD
:10910000032008E0142801D3042004E00A2801D336
:10911000052000E006208DF80000E07A9DF80010A0
:10912000884201D1002038BD20686B460122817839
:1091300060680078FFF71EFA08B1284638BD9DF830
:109140000000E072EEE70000A0000020F8B51E4D20
:1091500004464FF0FF37A87A48B395F8240030BB97
:10916000287D4FF47A7648B164B1282C03D8E0B258
:10917000FFF782FC26E00020FFF77EFC042C05D2DE
:10918000042406E00020FFF777FCF9E7B44200D999
:109190003446B6FBF4F0401E8DF8000028686B469C
:1091A0000122417868680078FFF7E4F908B1384691
:1091B000F8BD9DF80000401CB6FBF0F0E8814008C7
:1091C000FFF78EFF0020F8BDA0000020F8B505468F
:1091D00010F0700F4FF0000601D0012004E015B12F
:1091E0008DF8006002E040208DF80000244C6B46B2
:1091F00001222068817C60680078FFF7BBF94FF09E
:10920000FF3760BB9DF8000020F0400020738DF810
:109210000060680602D404208DF80000A80605D47A
:109220009DF8000040F002008DF80000E80605D42B
:109230009DF8000040F001008DF80000280705D4DB
:109240009DF8000040F038008DF8000020686B4663
:109250000122C17C60680078FFF78CF910B1A6721A
:109260003846F8BD25B1082D02D00020FFF706FFD3
:10927000A57226753220FEF707F90020F8BD000020
:10928000A0000020F8B516000D464FF0FF371FD0A4
:10929000104CA17AE1B1010A8DF80010C0B28DF82E
:1092A0000100411960684289914211D82168007813
:1092B0006B46097E0222FFF75DF948B92068EAB2E1
:1092C0003346417D60680078FFF754F9002800D0EC
:1092D0003846F8BDA00000202DE9F05F9946DDF882
:1092E0002CB00D46824691422ED1002728E0002462
:1092F00023E00C9909FB07F0002201EB80081646D9
:1093000048F8242016E000BF09FB06F00BEB8000B4
:109310000A9A50F8241005FB07F002EB800050F881
:10932000260001F0E5FF58F8241001F00FFE48F880
:109330002400761CAE42E7DB641C4C45D9DB7F1C65
:109340005745D4DBBDE8F09FBDE8F05F01A0F6F71C
:10935000B3BF0000B4EDCEF3A3BABED8D5F3B5C405
:10936000B3DFB4E7B2BBB6D4A3A10000002800DA93
:109370004042704770470246012000E05043491EBA
:10938000C9B2FBD270470000F8B54FF48061B6480F
:10939000F7F7ABF80021B5A20846FCF7F5FCB44896
:1093A0000C2500950288042300212820FCF7B0FC3E
:1093B000B0A200214620FCF7E7FCB0480068012875
:1093C00004D1AF48006808B1AEA200E0AEA200210F
:1093D0006920FCF7D9FCADA20A210020FCF7D4FCDF
:1093E000AC480078012804D1ABA20A215220FCF736
:1093F000CBFCAA480078042801D0052808D1A84849
:109400000078012804D1A7A20A215220FCF7BCFC55
:10941000A64CA74E2068B04207D3A6A20A2130204E
:10942000FCF7B2FC2068B04204D2A3A20A2130208B
:10943000FCF7AAFC206801F0BFFEFFF797FF024689
:1094400003230A2138200095FCF762FC9BA214211B
:109450000020FCF799FC9B4C2068B04207D395A2F2
:1094600014212A20FCF790FC2068B04204D292A27A
:1094700014212A20FCF788FC206801F09DFEFFF7EC
:1094800075FF02460423142132200095FCF740FCAE
:109490008D4CA06801F0ACFE82B20523142152204D
:1094A0000095FCF735FC89A214217220FCF76CFCB6
:1094B00087A21E210020FCF767FC864F3868002831
:1094C00011DA7CA21E211020FCF75EFC3868FFF741
:1094D0004DFF024604231E211A200095FCF718FCBC
:1094E000386800280EDB74A21E211020FCF74CFC0B
:1094F0003868FFF73BFF024604231E211A2000951F
:10950000FCF706FC2068B04207D36AA21E213C206B
:10951000FCF73AFC2068B04204D267A21E213C202E
:10952000FCF732FC206801F047FEFFF71FFF024600
:1095300004231E2144200095FCF7EAFB66A21E21AD
:109540006020FCF721FC66A228210020FCF71CFC0F
:10955000644F3868002811DA56A228211020FCF741
:1095600013FC3868FFF702FF0246042328211A2063
:109570000095FCF7CDFB386800280EDB4EA22821B1
:109580001020FCF701FC3868FFF7F0FE02460423C8
:1095900028211A200095FCF7BBFB6068B04207D376
:1095A00044A228213C20FCF7EFFB6068B04204D2C3
:1095B00041A228213C20FCF7E7FB606801F0FCFD9C
:1095C000FFF7D4FE02460423282144200095FCF72F
:1095D0009FFB41A228216020FCF7D6FB42A232214A
:1095E0000020FCF7D1FB41A232211E20FCF7CCFB6E
:1095F0003DA232214020FCF7C7FB3D4C64210223F1
:109600002068009590FBF1F232211320FCF780FBDB
:1096100020680A2690FBF6F090FBF6F106FB11029B
:10962000012332212A200095FCF772FB20680123D8
:1096300090FBF6F106FB1102322108460095FCF77B
:1096400067FB2C4C207830B10FA232215F20FCF751
:109650009BFB207820B928A232215F20FCF794FBE5
:10966000BDE8F840FCF7E6BAF005002041444300AD
:109670001C00002041564F3A00000000200000204E
:10968000240000204F5F4E004F464600416E676C3D
:10969000650000001800002050533200190000201F
:1096A0001A0000204C696461720000006000002014
:1096B000000080802D0000002B0000004779726FB1
:1096C0007800000064000020540200206D6D00004E
:1096D0004C000000540000206D6D2F73000000004E
:1096E0005200000058000020560000002E0000002C
:1096F0005C000020040000204F4E20002DE9F04DBA
:109700001D460C4698B0174621F0004123F0004357
:10971000002814BF4FF0010C4FF0000C0CEB440C70
:10972000FE4A0CEB02064FEA620C66452BD33E0064
:1097300018BF012606EB45061644F94A964222D385
:10974000F84A53EA070C02D0944205D148B918B040
:1097500000201146BDE8F08D002808BF4FF0000C36
:1097600001D04FF0010C0CEB440212F5001F0AD897
:10977000002F14BF4FF0010C4FF0000C0CEB450212
:1097800012F5001F07D918B03A462B462146BDE80E
:10979000F04DFDF7F4B90022DFF88CA3002CB8BF20
:1097A000534526DADFF884C36345A8BF022220DAD6
:1097B000DFF870C39C451CDCDFF874C30CEB235C42
:1097C000BCF1140F08DDCCF1340627FA06FC0CFAC4
:1097D00006F6BE420DD108E05FB9CCF1140623FABB
:1097E00006FC0CFA06F69E4203D10CF00102C2F10F
:1097F000020251EA000C19D1002D17DA002C18BF13
:10980000022A01D0012A07D00220F6F737FF18B04C
:10981000BDE8F04DFDF7A8B90220F6F72FFFFDF7E0
:10982000A3F918B081F00041BDE8F08DB7F1000C4C
:109830006CD1534525D104F1804212F5801201BF4D
:1098400000280020B74918B008BFBDE8F08DB54822
:10985000884207DC002DA1BF6046294618B0BDE84C
:10986000F08D07E0281E05DA80F0004118B0604650
:10987000BDE8F08DAF497944D1E9000118B0BDE8E9
:10988000F08DDFF8A0C2634525D1002D1FDA19B194
:10989000514512D1D8B909E0002840F0EC82A24A23
:1098A000214618B062F31E01BDE8F08D002021466C
:1098B00018B060F31E01BDE8F08D08DA18B0234639
:1098C000BDE8F04D02460020614600F015BE18B01C
:1098D0002146BDE8F08D514518DAB5F1804F0DD025
:1098E000A5F1005CBCF1FF5C10D1B4F1000C0DDB04
:1098F00018B06146BDE8F04D00F056BC234618B0E4
:109900000246BDE8F04D194600F0E4BF060024F021
:10991000004C3BD1D9B1514533D1002C06DD002D8F
:10992000A1BF0020514618B0BDE8F08D002C01DD2C
:10993000002D1BDB002C13DA002D11DB012A4FF068
:10994000000014BF78497C4918B0BDE8F08D022AA8
:1099500018BF002C0AD0012A08D1002C06DA0AE030
:10996000002CB8BF002D11DA012A04D0002018B055
:109970000146BDE8F08D18B000204FF00041BDE871
:10998000F08DA1F14050B0F17F601AD0012000EBC2
:10999000E47050EA020421D0624C521E4FF0000BDA
:1099A000104304BF4FF0000B644C654883427CDDDC
:1099B000644A654893421FDD884217DB002D25DB92
:1099C00037E0002C00DA4AB1022A0CBF01204FF028
:1099D000FF3018B0BDE8F04D00F015BF0120F6F7DC
:1099E0004DFE18B0BDE8F04DFDF7CBB84D4A8A42A8
:1099F00002DC002D0ADC1CE0814202DA002D18DABC
:109A000004E0484B994220DD002D12DD0220F6F7DC
:109A100035FEFDF7BCF805460E4600225346584673
:109A2000214600F057FF18B066F31E012846BDE836
:109A3000F08D0220F6F722FEFDF7B0F80A46214627
:109A400018B062F31E01BDE8F08D00223046614679
:109A500001F066F980460E466FF0010201F029FE22
:109A60004FF05532394B01F069F84246334600F069
:109A700031FF0022364B01F061F882464246334600
:109A800004911046194600F025FF5246049B00F051
:109A900021FF8A4600904FF0C0422E4B404631468F
:109AA00000F018FF2C4A2B4B00E027E0CDE906011F
:109AB0005146009800F00EFF82460191274A284B3C
:109AC0004046314600F006FF5246019B01F028F95E
:109AD00082460B4602460591DDE9060100F050FC86
:109AE000DDE9062300268846304601F019F9524682
:109AF000059B01F023F8024600F07EB90020B1F585
:109B0000801F07DA35223046614601F0D2FD064655
:109B10006FF0340000EB215024E00000FFFF1F0035
:109B2000FFFF0F000000F03F0000F07F0000404307
:109B300001FCFFFF763800000000F0FF0000F0BFDE
:109B40000000E0410000F043FFFFEF3F5555D53FD7
:109B50000000E03F4715F73FFE822B6544DF5DF8CC
:109B60000BAE543EA0F2FF300190C1F3130040F061
:109B70007F6141F040510291FE498842D8BF0020E8
:109B800004DDFD498142C8BF012001DD0D9008E0E0
:109B900000200D900198401C01900298A0F58010C3
:109BA00002900299F54878440B910D9900EBC100A1
:109BB000D0E900230F9330460A920B9901F0B0F8D8
:109BC000CDE90601DDE90A2130460F9B00F0D8FB04
:109BD00002460B460020EA4900F08EFC0591024641
:109BE0000B460090DDE9060100F074FE1490E54894
:109BF0008A464FF0000878440299006812904FF0AE
:109C0000005040EA61010D980F9B01EB804000F588
:109C1000002109910A9A129801F082F832460B9BB2
:109C200000F08CFF4246534600F054FE0646029177
:109C300040465146099B129A00F04CFEDDE906238E
:109C400000F07CFF3246029B01F06AF8059B009A07
:109C500000F040FE0091149A0490534610461946B5
:109C600000F038FE06460246C7480B460291062120
:109C70007844FCF724FFCDE90510029B32461046DC
:109C8000194600F027FEDDE9053200F023FE0591BC
:109C90000646534640461946149A00F071FB009B55
:109CA000049A00F017FE3246059B00F069FBCDE9EF
:109CB0000510424653461046194600F00BFE00229E
:109CC000B24B02910A9000F05BFBDDE9053200F037
:109CD00057FB0E464246AD4B404601F021F8029B31
:109CE0000A9A01F01DF8DDE9053200F027FF42462F
:109CF00002910A9033461046514600F0EBFDCDE943
:109D000006015346149A02990A9800F0E3FD8A4628
:109D10000290334642460099049800F0DBFD53461A
:109D2000029A00F02DFB82460B4602460591DDE9C2
:109D3000060100F025FBDDE90623002088460646E3
:109D400000F0EEFF5246059B00F0F8FE82460991B6
:109D50004FF060428E4B3046414600F0BBFD049010
:109D600006918C4A8A4B5046099900F0B3FD824611
:109D70000291894A894B3046414600F0ABFD52467C
:109D8000029B00F0FDFA864B7B440D9A03EBC20365
:109D9000D3E9002300F0F4FA0E900791019800F047
:109DA00032FD0591DDE9061382460E9A049800F013
:109DB000E7FA7C4A7A440D9B02EBC303D3E9002304
:109DC0000093029200F0DCFA5246059B00F0D8FAAC
:109DD0000026884652463046059B00F0A1FF009BB6
:109DE000029A00F09DFF069B049A00F099FF079BE2
:109DF0000E9A00F0A3FE024600200B460290384661
:109E0000294600F067FD824601912B4638461946E7
:109E1000029A00F085FF3246434600F05BFD524651
:109E2000019B00F0ADFA07468A4632464346294672
:109E3000029800F04FFD05460E463A46534600F0A4
:109E40009FFA594A8846914221DBA8EB020353EA64
:109E5000000210D12A46334600F062FFCDE904012A
:109E6000524A534B3846514600F08AFADDE9042342
:109E700000F02EFE21D20220F6F700FCFCF787FE50
:109E80000A46214618B062F31E01BDE8F08D494B29
:109E900028F000429A4210D3474A08EB020353EAE3
:109EA00000027FF4C6AD2A46334600F039FF3A4639
:109EB000534600F00DFE7FF6BCAD0022019228F063
:109EC00000403E493E4A01EB2051824223DA481CC1
:109ED0004FF4801121FA00F040443A4AC0F30A518D
:109EE0007A44394BA1F2FF31CB4020EA0303C0F39F
:109EF000130040F48010C1F11401C84012680190B1
:109F0000B8F1000FBCBF404201902846314600F036
:109F100007FF05460E462A4633463846514600F0AE
:109F20002FFA4FF000084246284B4046059100F0BA
:109F3000D1FCCDE90601264A264B4046059900F0A2
:109F4000C9FC009102902A4633464046059900F02C
:109F5000E7FE3A46534600F0F1FD1F4A1F4B00F062
:109F6000B9FC009B029A00F00BFA074688460246AD
:109F70000B4635E08E9803007AB60B00F6330000EE
:109F80000000F03FF63400005C33000000000840A1
:109F900009C7EE3FFD033ADCF5015B14E02F3EBE3E
:109FA00034320000F831000000009040FE822B6542
:109FB0004715973C00CC904000346F3F01FCFFFFF9
:109FC0000000E03F0C320000FFFF0F00432EE63F91
:109FD000396CA80C615C20BEEF39FAFE422EE63FD8
:109FE000DDE9060100F0CCF9DDE9062305460E4661
:109FF00000F096FE3A46434600F0A0FD0F462A4682
:10A00000334600901046194600F064FC8246024632
:10A010002E4888460B4605217844FCF750FD5246F1
:10A02000434600F057FC2A46334600F087FD804641
:10A030008A463B4628463146009A00F04BFC3B4698
:10A04000009A00F09DF90691009000224FF08043A5
:10A050004046514600F064FE0F460C90424653467F
:10A060002846314600F036FC3B460C9A00F044FA94
:10A07000069B009A00F054FE2A46334600F050FE3C
:10A080000022134B00F05AFD054601980E4601EBE5
:10A0900000510815002810DC28463146019A01F0CD
:10A0A00008FBFCF7D5FC042808BFFCF777FD284621
:10A0B0003146019A01F0FDFA05460B4618B02A46D2
:10A0C00058462146BDE8F04D00F004BCE42F0000E6
:10A0D0000000F03F10B588B0694604A8FEF742FEC4
:10A0E000072832D107A8FEF769FB049801F0A0F811
:10A0F00007990C4601F0FCF801F05EF80490059811
:10A1000001F096F8214601F0F3F801F055F80590BA
:10A11000069801F08DF8214601F0EAF801F04CF8BC
:10A12000069004A8FDF774FC03A8FEF70BFBBDF82E
:10A130000C0000994143009101994143019102991A
:10A14000414368460291FDF7C5FB08B010BD000011
:10A15000F8B5144C0146224694F82460D2E9000276
:10A1600000235D1E56B179B1022111E0C17B107848
:10A170006B460122FEF7FEF968B90EE0A67A56B1E9
:10A1800011B1617C61B902E08DF80030EEE7012188
:10A190008DF80010EAE72846F8BD9DF800006074CD
:10A1A0000020F8BDA00000202DE9F04106460F4632
:10A1B00000F0D0FC041E0D4618BF0120284320F0FB
:10A1C0000040C0F17F6000F1E040C00F0ED0301CB5
:10A1D00018BF0120384320F00040C0F17F6000F13B
:10A1E000E040C00F04BF0120F6F748FA2046294698
:10A1F000BDE8F0812DE9F047314A324B05464FF07A
:10A200007F4120F00044B1EB450F54D39C421BDD4D
:10A21000B1EB440F18D39442C8BF4FF07E5044DCDA
:10A220000121204601F073FAFDF7FCFD4FF07E514D
:10A2300000F08CFE01464FF0804000F0FBFE4FF036
:10A240007E5101F083F930E0B4F1665F0BDAB1EBD7
:10A25000440F08D32046FCF70FFC042808BFFCF786
:10A26000ADFC204621E02146174EDFF860A0184FD4
:10A27000084601F03DF88046514601F039F8314674
:10A2800000F064FE414601F033F806463946404688
:10A2900000F05CFE0146304600F0CCFE0146204650
:10A2A00001F026F8214600F051FE002DB8BF80F0E5
:10A2B0000040BDE8F087BDE8F047FCF777BC000040
:10A2C000B32C1041549F0C3FC6E252BFB2117BBB6E
:10A2D0001A2A1E4044F6206200E0521E03685B0604
:10A2E00002D4002AF9D17047002AFCD0416070479F
:10A2F00010B500290AD00878002807D0054878440E
:10A30000F6F78AFD002801D0002010BD02487844ED
:10A3100010BD0000A22F00009A2F000021F0004283
:10A32000A2F16052B2F5801F01F0004328BFD2F1C4
:10A330007F6C0BD95FEA001C43EAC20242EB50700B
:10A3400018BF704728BF20F001007047B2F5801F8A
:10A35000BCBF184670474FEA410C1CF5001F02D2E3
:10A36000084601F08CB870B500F05EFB0000008973
:10A37000FFF7F6BF4FF00040A0F5800070470000E7
:10A3800010B591EA030F48BF83F0004300F1D08479
:10A39000841A71EB030C05D2121943EB0C03001B5A
:10A3A00061EB0C01DFF824E14FEA1154A4EB135CDC
:10A3B0001EEA430F18BF9EEA445F73D023EA0E03E0
:10A3C000DCF1200E21EA045143F4801332D322FA47
:10A3D0000CFE10EB0E0023FA0CFE41EB0E01CCF14B
:10A3E000200E03FA0EFE10EB0E0051F10001B1F544
:10A3F000801FCCF1200E32D201EB045112FA0EF282
:10A40000BDE8104058BF7047401C38BF5FEA4202A9
:10A4100018BF7047002814BF20F0010041F100016F
:10A420004FEA410313F5001F38BF7047A1F1C04147
:10A4300000F048BB012A43EB0302ACF1200CDCF135
:10A440001F0E32BF4FF0000E23FA0CF310EB030087
:10A4500041EB0451B4EB115FD0D0A1EB045101F5F5
:10A46000801149085FEA300001EB04510ED350F12E
:10A47000000038BF12FA0EFE08D1BDE81040C9E74F
:10A48000401C38BF5FEA4202CAD1C3E7BDE81040B2
:10A490004FEA410313F5001F38BF7047A1F1C041D7
:10A4A00000F010BB9EEA445F08D011EA5E0FBDE8E1
:10A4B000104004BF01F0004100207047BDE810408B
:10A4C00070B500F0B1FA00BF64FBBE3E0000E0FFD3
:10A4D00002494FF0000001F0BAB800BF0000F87F59
:10A4E000491058BFC1F140415B1058BFC3F1404310
:10A4F0008B42EFF3008070472DE9C04130B4DFF8A4
:10A50000A0C23CEA111418BF3CEA131400F0EC801E
:10A5100081EA03051CEA111444EAD57418BF1CEA49
:10A52000131500F0C780A4EB05044FF0004545EA81
:10A53000C12145EAC32341EA505143EA525304F191
:10A540007F74994204F500344FEAC0204FEAC222DA
:10A5500008BF904200F09C804FEA13650FF240164E
:10A56000765D4FEA134506FB05F7C7F1807706FBDA
:10A5700007F74FEAD737A7FB03687642C8F580385C
:10A58000A7FB06CE38BFA8F1010807FB08E64FF08D
:10A59000000EA6FB028CE6FB03CEDCF1000CCEF134
:10A5A000004E38BFAEF1010EA6FB0C584FF000076D
:10A5B0004FF00005E6FB0E87A1FB08C6A0FB07CE07
:10A5C00016EB0E0645F10005E1FB076515F1E04EBF
:10A5D0007EBFA4F580345FEA46066D4116F1800720
:10A5E00045F100054FEA17274FEA066647EA056777
:10A5F000A6F1DE46B6F1805F4FEA15251FD9384631
:10A6000024F0010C05EBC471BCF1FE6F01EB0C11E1
:10A6100002D8F0BCBDE8008124425CBF01F5801E79
:10A620009EEAC47F02D4F0BCBDE80081244238D445
:10A63000F0BCA1F1C041BDE8004100F043BA4FEACF
:10A64000D22242EA43524FEAD323A7FB02864FEAC3
:10A65000D02040EA415007FB03661EEA0E0F4FEA86
:10A66000D12105FB026658BFA6EB0056B6EB00569B
:10A670004FEA520E4EEAC37E18EB0E0E56EB530E07
:10A68000BDD518EB02085E417F1C55F10005B6E709
:10A690004FF480154FF000074FF000064FF0000810
:10A6A000ADE7F0BC4FF0000001F1C04101F0004106
:10A6B000BDE8008111EA0C1F0CEA131500D00CE074
:10A6C00013EA0C1F00F025804FF00000F0BC81EA77
:10A6D000030101F00041BDE80081F0BCBDE800418C
:10A6E00081EA030100F0EEB9F0BCBDE8004170B5AD
:10A6F00000F09AF9097EFC3E00F007B881EA0301F8
:10A700004FF0000001F00041704781EA030100F0C2
:10A71000D9B9F0BCBDE800414FF0000021497047B5
:10A72000FFFDFBF9F7F5F4F2F0EEEDEBE9E8E6E416
:10A73000E3E1E0DEDDDBDAD8D7D5D4D3D1D0CFCD9D
:10A74000CCCBCAC8C7C6C5C4C2C1C0BFBEBDBCBBD6
:10A75000BAB9B8B7B6B5B4B3B2B1B0AFAEADACABD1
:10A76000AAA9A8A8A7A6A5A4A3A3A2A1A09F9F9EAB
:10A770009D9C9C9B9A99999897979695959493935D
:10A78000929191908F8F8E8E8D8C8C8B8B8A8989F4
:10A790008888878786858584848383828281818077
:10A7A0000000FF070000F87F4FEA41034FEA5353D0
:10A7B000A3F58063D3F11E03C8BFD3F1210C0CDDD8
:10A7C0004FF0004242EAC12242EA505232FA03FC00
:10A7D0008CEAE17CACEBE1707047102BC4BF002029
:10A7E000704703F5787CBCF1FF3F04D06FF0004266
:10A7F00082EA2100704770B500F016F94992248072
:10A8000000207047F2E710F0004248BF4042B0FA23
:10A8100080F310FA03F10AD0C3F11D0303F580633E
:10A820004FEA415002EB035202EBD12170474FF047
:10A8300000007047B0FA80F310FA03F10AD0C3F1B8
:10A840001D0303F580634FEA41504FEA035202EBC8
:10A85000D12170474FF000007047000051EA030C0F
:10A8600017D41CF5801F58BFBCF5801F00F106806F
:10A87000994218BF704708BF9042704707D711F53B
:10A88000801F58BF13F5801F19D499427047894221
:10A8900070471CF5801F08D5BCF5801FF7D58B428B
:10A8A00018BF704708BF824270474FF4001C1CEB72
:10A8B000410F38BF1CEB430F01D28B42704770B57C
:10A8C00000F0B2F8922449004FF000514FF080534D
:10A8D000FFF706BEDFF848C170B51CEA111E1EBFA7
:10A8E0001CEA13159EEA0C0F95EA0C0F00F06F801E
:10A8F00081EA030423EA4C134EEAD47E21EA4C1188
:10A9000041F4801143F48013AE44A1FB024CA0FB40
:10A910000365AEF17F7E361955EB0C05A1FB034CA8
:10A920004CF10003A0FB021C16EB0C06654153F131
:10A930000003094218BF46F0010613F4007F0BD153
:10A940004FEA03314FEA0530340341EA155140EA3A
:10A9500016506FF003020AE04FEAC3214FEAC52008
:10A96000F40241EA555140EA56506FF0020202EB00
:10A970002E4201EB025585EACE710AD05FEA440C03
:10A9800018BF24F0004450F1000041F1000120EA1A
:10A99000D47040F2FE7C624500D270BDA84214BF64
:10A9A0004FF080444FF04044002E08BF0024BEF119
:10A9B000806FA8BFA1F1C041BDE8704080F28280E5
:10A9C0004FF0000001F1C04101F0004170479EEAE4
:10A9D0000C0F0CEA131518BF95EA0C0F06D04FF0B8
:10A9E000000081EA030E0EF0004170BD00F01CF87B
:10A9F0008900013E00F007B800F009B84FEA430CA7
:10AA00005FEA5C5C08D081EA030100F05BB84FEAC2
:10AA1000410C5FEA5C5CF6D14FF0000001497047E1
:10AA20000000FF070000F87F0EF1020E2EF0030E6B
:10AA30005EF8046B364205D4012A43EB030515F595
:10AA4000001F12D8012841EB010C1CF5001F0CD887
:10AA50000ED14FEAD17C15F5001F0CEB4C0C0CF11C
:10AA6000020C08BF4CEBD37C04E04FF0080C01E073
:10AA70004FEAD37C0CEB4C0526FA05F606F00706E8
:10AA8000B6F1040C06D20EEB860CBDE870404CF01B
:10AA9000010C6047DFE80CF0090B02024FF00041A7
:10AAA0004FF00000A1F5002170BD194610460128A5
:10AAB00051EB010418BFD4F5001484BF002001F04D
:10AAC000004170BD0808A0F500114FEA3101704740
:10AAD00053EA010C17D41CF5801F58BFBCF5801F2A
:10AAE00000F106808B4218BF704708BF8242704752
:10AAF00007D713F5801F58BF11F5801F19D48B425B
:10AB000070479B4270471CF5801F08D5BCF5801F1D
:10AB1000F7D5994218BF704708BF904270474FF46D
:10AB2000001C1CEB430F38BF1CEB410F01D29942B4
:10AB300070470FB40CBC03BCFFF7C1BE91EA030F12
:10AB400010B581F000413FF523AC83F0004300F0E5
:10AB5000EFB800002DE9F04101F5801CBCF5001FA5
:10AB6000C0F2C3804FEA115C21EA0C510CF1FD0CDC
:10AB700041F480115FEA5C0C0CF5C07C01D340000D
:10AB800049413DA4890241EA905187028E0E0A0C88
:10AB9000A45D04FB04F602FB06F6C6F14046A4FBE6
:10ABA0000662F60D46EA422606FB06F4A4FB0123E4
:10ABB0005242C3F1404338BF5B1EA6FB0242002451
:10ABC000E6FB0324D20B42EA4446A6FB0623A1FB84
:10ABD00002E2A3FB07E4A4184FF0000252F10002C6
:10ABE000E3FB01426442C2F1404E38BFAEF1010EB8
:10ABF000A6FB04234FF00002E6FB0E32A2FB034645
:10AC00004FF00004B61954F10004E2FB0264A1FB0A
:10AC100006E6A4FB07E816EB08064FF0000858F11B
:10AC20000008E4FB01687642C8F1405838BFA8F13B
:10AC30000108A2FB06E4A3FB08E52D194FF0000470
:10AC400054F10004E2FB0854A1FB05E6A7FB04E86D
:10AC500018EB06084FF0000656F10006E1FB0486EB
:10AC600018F1200556F10006A809A8F11B08B10942
:10AC700008F03F08B8F10A0F40EA86601CD901EBE2
:10AC80000C51BDE8F08100BFFCF5EEE8E2DDD8D361
:10AC9000CFCBC7C3C0BDB9B6B4B1AEACA9A7A5A34D
:10ACA000A19F9D9B9A9896959392908F8D8C8B895E
:10ACB0008887868584838281A0FB006800FB01F27F
:10ACC00008EB4208B8EB872807D5341858EB010485
:10ACD000D5D5401C51F10001D1E7341A78EB0104BD
:10ACE000CDD4401E71F10001C9E75FEA4C0C5FEA68
:10ACF0009C5C0DD105D34FF0000001F00041BDE890
:10AD0000F081BDE8F04170B5FFF78EFE6DDBFFBE50
:10AD1000BDE8F0414FF00000004970470000F87FA7
:10AD200010B591EA030F48BF83F000433FF530AB05
:10AD3000841A71EB030C07D212198CF0004C43EB10
:10AD40000C03001B61EB0C01DFF8A4E14FEA115486
:10AD5000A4EB135C1EEA430F18BF9EEA445F00F0A9
:10AD6000B08023EA6E03524221EA0451C3EB6E0322
:10AD700038BF5B1EDCF1200E25D322FA0CFE10EB4F
:10AD80000E0043FA0CFE41EB0E01CCF1200E03FA4B
:10AD90000EFE10EB0E0051F10001CCF1200E29D473
:10ADA00012FA0EF201EB0451BDE8104058BF704793
:10ADB000401C1CBFB2F1004F704700280CBF491C5B
:10ADC00020F00100704712EB020E43EB030218BFA4
:10ADD0004FF0010E4EEA4202ACF1200CDCF11E0EE7
:10ADE00054D943FA0CFE10EB0E0051F1FF31CCF1B7
:10ADF0001E0ED5D50EF1010E12FA0EFE404141EBAA
:10AE0000010101EB445C5FEA5C5C10D910EBDE7081
:10AE100001EB045138BFBEF1004FBDE8104018BF30
:10AE2000704700280CBF491C20F00100704730D249
:10AE30004FEAD42C11F5001124F400641BD0B1FAB0
:10AE400081F20B3AA41AA41ED2F12003914030FAE9
:10AE500003F31943904001EBCC71002C01EB04513A
:10AE6000BDE81040A8BF704701F1C0414FF000009D
:10AE700001F000417047B0FA80F310FA03F100D1FD
:10AE800010BDE41A173C4805C90AE4E701EB045178
:10AE900010BD491001EB0451BDE810404FEA3000ED
:10AEA00002E04FF0000170474A0008BF0042F8D0AE
:10AEB000B2F5001F28BF704701F000414FF00000BD
:10AEC00070479EEA445F07D011EA5E0FBDE810406C
:10AED00004BF002100207047BDE8104070B5FFF7A7
:10AEE000A3FD00BF40DFF63E83F0004110467047EF
:10AEF0000000E0FF43004FEAD30C4FEA3C0C434014
:10AF00001FBF40070CF1605113F0FE4F70471CF05B
:10AF1000006F03D100200CF0004170470CF000439B
:10AF200043EA507010B540EACC0000F062FA00BF6E
:10AF3000000000924FEA0001FFF7C4BD4FF000414E
:10AF40004FF00000A1F500217047000090EA010FCA
:10AF500048BF81F0004100F10A83421A3CBF801AC9
:10AF600089184FEAD0524FF07F4C1CEA410FA2EBF8
:10AF7000D15318BF9CEA026F00F03B804FF0004CA9
:10AF80004CEA00204CEA012121FA03FC10EB0C0CE6
:10AF90001ED202F1FF325FEA1C2040EBC25038BFE4
:10AFA00070471CF07F0F4FEA400C18BFBCF17F4F79
:10AFB00038BF7047C3F12003994008BF20F001005B
:10AFC000BCF17F4F38BF7047A0F1C04000F057BAC6
:10AFD0004FEA3C00000A40EBC25028BF1CF0FF0FB4
:10AFE0004FEA400CE6D018BFBCF17F4F38BF704726
:10AFF000EAE79CEA026F05D010EA5C0F08BF00F098
:10B000000040704710B500F0F4F900BF64FBBE3E8D
:10B01000014800F01CBB00BF0000C07F401058BFBB
:10B02000C0F14040491058BFC1F140418142EFF3A7
:10B03000008070474FF47F0C1CEAD0121EBF1CEA40
:10B04000D11392EA0C0F93EA0C0F00F0858090EA7E
:10B05000010F48BF42F4807240F4000C41F400003C
:10B060002CF07F4120F07F4000B58142A2EB03022B
:10B070000FF2081CACEB504EC0F100009EF800E04F
:10B080004FEA4E0E00FB0EFC38BF49004FEA2C1C65
:10B0900002F5FA020CFB0EF34FEACE1E4FEA112C1A
:10B0A0004FEAC1210EEB635E42EB22420EFB0CFC29
:10B0B0004FEA1C5300FB03114FEA112C4FEA0131F8
:10B0C0000EFB0CFC4FEADC4C00FB0C11C14228BF0C
:10B0D00009184CEB03335DF804EB10EB410143EB33
:10B0E000C250B2F57C0F38BF704729D512F0F00F6F
:10B0F0001CBF00F1C04000F0004070470081828317
:10B100008485868788898B8C8D8E8F919293959676
:10B1100097999A9C9D9FA0A2A3A5A7A8AAACAEB000
:10B12000B2B3B5B7B9BCBEC0C2C5C7C9CCCED1D405
:10B13000D7D9DCDFE2E6E9ECF0F3F7FAFE00000035
:10B140004FEA400C0CF1807CBCF17E4F28BF704769
:10B15000B0F1C04000F093B990EA010F0CEAD113AE
:10B1600048BF42F48072624538BF634507D213F48A
:10B170007F0F16D080EA010000F00040704710B544
:10B1800000F037F9097EFC3E00F005B880EA0100C6
:10B1900000F00040704780EA010000F0004000F03D
:10B1A0006EB912F47F0F04BF0248704780EA0100B5
:10B1B00000F065B90000C07F41000B0ED3F19E0284
:10B1C00008D950F400034FEA032323FA02F048BFE2
:10B1D0004042704710B500F00CF900BF499224803E
:10B1E000002070476FF0004282EA200070470000A4
:10B1F000C10DD1F19E0206DB4FEA002343F000436C
:10B2000023FA02F07047004207D54FEA4001B1F13E
:10B21000FE4F02D24FF00000704710B500F0E9F881
:10B2200049922480002070476FEA20007047000098
:10B2300010F0004148BF4042B0FA80F310FA03F228
:10B24000C3F19D030BD051EAC35101EB1220530609
:10B2500038BF704700F1010008BF20F001007047BF
:10B26000B0FA80F310FA03F2C3F19D030AD0D905B6
:10B2700001EB1220530638BF704700F1010008BFF0
:10B2800020F001007047000050EA010C00F113802B
:10B290001CF5000F58BFBCF5000F01D48842704761
:10B2A00007D710F5000F58BF11F5000F15D48842CD
:10B2B0007047894270471CF5000F04D5BCF5000F9C
:10B2C000F7D5814270474FF0807C1CEB400F38BFB0
:10B2D0001CEB410F01D28142704710B500F089F894
:10B2E000922449004FF000504FF08051FFF796BE76
:10B2F0004FF47F0C1CEAD0121EBF1CEAD11392EA55
:10B300000C0F93EA0C0F00F0478090EA010F48BF42
:10B3100042F480724FF0004C4CEA00204CEA0121CC
:10B3200002EB0302A0FB0113A2F50002002918BFE3
:10B3300043F001035B0028BF4FEA330342EB224294
:10B340005FEA132C4CEBC2502EBFBCEB436FB2F53F
:10B350007C0F70474FEA036CBCF1004F08BF20F030
:10B360000100B2F57C0F38BF70470BD582F0FF02A9
:10B3700012F5803FC8BF704700F1C040D8BF00F051
:10B380000040704700F5000C5FEA4C0C48BF704766
:10B39000B0F1C04000F073B890EA010F0CEAD1138D
:10B3A00048BF42F48072624538BF634504D280EAE8
:10B3B000010000F00040704710B500F01AF800BF1F
:10B3C0008900013E00F007B800F009B85FEA410CBF
:10B3D0005FEA1C6C08D080EA010000F050B85FEA18
:10B3E000400C5FEA1C6CF6D14FF00040A0F58000E5
:10B3F00070470EF1020E2EF0030E5EF8044B24424D
:10B4000004D44FEA4102B2F17F4F11D84FEA400312
:10B41000B3F17F4F0CD80ED14FEAD07CB2F17F4F01
:10B420000CEB4C0C0CF1020C08BF4CEBD17C04E093
:10B430004FF0080C01E04FEAD17C0CEB4C0324FAEE
:10B4400003F404F00704B4F1040C06D20EEB840CF0
:10B45000BDE810404CF0010C6047DFE80CF0070835
:10B4600002024FF00040A0F5800010BD08464200E7
:10B4700018BFD2F1807288BF00F0004010BDFF21DC
:10B4800041EAD050C005704751EA000C00F113802A
:10B490001CF5000F58BFBCF5000F01D48142704766
:10B4A00007D711F5000F58BF10F5000F15D48142D2
:10B4B0007047894270471CF5000F04D5BCF5000F9A
:10B4C000F7D5884270474FF0807C1CEB410F38BFA6
:10B4D0001CEB400F01D28842704780EA010081EAEC
:10B4E000000180EA0100FFF7F8BE00005FEA400CAF
:10B4F0005FEA1C6CBCF17F0314D4D3F1170240F354
:10B500001C804FF0010C0CFA02FCACF1010303406B
:10B51000B3EB5C0220EA030008BF10EA0C0F88BFFF
:10B5200060447047B3F1FF3F28BF5FEA002C00F092
:10B53000004088BF40F07E507047BCF1FF0FB8BF9D
:10B54000704710B5FFF755FF40DBB6BE80F00040F6
:10B5500090EA010F7FF501AD81F0004100F007B8DE
:10B5600090EA010F48BF81F000413FF5F6AC421A66
:10B5700004D882F00042A0EB020011444FEAD052FE
:10B580004FF07F4C1CEA410FA2EBD15318BF9CEA4D
:10B59000026F4AD04FF0004C4CEA00204CEA0121E7
:10B5A00021FA03FCB0EB0C0C0FD412F0FE0F36D0D6
:10B5B0005FEA4C001DD5001240EBC25038BF704707
:10B5C0001CF03F0F18BF70470BE0A2F101025FEAC9
:10B5D0001C2040EBC25038BF70471CF07F0F18BFD3
:10B5E0007047C3F12003994014BF401E20F00100B2
:10B5F000704780084FEA122308BF7047B0FA80FCFA
:10B60000A2EB0C02CCF1280C60FA0CF093EA122F9A
:10B6100004BF00EBC25070474FEAC3707047130A73
:10B620005FEADC1008BF7047F6E79CEA026F04D0BF
:10B6300010EA5C0F08BF0020704710B5FFF7D9FE75
:10B6400040DFF63E81F000407047F5F74DB90CF051
:10B650000F03092B08BF082000F07F800A2B0BD0B6
:10B66000082B18BF704708BF1CF0400F0AD04FF0DE
:10B6700000004FF0000170471CF0400F18BF4FF062
:10B68000004070471CF0100F08D020F0704300F00D
:10B690007F4242EAD3014FEA4370704700F06040B6
:10B6A00021F07F4242EA000201F07F4040EA7270DE
:10B6B00070474FF0FF0C4CF4E06C1CEA11531CBFB8
:10B6C0009CEA030C9445C2BFDA4201EB0251704779
:10B6D000002B0DD0BCF1000F0FD0002A01F000416B
:10B6E000A4BF41F0E04141F07F614FF0000070479E
:10B6F00001F000414FF00000704750EA01334FF075
:10B700009B0C18BF4CF0806C7EF4E2AE70474FF09B
:10B71000FF0212EAD0521CBF92F0FF038B42C2BF5D
:10B72000D14200EBC1507047002A0AD0002B0BD049
:10B73000002900F00040A4BF40F0FE4040F40000AB
:10B74000704700F00040704743024FF00B0C18BFE9
:10B750004CF0806C7FF45CAC70471CF4801F11D0FF
:10B760001CF4E02F03D06FEACC31490070474FF052
:10B770004050EFF3008222F0704242EA000282F36E
:10B78000008870474FF00000704701020203040573
:10B79000060708090A0B0C0D0E0F10100102020318
:10B7A0000405060708090A0B0C0D0E0F1010000007
:10B7B0000000000000000102030406070809000061
:10B7C000000001020304000000000000000000006F
:10B7D0000000000000003F400000000000000000EA
:10B7E0003000400030004000000009000BC03D0068
:10B7F0000BC03D00090018C024407FE0224031808A
:10B800000000180024C01B000D803240018003801E
:10B810001C4027401C8007400040100060000000D2
:10B820000000000000000000000000001F80204019
:10B8300040200000402020401F8000000000090040
:10B8400006001F80060009000000040004003F807D
:10B850000400040000000010006000000000000070
:10B8600000000400040004000400040000000000C4
:10B8700000400000000000000000002001C00600A1
:10B880003800400000001F802040204020401F80E2
:10B890000000000010403FC000400000000018C041
:10B8A00021402240244018400000108020402440C5
:10B8B00024401B80000002000D0011003FC0014029
:10B8C00000003C80244024402440238000001F804E
:10B8D000244024403440038000003000200027C072
:10B8E0003800200000001B802440244024401B809E
:10B8F00000001C0022C0224022401F8000000000E7
:10B90000000008400000000000000000000004608B
:10B91000000000000000000004000A001100208068
:10B92000404009000900090009000900000000006A
:10B930004040208011000A0004001800200023402D
:10B940002400180000001F802040274029401F408D
:10B950000000004007C039000F0001C00040204037
:10B960003FC0244024401B8000001F802040204016
:10B9700020403080000020403FC0204020401F80F9
:10B98000000020403FC024402E4030C00000204036
:10B990003FC024402E00300000000F0010802040E7
:10B9A00022403380020020403FC0040004003FC01A
:10B9B0002040204020403FC0204020400000006048
:10B9C000202020203FC02000200020403FC02440F5
:10B9D0000B0030C0204020403FC0204000400040CD
:10B9E00000C03FC03C0003C03C003FC000002040FE
:10B9F0003FC00C4023003FC020001F80204020405B
:10BA000020401F80000020403FC024402400180038
:10BA100000001F802140214020E01FA000002040A6
:10BA20003FC02440260019C0004018C024402440D4
:10BA3000224031800000300020403FC020403000D4
:10BA4000000020003F80004000403F802000200098
:10BA50003E0001C0070038002000380007C03C004D
:10BA600007C038000000204039C0060039C020401F
:10BA700000002000384007C038402000000030405F
:10BA800021C02640384020C00000000000007FE0B8
:10BA9000402040200000000070000C0003800040A7
:10BAA00000000000402040207FE000000000000077
:10BAB00020004000200000000000001000100010D6
:10BAC0000010001000100000000040000000000006
:10BAD0000000000002800540054003C00040200037
:10BAE0003FC0044004400380000000000380044085
:10BAF00004400640000000000380044024403FC092
:10BB000000400000038005400540034000000000A5
:10BB100004401FC0244024402000000002E00550E3
:10BB200005500650042020403FC00440040003C0DC
:10BB300000400000044027C000400000000000104A
:10BB40000010041027E00000000020403FC001402A
:10BB5000070004C00440204020403FC00040004097
:10BB6000000007C0040007C0040003C00000044038
:10BB700007C00440040003C00040000003800440EC
:10BB8000044003800000041007F0045004400380C8
:10BB90000000000003800440045007F0001004403F
:10BBA00007C00240040004000000000006400540F9
:10BBB000054004C00000000004001F800440004055
:10BBC0000000040007800040044007C0004004005B
:10BBD000070004C0018006000400060001C0070041
:10BBE00001C006000000044006C0010006C0044079
:10BBF00000000410071004E00180060004000000AB
:10BC0000044005C00640044000000000000004009D
:10BC10007BE040200000000000000000FFF000007A
:10BC20000000000040207BE0040000000000400015
:10BC300080004000200020004000000000000000C4
:10BC400000000000000000000000000000000000F4
:10BC50001FCC000C000000000000000008003000B5
:10BC600060000800300060000000022003FC1E207D
:10BC7000022003FC1E200220000000000E18110408
:10BC80003FFF10840C78000000000F0010840F3874
:10BC900000C0077818840078000000780F8410C472
:10BCA00011240E9800E40084000808006800700069
:10BCB0000000000000000000000000000000000084
:10BCC00007E0181820044002000000004002200491
:10BCD000181807E000000000000002400240018048
:10BCE0000FF00180024002400000008000800080D0
:10BCF0000FF800800080008000000001000D000EA1
:10BD00000000000000000000000000000080008033
:10BD1000008000800080008000800000000C000C8B
:10BD200000000000000000000000000000060018F5
:10BD300000600180060018002000000007F00808DD
:10BD400010041004080807F00000000008040804AC
:10BD50001FFC000400040000000000000E0C101482
:10BD60001024104411840E0C000000000C18100464
:10BD70001104110412880C700000000000E0032080
:10BD8000042408241FFC0024000000001F981084D5
:10BD900011041104108810700000000007F00888DA
:10BDA0001104110418880070000000001C0010002D
:10BDB00010FC13001C001000000000000E3811449D
:10BDC0001084108411440E38000000000700088C15
:10BDD00010441044088807F0000000000000000034
:10BDE000030C030C00000000000000000000000134
:10BDF000010600000000000000000000008001407B
:10BE00000220041008081004000002200220022072
:10BE10000220022002200220000000001004080876
:10BE20000410022001400080000000000E001200FB
:10BE3000100C106C10800F00000003E00C1813E4CD
:10BE4000142417C4082807D000000004003C03C4D1
:10BE50001C40074000E4001C000410041FFC1104F7
:10BE6000110411040E880070000003E00C18100487
:10BE70001004100410081C10000010041FFC100413
:10BE800010041004080807F0000010041FFC11043F
:10BE9000110417C410040818000010041FFC11043A
:10BEA000110017C010000800000003E00C18100477
:10BEB000100410441C780040000010041FFC108483
:10BEC0000080008010841FFC100400001004100487
:10BED0001FFC10041004000000000003000110010A
:10BEE00010011FFE10001000000010041FFC1104C0
:10BEF00003801464181C1004000010041FFC1004BC
:10BF0000000400040004000C000010041FFC1F00CB
:10BF100000FC1F001FFC1004000010041FFC0C0498
:10BF2000030000E010181FFC100007F008081004C0
:10BF300010041004080807F0000010041FFC10840F
:10BF40001080108010800F00000007F008181024E7
:10BF50001024101C080A07F2000010041FFC110432
:10BF6000110011C011300E0C000400000E1C110451
:10BF70001084108410441C380000180010001004B5
:10BF80001FFC100410001800000010001FF810041F
:10BF90000004000410041FF8100010001E0011E03F
:10BFA000001C007013801C0010001FC0103C00E03B
:10BFB0001F0000E0103C1FC000001004180C1634D5
:10BFC00001C001C01634180C100410001C0013042A
:10BFD00000FC13041C00100000000804101C106476
:10BFE000108413041C04101800000000000000005E
:10BFF0007FFE4002400240020000000030000C00C2
:10C0000003800060001C00030000000040024002AA
:10C0100040027FFE00000000000000000000200041
:10C02000400040004000200000000001000100012D
:10C03000000100010001000100010000400040007B
:10C040002000000000000000000000000098012413
:10C0500001440144014400FC000410001FFC00885E
:10C0600001040104008800700000000000700088D6
:10C070000104010401040088000000000070008831
:10C080000104010411081FFC0004000000F8014431
:10C0900001440144014400C80000000001040104FF
:10C0A0000FFC1104110411001800000000D6012932
:10C0B0000129012901C90106000010041FFC0084A8
:10C0C00001000100010400FC000400000104190447
:10C0D00019FC00040004000000000000000300013F
:10C0E0000101190119FE0000000010041FFC0024CA
:10C0F000004001B4010C0104000000001004100411
:10C100001FFC0004000400000000010401FC010405
:10C11000010001FC0104010000FC010401FC008499
:10C1200001000100010400FC0004000000F801040B
:10C1300001040104010400F80000010101FF008571
:10C1400001040104008800700000000000700088F5
:10C1500001040104010501FF00010104010401FCC7
:10C1600000840104010001800000000000CC0124D3
:10C1700001240124012401980000000001000100B5
:10C1800007F80104010400000000010001F80004A8
:10C1900000040004010801FC00040100018001709A
:10C1A000000C001001600180010001F0010C003062
:10C1B00001C00030010C01F0010000000104018CFD
:10C1C00000740170018C0104000001010181017102
:10C1D000000E001801600180010000000184010CC4
:10C1E000013401440184010C000000000000000043
:10C1F000000001003EFC4002400200000000000080
:10C200000000FFFF000000000000000040024002AC
:10C210003EFC010000000000000000006000800003
:10C2200080004000400020002000680000047600EC
:10C230005401F7FD000175191A0C6A231B1C1F20FD
:10C240007274433B4138393A6B6C376F06246D6E1C
:10C2500070000000830000000008000000010018CA
:10C2600032000500000020410000D242295C0F3E50
:10C270009A99993E3333733F295C0F3E000070005A
:10C2800000000024000000020003000000650054CC
:10C29000FFEF0000FA80000B12820001030C30C394
:10C2A0000E8C8CE914D5400213710F8E3883F883FD
:10C2B0003000F883258EF8833000F883FFFFFFFFFE
:10C2C0000FFEA9D6240004001A8279A10000003CC8
:10C2D000FFFF00000010000038836FA2003E033013
:10C2E0004000000002CAE3093E8000002000000078
:10C2F000000000004000000060000000000C000092
:10C30000000C186E000006920A16C0DFFFFF0256EE
:10C31000FD8CD377FFE1C496E0C5BEAA0000000003
:10C32000FFFF0B2B000016570000035940000000D0
:10C3300000001DFA00026C1D000000003FFFDFEB53
:10C34000003EB3B6000D227800002F3C0000000034
:10C35000001942B5000039A20000B365D90E9FC98B
:10C360001DCF4C3430000000500000003BB67AE88E
:10C370000064000000C80000000000001000000081
:10C380001000FA921000225E000D229F00010000B2
:10C3900000320000FF46000063D4000010000000DF
:10C3A00004D6000004CC000004CC00000000107291
:10C3B0000000004000000000000000000006000235
:10C3C00000050007000000000064000000000000FD
:10C3D00000000005000500640020000000000000CF
:10C3E00000000000000040000000030000000032D8
:10C3F000F8980000FF650000830F0000FF9BFC0021
:10C40000000000000000000000000000000000002C
:10C41000000000000000000000000000000000001C
:10C4200000000000000000000000100040000000BC
:10C43000000000060000B26A000200000001FB8359
:10C440000068000000D9FC007CF1FF8300000000C0
:10C4500000650000006403E8006400280000002577
:10C460000000000016A000000000100000001000F6
:10C47000002F0000000001F4000010000028000060
:10C48000FFFF4581FFFFFA7200000000000000007E
:10C49000004400050005BAC6004778A2000000016C
:10C4A0000000000000000600000000140000254D00
:10C4B000002F706D000005AE000C02D000000000DF
:10C4C000000000000000000000000000001B000051
:10C4D00000000000000000000000000000640000F8
:10C4E0000008000000000000000000000000000044
:10C4F000000000000000000000000000000000003C
:10C50000000000000000000000000000000000002B
:10C51000000000000000000000000000000000001B
:10C52000000000000000000000000000000000000B
:10C53000000000000000000000000000001B0000E0
:10C540000000000000000000000E000E00000AC7FE
:10C550000004000000000032FFFFFF9C00000B2BD6
:10C56000000000020000000100000064FFE5000080
:10C5700000000000000000000000000000000001BA
:10C580000000000000010000000000000001800029
:10C590000001800000018000002426D3000000007C
:10C5A00000000000000600100096003C00000000A3
:10C5B0000000000000000000000000000C0A4E68AF
:10C5C000CDCF770950166759C619CE8200000000FA
:10C5D000000000000000000000000000000000005B
:10C5E0000000000017D784000300000000000000D6
:10C5F00000000000C7938F9D1E1B1C190000000047
:10C60000000000000000000000000000000000002A
:10C610000000000002031885000040000000000335
:10C6200000000003000000000000000040000000C7
:10C6300000000000000000000000000000000000FA
:10C6400000000000000000000000000000000000EA
:10C6500000000000000000000000000000000000DA
:10C66000677DDF7E72902E554CF6E6880000000054
:10C67000000000000000000000000000D8DCB4B89A
:10C68000B0D8B9ABF3F8FAB3B7BB8E9EAEF132F5C2
:10C690001BF1B4B8B08097F1A9DFDFDFAADFDFDFDD
:10C6A000F2AAC5CDC7A90CC92C97F1A9892646665F
:10C6B000B28999A92D557DB0B08AA896365676F1E3
:10C6C000BAA3B4B280C0B8A89711B28398BAA3F045
:10C6D000240844106418B2B9B49883F1A329557D95
:10C6E000BAB5B1A38393F0002850F5B2B6AA8393EC
:10C6F00028547CF1B9A3829361BAA2DADEDFDB8130
:10C700009AB9AEF5606870F1DABAA2DFD9BAA2FAC6
:10C71000B9A38292DB31BAA2D9BAA2F8DF85A4D03C
:10C72000C1BBAD83C2C5C7B8A2DFDFDFBAA0DFDF00
:10C73000DFD8D8F1B8AAB38DB4980D355DB2B6BACA
:10C74000AF8C96198F9FA70E161EB49AB8AA872C85
:10C75000547CBAA4B08AB691325676B28494A4C8F6
:10C7600008CDD8B8B4B0F19982A82D557D98A80EFF
:10C77000161EA22C547C92A4F02C5078F184A89818
:10C78000C4CDFCD80DDBA8FC2DF3D9BAA6F8DABAD3
:10C79000A6DED8BAB2B68696A6D0F3C841DAA6C845
:10C7A000F8D8B0B4B882A892F52C548898F135D94D
:10C7B000F418D8F1A2D0F8F9A884D9C7DFF8F88323
:10C7C000C5DADF69DF83C1D8F40114F1A8824EA86D
:10C7D00084F311D182F5D992289788F109F41C1CB1
:10C7E000D884A8F3C0F9D1D99782F129F40DD8F3F0
:10C7F000F9F9D1D982F4C203D8DEDF1AD8F1A2FA4E
:10C80000F9A88498D9C7DFF8F8F883C7DADF69DFB9
:10C81000F883C3D8F40114F198A8822EA884F311E8
:10C82000D182F5D992509788F109F41CD884A8F3E5
:10C83000C0F8F9D1D99782F149F40DD8F3F9F9D1BB
:10C84000D982F4C403D8DEDFD8F1AD8898CCA8092A
:10C85000F9D98292A8F57CF1883ACF944A6E98DB98
:10C860006931DAADF2DEF9D88795A8F221D1DAA5DF
:10C87000F9F417D9F1AE8ED0C0C3AE82C684C3A876
:10C880008595C8A588F2C0F1F4010EF18E9EA8C668
:10C890003E56F554F18872F40115F19845856EF510
:10C8A0008E9E0488F142985A8E9E068869F4011C77
:10C8B000F1981E1108D0F504F11E97020298362552
:10C8C000DBF9D985A5F3C1DA85A5F3DFD88595A86D
:10C8D000F309DAA5FAD88292A8F578F1881A849F2C
:10C8E00026889821DAF41DF3D8879F39D1AFD9DF94
:10C8F000DFFBF9F40CF3D8FAD0F8DAF9F9D0DFD984
:10C90000F9D8F40BD8F3879F39D1AFD9DFDFF41D05
:10C91000F3D8FAFCA869F9F9AFD0DADEFAD9F88FC2
:10C920009FA8F1CCF398DB45D9AFDFD0F8D8F18FD1
:10C930009FA8CAF38809DAAF8FCBF8D8F2AD978DEC
:10C940000CD9A5DFF9BAA6F3FAF412F2D8950DD1F5
:10C95000D9BAA6F3FADAA5F2C1BAA6F3DFD8F1BACA
:10C96000B2B68696A6D0CAF349DAA6CBF8D8B0B448
:10C97000B8D8AD84F2C0DFF18FCBC3A8B2B686962B
:10C98000C8C1CBC3F3B0B48898A821DB718D9D7169
:10C99000859521D9ADF2FAD88597A828D9F408D879
:10C9A000F28D29DAF405D9F285A4C2F2D8A88D94C3
:10C9B00001D1D9F411F2D88721D8F40AD8F2849899
:10C9C000A8C801D1D9F411D8F3A4C8BBAFD0F2DE06
:10C9D000F8F8F8F8F8F8F8F8D8F1B8F6B5B9B08A78
:10C9E00095A3DE3CA3D9F8D85CA3D9F8D87CA3D909
:10C9F000F8D8F8F9D1A5D9DFDAFAD8B18530F7D966
:10CA0000DED8F830ADDADED8F2B48C99A32D557D9E
:10CA1000A083DFDFDFB591A0F629D9FBD8A0FC29E0
:10CA2000D9FAD8A0D051D9F8D8FC51D9F9D879D9A8
:10CA3000FBD8A0D0FC79D9FAD8A1F9F9F9F9F9A075
:10CA4000DADFDFDFD8A1F8F8F8F8F8ACDEF8ADDE11
:10CA50008393AC2C547CF1A8DFDFDFF69D2CDAA0A9
:10CA6000DFD9FADB2DF8D8A850DAA0D0DED9D0F87B
:10CA7000F8F8DB55F8D8A878DAA0D0DFD9D0FAF8E2
:10CA8000F8F8F8DB7DF8D89CA88CF530DB38D9D0E5
:10CA9000DEDFA0D0DEDFD8A848DB58D9DFD0DEA0AB
:10CAA000DFD0DED8A868DB70D9DFDFA0DFDFD8F108
:10CAB000A888902C547C98A8D05C38D1DAF2AE8C3F
:10CAC000DFF9D8B087A8C1C1B188A8C6F9F9DA36AC
:10CAD000D8A8F9DA36D8A8F9DA36D8A8F9DA36D8E3
:10CAE000A8F9DA36D8F78D9DADF818DAF2AEDFD8AE
:10CAF000F7ADFA30D9A4DEF9D8F2AEDEFAF983A7A1
:10CB0000D9C3C5C7F1889BA77AADF7DEDFA4F88447
:10CB10009408A797F300AEF29819A488C6A3948846
:10CB2000F632DFF28393DB09D9F2AADFD8D8AEF868
:10CB3000F9D1DAF3A4DEA7F1889B7AD8F38494AE16
:10CB400019F9DAAAF1DFD8A881C0C3C5C7A39283B7
:10CB5000F628ADDED9F8D8A350ADD9F8D8A378AD72
:10CB6000D9F8D8F8F9D1A1DADEC3C5C7D8A1819424
:10CB7000F818F2B089ACC3C5C7F1D8B8B4B097867D
:10CB8000A8319B069907AB9728889BF00C2014408E
:10CB9000B0B4B8F0A88A9A285078B79BA8295179E0
:10CBA000247059446938644831F1BBAB88002C5477
:10CBB0007CF0B38BB8A804285078F1B088B49726DD
:10CBC000A85998BBABB38B02264666B0B8F08A9CD6
:10CBD000A82951798B2951798A2470598B20587151
:10CBE0008A4469388B3940688A6448318B3049609F
:10CBF00088F1AC002C547CF08CA804285078F18883
:10CC00009726A85998AC8C02264666F0899CA829DC
:10CC10005179247059446938644831A988092059E8
:10CC200070AB11384069A8193148608CA83C415C50
:10CC3000207C00F187981986A86E767EA999882DA8
:10CC4000557DD8B1B5B9A3DFDFDFAED0DFAAD0DE26
:10CC5000F2ABF8F9D9B087C4AAF1DFDFBBAFDFDFF1
:10CC6000B9D8B1F1A3978E60DFB084F2C8F8F9D9D2
:10CC7000DED89385F14AB183A308B5839A0810B72B
:10CC80009F10D8F1B0BAAEB08AC2B2B68E9EF1FB98
:10CC9000D9F41DD8F9D90CF1D8F8F8AD61D9AEFBAB
:10CCA000D8F40CF1D8F8F8AD19D9AEFBDFD8F416EA
:10CCB000F1D8F8AD8D61D9F4F4ACF59C9C8DDF2BE7
:10CCC000BAB6AEFAF8F40BD8F1AED0F8AD51DAAE90
:10CCD000FAF8F1D8B9B1B6A3839C08B9B1839AB573
:10CCE000AAC0FD3083B79F10B58B93F20202D1AB7F
:10CCF000DADED8F1B080BAABC0C3B284C1C3D8B158
:10CD0000B9F38BA391B609B4D9ABDEB0879CB9A3B4
:10CD1000DDF1B38B8B8B8B8BB087A3A3A3A3B28BDB
:10CD2000B69BF2A3A3A3A3A3A3A3A3A3A3F1B0873A
:10CD3000B59AA3F39BA3A3DCBAACDFB9A3A3A3A3C7
:10CD4000A3A3A3A3A3A3A3A3A3A3A3A3D8D8D8BBFC
:10CD5000B3B7F1AAF9DAFFD9809AAA28B48098A7C4
:10CD600020B79787A86688F07951F1902C870CA797
:10CD700081976293F071716085940129517990A532
:10CD8000F1284C6C870C95188578A38390284C6CFF
:10CD9000886CD8F3A28200F210A8921980A2F2D96E
:10CDA00026D8F188A84DD948D896A83980D93CD83A
:10CDB0009580A839A68698D92CDA87A72CD8A88977
:10CDC0009519A980D938D8A88939A980DA3CD8A87A
:10CDD0002EA83990D90CD8A8953198D90CD8A80983
:10CDE000D9FFD801DAFFD89539A9DA26FFD890A85B
:10CDF0000D8999A810809821DA2ED88999A83180B8
:10CE0000DA2ED8A886963180DA2ED8A8873180DA33
:10CE10002ED8A88292F34180F1D92ED8A882F31996
:10CE200080F1D92ED882ACF3C0A28022F1A62EA721
:10CE30002EA92298A829DAACDEFFD8A2F22AF1A9FD
:10CE40002E8292A8F23180A696F1D900AC8C9C0C6F
:10CE500030ACDED0DEFFD88C9CACD010ACDE809243
:10CE6000A2F24C82A8F1CAF235F19688A6D900D870
:10CE7000F1FF0000000000000CBF91BB0CBF91BB94
:10CE8000DFDFDDBBDFDFDDBB07B32F3FDDDB64BDF5
:10CE9000434C17C0A385BDBE17B7D13817B7D138DB
:10CEA0000AD7A33B000000000000803F0000000004
:10CEB0000000803F000000000AD7A33B00000000F4
:10CEC0000000803F000000000000803F00000000E4
:10CED0000000803F00000000000000000000803FD4
:10CEE0000000803F0AD7A3BB000000000000803F85
:10CEF000FFE6DB2E0000000000000000FFE6DB2E56
:10CF00000000803F000000000AD7A3BB0000803F64
:10CF10000000803F00000000000000000000803F93
:10CF20000000803F0AD7A3BB000000000000803F44
:10CF3000FFE6DB2E0000000000000000FFE6DB2E15
:10CF40000000803F000000000AD7A3BB0000803F24
:10CF5000555555555555C53F7D6FEB0312D6D4BF7A
:10CF60005544880E55C1C93F3B8F68B52882A4BF80
:10CF700088B20175E0EF493F09F7FD0DE13D023F41
:10CF80004B2D8A1C273A03C0C88A599CE52A0040C9
:10CF900059018D1B6C06E6BF82922EB1C5B8B33F16
:10CFA000000000000000F03F000000000000F83F1B
:10CFB00000000000000000000000004003B8E23F55
:10CFC000000000000000000006D0CF43EBFD4C3E07
:10CFD000033333333333E33FFFAB6FDBB66DDB3FFC
:10CFE0004D268F515555D53F01411DA96074D13F44
:10CFF00065DBC9934A86CD3FEF4E454A287ECA3F3E
:10D000003E5555555555C53F93BDBE166CC166BFBF
:10D010002CDE25AF6A56113FF16BD2C541BDBBBEB8
:10D02000D0A4BE726937663E4FBB610567ACDD3F79
:10D03000182D4454FB21E93F9BF681D20B73EF3F3F
:10D04000182D4454FB21F93FE2652F227F2B7A3CB7
:10D05000075C143326A6813CBDCBF07A8807703C70
:10D06000075C143326A6913CC4EB98999999C9BFE3
:10D07000711623FEC671BCBF6D9A74AFF2B0B3BF18
:10D080009AFDDE522DDEADBF2F6C6A2C44B4A2BFD8
:10D090000D5555555555D53FFF8300922449C23F44
:10D0A0006E204CC5CD45B73F513DD0A0660DB13F78
:10D0B000EB0D76244B7BA93F11DA22E33AAD903F8A
:10D0C0000000803F0030983F0000B53F0040D73F50
:10D0D00000000000320A7E397F661E395B991F39D5
:10D0E0000000803FF037983FF304B53FFD44D73F41
:10D0F000000000000000000002400000000000A04E
:10D100000000000005400000000000C80000000012
:10D110000C4000000000409C00000000194000008E
:10D120000020BCBE0000000034400000BFC91B8EC0
:10D1300000000004B5400000504BCFD06607E2CF9E
:10D14000010000006C4100003E8251AADFEEA734CE
:10D1500001000000D9420000DCB5A0E23A301F9780
:10D16000FFFFFFFFB4450000FD25A0C8E9A3C14FA4
:10D17000FFFFFFFFFF3F00000000008000000000F5
:10D18000FF3F0000000000800000000050726F644C
:10D190007563742049442072656164206173203096
:10D1A00020696E6469636174657320646576696380
:10D1B000652069732065697468657220696E636FA4
:10D1C0006D70617469626C65206F7220616E204DB4
:10D1D0005055333035302E0D0A0000002B434F4E92
:10D1E0004E454354494E473C3C30303A30303A305B
:10D1F000303A30303A30303A30300D0A000000001A
:10D200002B434F4E4E45435445440D0A0000000049
:10D210002B5041495241424C450D0A002B44495381
:10D22000433A535543434553530D0A002B5245414E
:10D2300044590D0A000000007B252E33663A252E46
:10D2400033663A252E33663A252E33663A252E3339
:10D25000663A252E33663A252E33663A252E3366F6
:10D260003A252E33663A252E33663A252E33663A12
:10D27000252E33663A252E33667D0D0A0000000008
:10D28000BCD2000800000020340300006C0100083C
:10D2900040D30008340300200C290000C801000816
:10D2A0001C00000043000000F8FFFFFF0C0000001E
:10D2B0000E0000000F0000002E00000012011202FC
:10D2C000021501091416791E091C1F012529438224
:10D2D00010031524F41336C21B082A0401207A54C3
:10D2E000240324803F5AFF0449C70B1C0142A812A3
:10D2F0000212031204120512061A07671209120A13
:10D30000120B120C120D120E8A0FC201191BDCD166
:10D310003512D21B081C041A2C041A1004014015E3
:10D320000AD7233C35C0414523B219028F05056257
:10D330000AD7A33BCB803F0CE910094C50000000FA
:0400000508000131BD
:00000001FF
